Target_Code,Date,Close,DeltaX,PTR_Calc,Open,High,Low,Turnover,PTR,Main_Pct,Dare_Pct,Flow_5d,ASR,CYS34,LFS,D_Pos,X90,X70,Y_Overlap,Z_Profit,HCCYF13
002409,20250912,61.86,2.85,,58.74,63.57,58.27,10.41,14.89,1.331,0.161,10.53,79.882,5.261,45.021,47.47,7.44,4.59,61.76,93.89,50.91
002409,20250915,61.12,2.84,-0.21,62.71,63.01,60.78,6.1,8.73,-0.354,-0.063,6.09,85.773,3.469,44.675,47.36,7.52,4.68,62.25,83.89,51.62
002409,20250916,61.37,2.99,0.05,61.09,61.86,60.34,3.9,5.59,0.025,-0.008,7.98,84.842,3.654,47.072,47.4,7.54,4.55,60.29,86.21,50.58
002409,20250917,61.73,2.83,0.05,61.83,62.32,61.11,4.89,7,0.06,-0.024,7.72,83.439,3.907,47.626,47.5,7.38,4.55,61.61,88.38,50.42
002409,20250918,64.04,3.27,0.16,61.79,65.19,61.77,11.13,15.93,1.149,0.143,10.51,70.458,6.717,40.957,47.98,8.42,5.15,61.18,96.27,55.05
002409,20250919,65.53,3.64,-0.04,64.06,67.69,64.06,9.02,12.91,0.6,0.018,7.16,62.676,8.021,39.337,48.36,9.75,6.11,62.67,94.54,57.17
002409,20250922,66.35,2.83,0.01,65.72,66.83,65.31,6.55,9.38,-0.162,0.046,8.29,57.615,8.44,40.755,48.34,9.84,7.01,71.18,94.81,57.2
002409,20250923,66.78,3.05,0.03,66.89,67.05,64.94,6.48,9.27,-0.045,-0.012,7.19,56.926,8.177,41.902,48.29,9.64,6.59,68.4,96.5,57.18
002409,20250924,70.86,4.93,0.01,66.97,72.16,66.72,11.58,16.56,0.754,0.108,8.84,34.508,12.597,38.083,49.02,12.46,7.53,60.38,97.1,60.6
002409,20250925,72.3,4.69,-0.01,70.92,73.41,70.92,14,11.65,0.372,0.131,6.66,34.966,13.067,38.836,49.13,13.28,8.59,64.73,96.51,61.07
002409,20250926,72.06,4.01,-0.17,71.61,75.8,71.44,8.43,12.06,0.528,0.102,6.9,41.947,11.054,39.215,49.31,14.17,10.16,71.69,87.96,61.63
002409,20250929,72.9,3.46,0.05,72.79,73.79,71.82,68,8.12,-0.095,-0.005,6.97,40.598,11.246,41.95,49.28,13.89,10.43,75.09,90.26,60.39
002409,20250930,73.75,3.52,-0.01,73.99,75.93,73.03,7.89,11.28,-0.118,0.096,6.8,41.743,10.967,41.917,49.45,14.33,10.81,75.42,89.96,60.74
002409,20251009,81.13,4.26,0.2,78,81.13,77.89,5.32,7.61,0.942,0.038,7.94,21.071,20.277,44.313,50.08,15.47,11.21,72.47,100,59.41
002409,20251010,84.94,6.34,-0.07,80,86.66,79.49,15.32,21.93,0.998,0.092,8.41,20.634,20.308,37.034,50.62,20.11,13.77,68.44,96.3,64.74
002409,20251013,84,3.81,-0.06,81.01,84.53,80,10.02,14.34,0.29,-0.088,6.76,30.512,16.315,37.121,50.82,19.46,15.65,80.39,93.47,65.54
002409,20251014,76.65,3.22,-0.61,86.11,88.12,76,12.46,17.83,-0.15,-0.114,5.29,50.541,3.952,35.512,50.71,19.22,16,83.24,62.46,67.54
002409,20251015,75.95,4.5,-0.01,76.65,77.2,73.35,7.77,11.12,-0.331,-0.104,4.25,51.94,2.633,37.998,50.35,19.12,14.62,76.45,61.94,66.53
002409,20251016,76.87,5.1,0.02,75.75,78.98,75,7.45,10.66,0.429,0.099,3.26,58.915,3.555,40.04,50.7,19.08,13.98,73.28,63.17,65.53
002409,20251017,72.75,5.83,-0.46,76.54,76.6,72.53,5.98,8.56,-0.427,-0.115,-1.57,51.144,-2.039,42.716,50.24,18.74,12.91,68.88,40.07,63.87
002409,20251020,75.84,6.26,0.36,75,78.58,73.5,6.99,10,0.461,0.091,-0.52,61.475,1.972,43.764,50.62,18.46,12.2,66.1,58.37,63.06
002409,20251021,77.58,6.45,0.15,77.7,80.46,76.6,6.78,9.71,0.212,0.049,1.94,68.616,3.892,44.664,50.8,17.9,11.45,63.94,66.05,62.26
002409,20251022,75.78,6.64,-0.26,76.28,77.32,74.94,17,5.96,-0.172,-0.053,3.28,65.88,1.376,47.775,50.63,17.99,11.35,63.1,53.06,60.01
002409,20251023,75.35,7.67,-0.05,75.5,75.6,73.61,3.38,4.83,-0.176,-0.019,-0.66,66.113,0.758,50.941,50.55,17.55,9.88,56.31,50.64,57.55
002409,20251024,80.02,9.01,0.59,76.7,80.29,76.03,7.74,11.08,0.706,0.035,6.86,73.603,6.455,48.436,51.06,17.39,8.38,48.2,80.52,58.32
002409,20251027,83.06,9.42,0.13,84.1,85,81,9.8,14.02,-0.289,0.064,1.94,63.089,8.859,44.635,51.24,16.71,7.29,43.65,86.98,60.3
002409,20251028,81.14,9.54,-0.23,81.01,82.91,79.6,7.73,11.06,0.11,-0.052,0.84,75.957,5.641,44.129,51.02,16.45,6.91,41.9,75.07,60.57
002409,20251029,81.88,9.52,0.07,81.1,82.66,80.32,5.62,8.04,0.223,0.002,2.97,74.03,6.108,45.787,51.26,16.26,6.74,41.45,78.8,59.45
002409,20251030,82.82,8.82,0.07,84,85.5,80.7,9.26,13.25,0.584,0.059,5.82,72.731,6.236,43.417,51.84,15.53,6.71,43.22,82.44,60.86
002409,20251031,77.39,7.85,-0.89,80.7,80.76,77.09,7.91,10.95,-0.769,-0.063,-0.29,82.713,-0.878,43.12,46.3,14.14,6.29,44.51,41.45,60.97
002409,20251103,77.41,7.42,0.06,77.3,78.83,73,7.42,10.28,0.185,0.003,1.44,84.271,-0.76,43.373,46.33,13.51,6.09,45.1,44.15,60.78
002409,20251104,76.18,7.4,-0.2,77.9,78.56,75.21,3.72,5.14,0.102,-0.02,1.76,79.357,-2.275,47.089,46.24,13.27,5.87,44.27,34.95,58.36
002409,20251105,74.42,6.86,-0.23,73.51,75.18,73.28,3.87,5.36,0.067,-0.001,1.01,69.124,-4.266,49.747,46.16,12.78,5.92,46.35,24.47,56.34
002409,20251106,77,6.59,0.44,76.94,77.32,75.38,4.45,6.16,0.253,0.077,-1.03,85.11,-0.885,51.04,46.26,12.29,5.7,46.37,44.68,54.97
002409,20251107,75.63,5.51,-0.25,75.51,77.06,74.34,4.14,5.73,-0.17,-0.042,3.53,79.915,-2.491,52.302,46.24,11.23,5.72,50.95,33.35,53.56
002409,20251110,81.36,3.75,0.91,77.31,83.19,77.31,11.43,15.83,1.487,0.09,10.99,87.443,4.514,44.817,47.06,9,5.25,58.38,76.18,57.44
002409,20251111,79.65,3.32,-0.39,81.1,83.1,79.28,7.99,11.06,-0.16,-0.009,8.02,91.517,1.955,43.692,47.02,8.35,5.03,60.25,57.99,58.22
002409,20251112,78.53,3.09,-0.16,79,79.96,76.25,5.46,7.55,0.136,-0.002,7.99,92.392,0.458,45.42,47,7.9,4.81,60.91,50.46,57.24
002409,20251113,79.69,2.91,0.15,78.5,82.88,78.5,6.21,8.59,0.548,0.077,8.95,93.122,1.837,45.892,47.29,7.49,4.58,61.11,57.5,56.89
002409,20251114,73.09,2.42,-1.06,77.84,77.84,73.04,8.75,12.12,-1.642,-0.182,2.04,64.982,-6.189,43.665,46.69,7.11,4.69,65.98,8.16,58.26
002409,20251117,74.38,2.19,0.17,74.32,76.5,73.81,5.15,7.13,0.708,0.017,-2,78.483,-4.216,45.71,46.92,6.92,4.73,68.34,15.96,57.08
002409,20251118,73.4,2.15,-0.15,74.26,75.89,72.97,3.92,5.42,-0.303,-0.049,-3.4,71.06,-5.218,48.511,46.87,6.87,4.72,68.62,9.08,55.25
002409,20251119,71.88,2.28,-0.08,72.92,74.4,71.5,4.34,6,-0.169,-0.062,-5.68,60.107,-6.803,50.109,46.81,7.32,5.04,68.95,5.4,53.94
002409,20251120,70.6,2.48,-0.02,73.32,73.65,70.37,3.28,4.54,-0.212,-0.045,-12.89,52.107,-8.168,52.528,46.71,7.73,5.25,67.89,4.36,52.07
002409,20251121,66.89,3.8,-0.02,68.01,69.14,66.7,4.68,6.47,-0.036,-0.021,-1.14,19.293,-12.255,52.511,46.65,9.21,5.41,58.78,3.42,51.43
002409,20251124,68.9,4.62,0.14,68,69.46,67,3.8,5.25,0.31,0.01,-5.74,41.363,-9.096,53.565,46.78,10.38,5.76,55.5,10.17,50.23
002409,20251125,68.97,4.27,0,70.81,71.21,68.8,3.79,5.25,-0.075,0.039,-2.61,44.297,-8.599,54.28,46.78,10.18,5.91,58.07,10.2,49.18
002409,20251126,68.12,4.1,-0.05,68.18,69.08,67.76,2.69,3.72,-0.012,-0.032,-0.89,38.333,-9.366,56.299,46.72,10.18,6.08,59.72,7.84,47.43
002409,20251127,67.45,3.24,-0.07,68.14,69.97,67.37,3.55,4.91,-0.141,-0.033,0.16,34.582,-9.776,56.48,46.76,10.08,6.84,67.81,4.59,46.55
002409,20251128,69.42,2.17,0.3,67.99,70.16,67.16,3.99,5.53,0.399,0.017,5.56,53.976,-6.674,55.834,46.98,10.25,8.08,78.84,18.62,46.12
002409,20251201,71.4,2.13,0.19,70.28,71.43,69.88,3.97,5.5,0.145,0.03,3.81,68.836,-3.728,55.296,47.14,10.02,7.89,78.71,27.73,45.73
002409,20251202,70.38,2.11,-0.1,70.69,71.47,70.01,2.51,3.47,-0.12,-0.016,2.94,63.908,-4.919,57.088,47.13,10.05,7.94,79,23.22,44.22
002409,20251203,69.88,2.3,-0.06,70.08,70.7,69.28,2.21,3.05,-0.049,-0.047,2.31,61.129,-5.411,58.903,47.06,10.05,7.75,77.07,20.46,42.63
002409,20251204,70.4,2.23,0.11,69.87,70.9,68.5,2.66,3.68,0.155,0.025,6.89,65.493,-4.498,59.43,47.06,9.98,7.75,77.68,25.43,41.58
002409,20251205,70.03,2.41,-0.05,70.49,70.83,68.9,2.15,2.98,-0.128,-0.059,-0.86,63.716,-4.841,60.651,47.01,10.01,7.6,75.91,22.95,40.22
002409,20251208,72.37,2.54,0.32,70.15,73.23,70.1,4.7,6.5,0.482,0.057,4.23,77.779,-1.42,56.804,47.27,10.01,7.47,74.63,38.15,41.21
002409,20251209,71.28,2.59,-0.11,71.82,72.47,70.85,2.52,3.49,-0.303,-0.029,1.45,73.497,-2.801,57.806,47.22,9.78,7.19,73.48,32.77,40.2
002409,20251210,71.26,2.77,0.02,70.99,71.62,69.33,2.61,3.62,0.036,-0.012,2.97,74.115,-2.699,58.32,47.17,9.81,7.04,71.74,33.94,39.38
002409,20251211,70.02,2.74,-0.28,71.9,71.99,69.96,2.33,3.22,-0.172,-0.007,-1.61,68.211,-4.274,59.163,47.05,9.58,6.84,71.45,20.88,38.41
002409,20251212,71.94,2.92,0.44,70,72.34,69.1,3.47,4.8,0.318,0.049,5.07,78.52,-1.474,57.507,47.11,9.64,6.72,69.69,41.74,38.55
002409,20251215,72.65,2.96,0.1,71,73.55,70.51,4.44,6.15,0.228,0.043,2.01,82.764,-0.379,54.483,47.38,9.49,6.53,68.84,46.57,39.55
002409,20251216,71.1,3.14,-0.26,72,72.14,69.72,3.13,4.34,0.054,-0.027,6.31,76.739,-2.405,54.626,47.39,9.51,6.37,66.99,34.08,39.26
002409,20251217,72.21,3.1,0.27,71,72.68,69.85,3.09,4.28,0.172,0.011,7.83,81.829,-0.79,54.761,47.47,9.33,6.23,66.82,46.89,38.97
002409,20251218,71.35,3.27,-0.21,71.38,74.15,71.19,3.53,4.89,-0.079,-0.022,8.06,79.201,-1.855,54.042,47.54,9.38,6.11,65.15,36.8,39.1
002409,20251219,69.95,3.25,-0.42,72.78,73.57,69.78,4.24,5.88,-0.587,-0.055,-2.38,74.138,-3.651,52.272,47.32,9.2,5.95,64.73,16.85,39.85
002409,20251222,73.64,3.56,0.88,70.49,74.99,70.3,6.14,8.5,1.125,0.077,6.27,89.918,1.51,48.093,47.79,9.25,5.69,61.51,58.83,42.16
002409,20251223,73.74,3.76,0,73.5,74.61,73.15,3.38,4.68,-0.047,-0.045,5.12,90.658,1.561,49.518,47.73,9.09,5.33,58.58,58.95,41.77
002409,20251224,74.99,3.89,0.22,74.03,74.99,73.2,3.7,5.12,0.041,0.064,4.37,94.102,3.111,50.088,47.85,9.12,5.23,57.38,69.29,41.71
002409,20251225,74.6,3.76,-0.1,75.55,76.7,74.34,3.79,5.24,-0.177,-0.013,3.52,93.833,2.36,50.381,47.9,8.96,5.2,58.05,64.47,41.73
002409,20251226,74.02,3.93,-0.15,74.91,75.48,73.5,3.06,4.23,-0.273,-0.034,6.58,92.556,1.448,51.767,47.83,8.99,5.06,56.31,57.47,41.12
002409,20251229,72.91,3.91,-0.28,73.7,74.57,72.7,3.52,4.88,-0.405,-0.018,-9.87,89.104,-0.102,52.015,47.68,8.83,4.92,55.71,44.13,40.98
002409,20251230,72.55,4.1,-0.07,72.51,74.17,72.3,3.18,4.4,-0.032,-0.02,-9.47,88.324,-0.561,52.757,47.74,8.86,4.76,53.79,40.68,40.56
002409,20251231,74.1,3.95,0.38,74.89,77.17,72.46,6.66,9.22,0.814,0.051,-0.7,93.747,1.322,47.805,48.08,8.54,4.59,53.79,58.72,43.21
002409,20260105,77.77,3.78,0.5,76,79.09,75.25,6.84,9.47,0.206,0.088,3.15,88.195,5.721,44.61,48.32,8.46,4.68,55.33,83.07,45.58
002409,20260106,82.03,3.29,0.21,78,84.43,77.21,8.69,12.03,0.746,0.06,8.94,53.38,10.153,40.636,48.82,8.86,5.57,62.91,93.28,49.04
002409,20260107,88.63,4.69,0.06,87.01,90.23,84.47,13.73,19,1.405,0.016,12.41,26.413,14.705,33.874,49.69,12.06,7.37,61.12,96.14,55.67
002409,20260108,86.22,2.92,-0.32,91.07,92.29,85.33,12.29,17.01,-0.593,-0.12,7.74,42.837,8.695,31.995,49.31,12.76,9.84,77.18,80.56,59.66
002409,20260109,86.8,2.72,0.07,85.01,86.9,83.9,7.57,10.48,-0.06,-0.004,5.07,45.69,8.433,34.774,49.43,12.62,9.9,78.45,83.92,59.78
002409,20260112,89.4,2.59,0.11,87.69,92.1,86.96,8.58,11.87,0.492,0.052,5.6,44.816,10.237,36.057,49.8,13.04,10.45,80.17,89.35,60.5
002409,20260113,88.45,2.48,-0.2,88.8,93.2,88.11,6.74,9.32,0.179,-0.009,4.03,50.381,8.094,38.58,49.79,13.15,10.67,81.12,79.31,59.96
002409,20260114,86.92,2.79,-0.24,89.92,90.79,85.81,7.24,10.02,-0.069,-0.045,-0.58,57.375,5.346,40.011,49.62,13.24,10.45,78.95,67.39,59.82
002409,20260115,92.68,2.73,0.63,86.12,92.69,86,7.9,10.93,0.763,0.086,5.89,52.178,11.284,40.496,50.07,13.15,10.42,79.22,99.09,60.12
002409,20260116,96.51,3.15,0,92,97.32,91.13,8.44,11.69,0.383,0.109,7.83,42.868,14.096,40.428,50.59,14.21,11.06,77.78,98.89,60.69
002409,20260119,98.59,4.75,-0.08,99.98,100.94,97.12,8.39,11.62,0.364,-0.003,7.12,36.87,14.225,40.504,50.84,16.68,11.93,71.55,94.98,61.13
002409,20260120,97.66,4.26,-0.07,98,98.88,94.8,5.78,8,-0.043,-0.058,6.27,45.678,11.935,42.911,50.73,16.85,12.59,74.71,91.62,59.92
002409,20260121,97.1,3.41,-0.12,97.14,99.98,96,5.54,7.67,-0.431,-0.061,4.66,51.335,10.316,44.888,50.66,16.95,13.54,79.88,85.74,58.74
002409,20260122,94.99,4.06,-0.22,99.97,100.3,94,5.56,7.69,-0.351,-0.077,-0.63,62.94,7.012,46.301,50.43,16.82,12.76,75.85,74.72,57.74
002409,20260123,94.71,4.88,0,93.88,94.78,92.35,4.92,6.81,-0.243,-0.088,-5.1,65.598,6.231,47.964,50.28,16.45,11.57,70.35,74.65,56.48
002409,20260126,92.01,4.7,-0.25,94.91,95.65,91.3,4.58,6.34,-0.061,-0.09,-9.48,70.943,2.875,49.522,50.14,16.58,11.88,71.64,62.35,55.17
002409,20260127,93,6.73,0.11,91.34,93.87,90,4.14,5.74,0.204,0.01,-8.17,71.717,3.79,51.126,50.25,16.15,9.42,58.35,67.88,53.74
002409,20260128,97.99,7.89,0.43,93.89,98.64,93.4,6.77,9.38,0.517,0.027,-0.88,60.547,8.604,49.136,50.64,15.92,8.03,50.44,89.58,54.33
002409,20260129,94.69,8.15,-0.41,97.7,98.63,94.68,4.57,6.33,-0.249,-0.043,-0.03,72.889,4.485,50.237,50.59,16.04,7.89,49.15,68.97,53.31
002409,20260130,96.29,8.47,0.18,94.14,97.8,92.55,5.33,7.38,0.317,0.032,4.77,70.096,5.831,50.086,50.72,15.75,7.28,46.23,77.85,52.95
002409,20260202,88.05,8.84,-0.9,94.43,95.6,87.91,5.81,8.04,-0.589,-0.062,1.37,63.617,-3.248,49.361,50.27,15.52,6.68,43.07,32.75,52.99
002409,20260203,91.1,9.09,0.3,90.88,91.38,88.7,3.54,4.9,0.106,-0.004,0.65,79.128,0.104,51.521,50.29,15.58,6.49,41.63,47.62,51.42
002409,20260204,89.29,8.78,-0.2,90.65,90.67,88.09,2.87,3.97,-0.129,-0.045,-5.36,73.846,-1.837,53.995,50.2,15.29,6.51,42.58,37.62,49.55
002409,20260205,88.64,8.82,-0.05,86.86,89.49,85.21,3.26,4.51,0.003,-0.016,-3.12,71.145,-2.38,55.292,50.13,15.35,6.53,42.57,35.08,48.18
002409,20260206,87.4,9.12,-0.11,87.35,88.8,86.01,2.19,3.03,-0.098,-0.054,-9.7,64.672,-3.622,57.79,50.15,15.41,6.29,40.81,29.41,46.16
002409,20260209,90.39,8.76,0.37,90,90.98,89.02,3,4.15,0.176,0.047,-0.03,80.224,-0.3,58.37,50.24,15.12,6.36,42.06,48.23,44.99
002409,20260210,90.02,9.08,-0.05,90.2,90.98,88.98,2.36,3.26,-0.085,0.002,-3.07,79.933,-0.685,59.773,50.22,15.24,6.16,40.42,45.51,43.44
002409,20260211,89.65,9.08,-0.07,89.4,91.25,89.04,79,2.47,0.022,-0.015,-0.2,78.901,-1.058,61.784,50.28,15.24,6.16,40.42,42.14,41.58
002409,20260212,91.35,9.28,0.3,91.2,91.39,89.31,2.54,3.52,0.023,0.037,1.18,83.336,0.787,61.84,50.31,15.24,5.96,39.12,57.43,40.55
002409,20260213,90.15,9.27,-0.24,90.53,92.88,89.31,2.97,4.12,0.017,0.001,3.92,81.777,-0.521,60.936,50.41,15.01,5.74,38.27,45.5,40.01
002409,20260224,92.61,9.46,0.36,92,94.38,91.62,3.39,4.69,0.247,0.024,4.38,84.968,2.087,59.352,50.61,15.01,5.55,36.97,63.82,39.89
002409,20260225,94.75,9.41,0.25,92.31,95.96,90.02,4.72,6.53,0.268,0.021,8.18,83.896,4.192,55.719,50.89,14.78,5.37,36.36,76.6,40.95
002409,20260226,98.36,9.07,0.34,94.75,99.53,93.11,5.08,7.03,0.412,0.113,11.53,73.716,7.603,52.597,51.34,14.44,5.37,37.22,93.83,42.17
002409,20260227,95.97,8.98,-0.27,97.02,97.35,95.15,3.41,4.72,-0.145,-0.071,8.19,82.522,4.658,53.067,51.29,14.16,5.18,36.59,79.87,41.81
002409,20260302,97.08,8.65,0.12,94,99.15,93.8,19,5.8,0.5,0.024,11.98,80.492,5.56,52.128,51.44,13.6,4.95,36.38,85.83,42.15
002409,20260303,90.48,7.69,-0.93,97.1,98.03,90,4.99,6.91,-0.431,-0.109,4.83,87.349,-1.778,50.232,51.09,12.46,4.77,38.31,38.13,43.13
002409,20260304,90.56,6.8,0,89.38,93.38,89,3.2,4.42,0.112,-0.012,3.53,88.062,-1.569,51.633,51.12,11.61,4.81,41.44,37.97,42.47
002409,20260305,93.12,4.9,0.37,93.49,95.77,91.72,3.82,5.29,0.325,0.048,2.28,89.844,1.122,51.672,51.33,9.52,4.62,48.48,56.81,42.42
002409,20260306,92.16,4.33,-0.16,91.93,93.98,91.45,2.81,3.89,-0.076,0.003,3.78,90.402,0.082,53.301,51.28,8.74,4.41,50.41,48.66,41.53
002409,20260309,87.91,3.51,-0.58,90.2,90.59,84.67,4.6,6.36,-0.294,-0.05,-4.18,77.2,-4.29,51.583,51.11,8.29,4.78,57.67,19.07,42.25
002409,20260310,90.01,3.31,0.31,90.01,90.8,87.8,3.5,4.84,0.195,0.024,3.13,89.125,-1.887,52.102,51.17,8.08,4.77,59.09,34.83,41.96
002409,20260311,90.72,3.53,0.13,90.43,92.85,90.23,3.32,4.59,0.099,0.029,3.37,90.886,-1.042,52.751,51.28,8.11,4.58,56.51,41.29,41.54
002409,20260312,89.03,3.11,-0.33,89.99,93.65,87.81,3.2,4.43,-0.091,-0.032,-1.83,86.209,-2.76,53.396,51.3,7.71,4.6,59.63,24.38,41.08
002409,20260313,89.17,3.1,0.04,88.01,92.56,87.04,3.62,5.01,0.227,0.01,1.46,87.459,-2.41,53.138,51.41,7.51,4.41,58.64,26.44,41.03
002409,20260316,90.1,3.16,0.2,89.18,90.89,86.2,3.52,4.87,-0.089,-0.05,3.66,91.145,-1.279,53.097,51.36,7.57,4.41,58.21,36.72,40.9
002409,20260317,86.8,3,-0.47,90.07,90.66,86.68,3.14,4.35,-0.242,-0.071,-2,75.623,-4.734,53.671,51.23,7.43,4.43,59.63,12.71,40.46
002409,20260318,91.04,2.79,0.72,88.08,92.13,87.61,5.5,7.61,0.829,0.058,5.52,93.572,0.08,50.207,51.6,7.05,4.26,60.43,50.08,42.12
002409,20260319,85.15,2.53,-0.83,89.38,89.6,84.5,5.76,7.97,-0.955,-0.089,-2.55,68.988,-6.023,47.617,51.1,7.12,4.59,64.42,7.58,43.75
002409,20260320,83.06,2.74,-0.04,85.99,86.13,83.02,3.18,4.4,-0.153,-0.016,-6.2,53.815,-7.996,49.62,51.09,7.49,4.75,63.45,5.43,43.01
002409,20260323,78.55,3.81,-0.01,81.01,81.5,78,4.3,5.96,-0.121,-0.046,-6.07,17.74,-12.247,49.434,50.9,8.92,5.11,57.26,5.12,43.29
002409,20260324,78.95,5.57,0.05,79.74,79.88,76.25,2.92,4.04,-0.03,-0.016,-4.05,21.873,-11.297,51.409,50.88,11.05,5.48,49.56,7.68,42.39
002409,20260325,82.72,5.04,0.11,80.57,84.95,80.35,4,5.53,0.431,0.051,-8.96,56.718,-6.533,51.177,51.09,10.85,5.81,53.55,13.36,42.5
002409,20260326,80.93,4.48,-0.05,81.69,82.97,80.62,2.27,3.15,-0.055,-0.003,0.6,40.446,-8.262,53.758,51.06,10.53,6.05,57.43,10.94,41.14
002409,20260327,83.21,4.45,0.13,79.45,83.92,78.5,2.53,3.5,0.271,0.044,6.59,62.533,-5.351,55.267,51.19,10.84,6.39,58.98,17.81,40.15
002409,20260330,86.18,4.05,0.21,82.13,86.9,82.05,3.75,5.18,0.584,0.054,17.28,80.196,-1.697,54.21,51.36,10.66,6.61,62.01,28.62,40.32
002409,20260331,78.74,3.48,-0.45,84.43,84.43,78.7,5.12,7.08,-0.801,-0.075,5.85,34.003,-9.628,51.164,51.07,10.46,6.98,66.73,5.67,41.67
002409,20260401,79.56,2.9,0.06,81.5,81.68,78.61,3.67,5.07,-0.028,0.066,1.08,39.931,-8.245,51.394,51.15,10.5,7.6,72.35,8.85,41.58
002409,20260402,77.23,2.8,-0.11,79.56,80,76.68,2.76,3.82,-0.131,-0.02,0.08,32.142,-10.518,53.029,51.04,10.69,7.89,73.81,3.1,40.74
002409,20260403,78.15,3.03,0.05,78.02,80.12,77.65,2.67,3.7,0.201,0.005,-1.24,37.363,-9.044,54.39,51.18,10.92,7.89,72.24,5.44,39.91
002409,20260407,78.44,3,0.03,78.68,79.97,78.16,2.14,2.96,-0.042,-0.004,-10.24,40.014,-8.406,56.335,51.22,10.92,7.92,72.5,6.86,38.71
002409,20260408,83.7,2.99,0.51,81.26,83.8,81,3.66,5.07,0.51,0.031,8.16,74.592,-2.028,54.93,51.5,10.71,7.72,72.08,32.96,38.99
002409,20260409,84.45,2.98,0.07,82.65,85.78,82.27,3.26,4.51,0.145,0.047,10.31,79.389,-1.023,54.616,51.56,10.75,7.77,72.32,36.63,38.88
002409,20260410,85.43,2.94,0.07,85.25,86.66,85,3.03,4.19,0.185,0.05,14.47,83.404,0.125,54.77,51.68,10.56,7.62,72.1,40.2,38.58
002409,20260413,85.56,2.97,0.02,84.5,86.3,84.35,2.39,3.31,0.044,0.007,12.99,84.287,0.292,56.028,51.69,10.38,7.41,71.37,41.28,37.74
002409,20260414,88.09,2.94,0.25,86.85,88.64,86.26,3.83,5.3,0.31,0.048,16.87,84.955,3.077,54.213,51.95,10.42,7.48,71.86,54.22,38.29
002409,20260415,86.09,2.97,-0.23,88.96,89.5,85.6,3.04,4.21,-0.046,-0.02,9.92,86.666,0.602,54.332,51.98,10.27,7.3,71.12,42.05,38.06
002409,20260416,86.12,3.13,0.01,85.99,87.04,84.8,3.01,4.17,-0.034,-0.004,7.28,87.271,0.606,54.446,51.92,10.2,7.07,69.34,42.63,37.84
002409,20260417,85.9,2.92,-0.02,85.42,86.59,84.43,2.85,3.94,-0.103,-0.017,2.61,87.268,0.346,54.803,51.87,10.02,7.1,70.83,41.67,37.5
002409,20260420,86.46,3.1,0.1,85.89,87.88,84.79,3.21,4.44,0.112,0.014,3.39,88.721,0.96,54.353,52.01,9.94,6.84,68.8,46.84,37.52
002409,20260421,87.59,3.45,0.17,86.46,88.7,84.92,3.29,4.55,0.221,0.016,1.88,88.682,2.18,53.863,52.17,9.97,6.52,65.38,55.6,37.6
002409,20260422,90.48,3.37,0.36,87.6,91.39,87.21,4.18,5.79,0.417,0.077,8.22,84.087,5.24,51.895,52.5,9.86,6.49,65.78,74.24,38.49
002409,20260423,89.13,3.62,-0.2,92,92.54,87.5,4.27,5.92,-0.151,-0.04,5.67,87.174,3.242,50.416,52.49,9.73,6.11,62.79,63.89,39.34
002409,20260424,89.1,3.8,-0.03,89.33,91,88.66,3.16,4.38,-0.044,0.006,6.51,87.627,3.01,51.279,52.54,9.76,5.96,61.06,62.25,39.11
002409,20260427,89.12,3.95,-0.03,89.29,91.42,88.49,4.71,6.52,0.029,0.019,5.15,88.311,2.76,49.356,52.68,9.63,5.68,58.94,60.46,40.26
002409,20260428,83.62,3.63,-0.7,83,85.5,80.5,8.37,11.31,-0.198,-0.139,0,84.967,-3.029,42.959,52.34,9.37,5.74,61.27,24.02,44.27
002409,20260429,83.94,3.44,0.1,83.29,84.25,80.25,4.59,6.2,0.027,-0.012,-3.29,86.923,-2.424,44.127,44.81,9.21,5.77,62.68,28.67,44.53
002409,20260430,84.71,3.44,0.08,85.54,86.76,84.45,3.72,5.03,0.143,0.006,-0.97,89.714,-1.462,46.202,44.88,9.06,5.62,62.08,32.19,44.07
002409,20260506,90.21,3.34,0.92,87.55,92.99,87.55,6.82,9.22,0.694,0.077,4.35,87.596,4.528,43.682,45.3,8.95,5.61,62.63,73.66,46.15
002409,20260507,92.08,3.43,0.27,91.13,92.36,89.83,4.51,6.1,0.29,0.026,6.05,80.731,6.199,45.051,45.44,8.82,5.39,61.15,86.1,46.1
002409,20260508,88.86,3.45,-0.63,90.52,90.98,88.22,4.11,5.55,-0.575,-0.066,4.81,91.879,2.242,46.624,45.27,8.69,5.24,60.36,57.74,45.74
002409,20260511,94.55,3.12,0.69,92.78,97,92.33,8.44,11.41,1.073,0.03,10.77,72.198,7.637,42.416,45.6,9.06,5.94,65.62,89.34,48.81
002409,20260512,93.86,3.02,-0.11,96,96.53,92.57,5.04,6.8,-0.233,-0.058,7.51,77.509,6.15,43.812,45.53,9.08,6.06,66.67,84.16,48.8
002409,20260513,103.25,3.54,0.34,91.99,103.25,91.35,7.43,10.04,1.704,0.055,11.83,24.933,15.348,42.174,46.53,9.85,6.31,64.05,100,50.56
002409,20260514,106.9,6.47,-0.16,107,109.99,104.5,12.83,17.33,0.234,0.02,8.65,21.803,15.061,36.098,46.84,14.41,7.94,55.08,92.72,55.91
002409,20260515,107.46,5.09,-0.18,108.97,114.8,106.14,12.01,16.23,0.046,0.029,9.17,29.557,12.405,33.837,46.73,15.66,10.57,67.48,84.18,59.46
002885,20250912,15.5,3.04,,15.65,15.73,15.49,3,4.8,-0.168,-0.114,-1.02,95.957,-1.803,57.795,53.85,6.97,3.93,56.45,31.2,49.04
002885,20250915,15.41,3.07,-0.11,15.58,15.58,15.3,2.16,3.46,0.005,-0.099,0.35,94.816,-2.313,59.732,53.85,7.01,3.94,56.19,25.48,47.16
002885,20250916,15.69,3.05,0.39,15.43,15.69,15.33,3.69,5.9,0.314,0.081,6.89,98.485,-0.459,58.56,53.77,6.83,3.78,55.33,46.68,46.86
002885,20250917,15.74,3.06,0.06,15.66,15.9,15.58,3.51,5.63,0.019,0.04,8.79,98.606,-0.12,57.864,53.81,6.73,3.67,54.46,50.08,46.45
002885,20250918,15.9,3,0.15,15.73,16.5,15.51,9.62,15.4,1.517,0.132,14.26,98.68,0.842,48.142,54.51,6.44,3.44,53.39,58.36,51.68
002885,20250919,15.68,2.87,-0.31,16,16.03,15.58,4.23,6.77,-0.382,-0.101,12.21,98.656,-0.583,49.151,54.53,6.2,3.33,53.69,41.48,51.24
002885,20250922,15.93,2.89,0.36,15.74,16.05,15.67,4.48,7.18,0.306,0.064,13.69,98.829,0.974,49.54,54.66,6.1,3.21,52.73,61.26,51.08
002885,20250923,16.36,2.77,0.42,15.87,16.38,15.74,10.52,16.85,1.735,0.133,18.86,96.975,3.348,42.48,55.77,5.64,2.87,50.81,84.95,56.06
002885,20250924,17.59,3.18,0.18,16.37,17.99,16.09,22.13,35.43,3.995,0.3,24.34,63.032,8.703,29.207,57.95,7.3,4.12,56.44,95.18,68.84
002885,20250925,18.95,3.98,0.01,17.41,19.35,17.31,22.22,35.57,3.375,0.252,22.6,33.529,13.071,24.399,59.11,10.67,6.69,62.67,95.54,76.51
002885,20250926,19.16,2.1,-0.08,18.76,19.6,18.46,17.6,28.17,0.588,0.029,19.61,43.45,11.078,24.916,59.02,11.26,9.16,81.37,90.77,78.9
002885,20250929,18.96,1.6,-0.15,19.15,19.35,18.7,8.74,13.99,0.13,-0.079,18.25,50.486,8.657,30.019,59.03,11.26,9.66,85.85,81.77,76.63
002885,20250930,18.63,1.85,-0.27,19.08,19.43,18.55,7.33,11.74,-0.05,-0.095,15.56,57.812,5.965,34.584,58.94,11.06,9.21,83.22,66.06,74.17
002885,20251009,18.65,2.34,-0.08,19.11,19.96,18.59,8.18,13.1,0.059,0,9.69,61.523,5.262,37.349,58.83,11.6,9.26,79.85,61.26,72.6
002885,20251010,20.52,2.66,0.64,18.64,20.52,18.36,12.92,20.69,3.298,0.059,10.33,50.399,13.852,35.977,60.97,12.24,9.58,78.24,100,73.84
002885,20251013,21.11,3.89,-0.08,19.6,21.65,19.17,22.13,35.43,0.592,0.186,10.03,46.316,13.157,29.538,63.09,15.15,11.26,74.34,95.11,79.44
002885,20251014,21.7,6.78,-0.23,23.09,23.22,21.12,27.31,43.71,2.958,0.304,11.79,48.425,9.275,24.054,65.87,18.56,11.78,63.48,80.02,84.99
002885,20251015,23.87,8.63,0.29,21.46,23.87,21.28,20.69,33.13,3.253,0.135,13.23,39.408,16.251,24.491,67.85,19.14,10.51,54.94,100,85.59
002885,20251016,26.26,10.05,0,26.26,26.26,25.55,13.39,21.43,0.207,0.059,10.85,15.972,22.552,28.11,67.32,22.78,12.73,55.88,100,83.5
002885,20251017,24.38,6.03,-0.58,25.99,26.78,24.13,30.6,48.98,0.163,-0.327,6.43,59.021,7.264,22.631,66.2,18.44,12.41,67.3,61.82,88.31
002885,20251020,23.97,7.29,-0.08,24.75,24.76,23.16,17.52,28.05,-0.591,-0.184,5.14,66.344,3.978,25.333,65.41,17.58,10.29,58.53,56.51,86.7
002885,20251021,24.9,7.91,0.15,24.11,26.37,23.7,24.22,38.77,0.545,0.105,3.04,72.602,6.195,24.226,66.31,16.21,8.3,51.19,66.22,87.77
002885,20251022,24.21,9.02,-0.36,24.65,25.73,23.99,20.36,32.6,0.288,0,0.4,81.681,2.274,25.268,66.27,14.86,5.84,39.3,42.3,87.21
002885,20251023,22.19,4.27,-0.37,23.5,23.69,21.9,18.82,30.13,-1.119,-0.12,-1.03,49.695,-5.563,26.58,63.67,11.41,7.14,62.61,18.72,86.37
002885,20251024,23.32,4.1,0.32,22.9,23.95,22.55,15.09,24.16,-0.106,0.146,-1.08,79.227,-0.474,29.067,63.04,10.56,6.46,61.15,38.94,84.63
002885,20251027,24.56,3.79,0.37,24.41,25.6,24,16.03,25.67,0.223,0.026,0.22,88.31,3.968,30.21,62.97,9.48,5.69,60.06,62.42,83.73
002885,20251028,24.68,3.35,-0.02,24.5,25.62,24.27,11.29,18.07,-0.186,-0.028,-1.14,89.633,3.925,33.331,62.89,8.75,5.4,61.68,61.41,81.4
002885,20251029,25.52,2.97,0.33,24.55,26.28,24.55,13.36,21.39,0.983,-0.029,-0.06,81.677,6.572,34.28,63.91,8.35,5.38,64.47,82.37,80.45
002885,20251030,24.52,3.06,-0.68,25.53,26.22,24.43,12.85,20.64,-0.802,-0.071,0.43,94.198,1.713,35.138,59.26,7.81,4.75,60.85,42.21,79.57
002885,20251031,24.23,3.74,-0.27,24.43,26.97,24,25.24,40.52,1.926,-0.089,3.42,94.782,0.243,28.758,61.08,7.95,4.21,52.91,25.68,84.21
002885,20251103,26.65,3.39,1.12,25.44,26.65,24.88,17.22,27.65,4.157,0.092,8.72,82.181,8.603,29.282,64.16,7.42,4.03,54.38,97.47,83.89
002885,20251104,29.32,2.28,0.04,29.32,29.32,27.07,36.47,58.54,2.163,0.194,8.02,42.682,10.793,20.96,66.61,9.83,7.55,76.78,100,90.65
002885,20251105,32.25,4.55,0,28.36,32.25,27.21,34.64,55.61,1.235,-0.203,6.37,26.205,15.556,18.291,68.24,13.43,8.88,66.11,100,92.75
002885,20251106,33.96,5.17,-0.25,33.02,35.48,31.65,42.83,68.76,0.583,0.057,5.79,51.479,11.515,14.723,68.74,17.02,11.85,69.63,82.96,95.51
002885,20251107,35.96,7.22,0.07,34.13,37.36,33.18,36.69,58.9,2.195,0.114,5.65,60.921,11.546,15.114,69.78,17.35,10.13,58.4,87.53,95.13
002885,20251110,33.65,8.53,-0.64,35.6,36.38,32.8,32.48,52.14,-0.91,-0.299,2.74,79.71,1.786,16.544,68.56,14.39,5.86,40.68,43.8,94.17
002885,20251111,33.37,7.12,-0.08,33.72,35.39,31.92,27.16,43.59,1.258,-0.043,2.5,85.587,0.512,18.887,69.41,12.09,4.97,41,38.09,92.63
002885,20251112,30.03,3.98,-0.43,31.77,32.67,30.03,19.92,31.99,-0.905,-0.136,1.46,42.316,-8.184,22.585,67.93,10.21,6.23,61.03,8.84,90.14
002885,20251113,29.48,2.31,0.22,29.5,29.96,28.32,25.47,40.89,-0.222,-0.186,0.96,50.95,-7.361,22.769,66.67,11.55,9.24,80,23.74,90.07
002885,20251114,28.2,2.71,-0.27,29,29.05,27.93,17.62,28.29,-1.102,-0.237,-2.34,49.461,-9.624,25.827,64.53,11.6,8.89,76.65,6.26,87.91
002885,20251117,27.53,2.99,-0.03,28.19,28.33,27.2,12.43,19.96,0.349,-0.128,-1.2,52.621,-10.452,29.988,64.22,12.41,9.42,75.84,4.29,84.91
002885,20251118,26.88,3.45,-0.03,27.41,27.58,26.69,10.61,17.03,0.128,-0.261,-3.79,52.032,-11.329,33.726,64.41,13.17,9.72,73.87,2.15,82.06
002885,20251119,26.57,4.04,0,27.22,27.26,26.4,9.8,15.73,0.434,-0.107,-2.5,53.596,-11.234,36.761,64.78,13.6,9.56,70.25,1.95,79.56
002885,20251120,26.37,4.48,-0.01,27.01,27.48,26.21,8.88,14.26,0.212,-0.07,-2,54.761,-10.91,39.402,64.95,13.73,9.25,67.33,1.55,77.23
002885,20251121,23.9,6.33,-0.02,25.01,25.57,23.85,13.27,21.3,-0.313,-0.16,0.43,14.613,-17.032,38.32,64.09,18.05,11.72,64.91,0.39,77.41
002885,20251124,23.91,7.23,0.08,24.1,24.49,23.58,12.53,20.12,-0.845,-0.079,-2.53,25.351,-14.92,37.973,63.51,18.13,10.9,60.14,5.59,77.2
002885,20251125,25,7.77,0.33,23.95,25.54,23.95,12.21,19.6,0.966,0.239,0.98,53.267,-9.364,37.864,64.14,17.74,9.97,56.2,26.59,76.89
002885,20251126,25.56,8.33,0.13,25.31,26.24,25,13.44,21.58,0.341,0.185,1.36,65.202,-6.179,36.928,64.52,17.34,9.01,51.98,35.02,77.24
002885,20251127,25.39,8.26,-0.11,26.01,26.95,25.3,14.39,23.11,0.532,0.119,2.41,68.787,-5.9,35.677,64.63,16.54,8.28,50.1,28.08,77.93
002885,20251128,26.35,8.76,0.32,25.14,27.29,25.14,16.83,27.02,2.035,0.151,8.07,80.994,-1.452,33.411,65.28,15.51,6.75,43.54,48.75,79.52
002885,20251201,25.5,7.23,-0.32,26.18,26.6,25.31,11.54,18.52,-1.168,-0.146,7.56,79.186,-4.194,35.073,64.3,13.16,5.93,45.04,28.11,78.33
002885,20251202,24.97,6.12,-0.21,25.5,25.5,24.83,7.61,12.22,-0.227,-0.138,4.46,77.785,-5.74,38.631,63.71,11.82,5.7,48.26,14.93,75.69
002885,20251203,24.62,5.94,-0.04,25.01,25.17,24.39,6.21,9.96,-0.089,-0.082,3.22,74.709,-6.617,42.182,63.76,11.36,5.42,47.67,12.56,72.87
002885,20251204,24.06,5.45,-0.11,24.5,24.64,23.92,5.57,8.94,-0.246,-0.112,0.33,64.742,-8.243,45.278,63.5,10.9,5.45,49.95,5.4,70.19
002885,20251205,26.47,4.98,0.97,24.09,26.47,23.79,11.42,18.34,2.854,0.234,3.69,88.279,1.461,42.677,65.49,10.2,5.22,51.13,68.93,71.25
002885,20251208,26.72,4.16,0.02,27.01,27.2,26.26,16.63,26.7,-0.743,0.001,4.67,88.66,1.807,37.107,65.55,8.88,4.72,53.17,70.34,74.91
002885,20251209,26.84,3.57,-0.04,26.53,27.48,26.53,14.13,22.68,0.436,-0.036,6.07,89.026,1.973,35.5,65.94,7.97,4.4,55.15,67.53,76.14
002885,20251210,26.15,2.82,-0.36,26.77,26.8,25.6,11.43,18.36,-0.249,-0.129,5.04,94.857,-0.721,36.224,65.3,6.91,4.09,59.18,44.02,75.74
002885,20251211,25.81,3.07,-0.17,26.49,26.94,25.81,9.74,15.64,0.074,-0.058,5.55,94.388,-1.928,37.821,65.6,6.69,3.62,54.05,32.84,74.62
002885,20251212,27.51,3.3,0.8,26.8,28.3,25.65,26.41,42.4,3.244,0.221,5.75,90.188,3.508,28.529,68.53,6.92,3.62,52.23,87.4,82.07
002885,20251215,26.46,2.89,-0.68,27.42,27.8,26.46,16.49,26.48,-0.921,-0.256,4.99,98.88,-0.704,29.075,67.59,6.38,3.49,54.72,41.31,82.18
002885,20251216,25.21,2.54,-0.43,26.55,26.7,24.88,10.49,16.84,-0.277,-0.192,3.57,91.777,-5.056,32.607,66.91,6.15,3.61,58.75,12.53,79.92
002885,20251217,26.23,2.33,0.43,25.03,27.03,24.65,12.03,19.31,1.165,0.119,7.11,99.816,-0.723,34.172,67.36,5.95,3.62,60.77,41.8,78.84
002885,20251218,25.11,2.05,-0.45,26.11,26.11,25.09,9.23,14.81,-0.489,-0.162,5.7,92.602,-4.638,36.92,67.05,5.73,3.68,64.17,11.59,76.81
002885,20251219,25.5,1.88,0.14,26.5,27.3,25.21,13.26,21.29,0.047,0.073,-2.4,98.398,-2.963,36.205,67.78,5.34,3.46,64.82,21.22,77.1
002885,20251222,26.28,1.97,0.44,25.81,26.7,25.61,12.01,19.28,1.802,0.191,7.35,99.934,0.133,36.517,68.33,5.14,3.17,61.63,50.97,76.73
002885,20251223,26.8,1.91,0.34,26.2,27.43,25.51,14.93,23.97,1.154,0.091,11.39,98.876,1.938,34.865,69.22,4.88,2.97,60.84,74.63,77.82
002885,20251224,28.45,2.74,0.19,27,29.48,26.83,28.42,45.62,1.771,0.076,8.85,86.571,6.311,26.428,72.33,7.12,4.38,61.48,88.5,84.68
002885,20251225,27.53,2.44,-0.33,27.9,28.12,27.4,17.25,27.69,-1.24,-0.342,6.26,98.59,2.15,27.613,71.29,6.57,4.13,62.84,64.91,84.21
002885,20251226,28.18,2.14,0.28,27.48,28.56,26.96,19.35,31.06,0.613,0.091,6.69,95,3.811,27.428,72.37,6.15,4.01,65.24,85.5,84.65
002885,20251229,26.91,2.24,-0.72,27.87,27.97,26.68,12.83,20.6,-2.624,-0.238,-0.83,99.725,-0.999,30.474,70.98,5.81,3.57,61.36,34.16,82.64
002885,20251230,27.05,2.23,0.13,26.57,27.1,26.24,7.25,11.64,-0.068,-0.075,-3.23,99.657,-0.368,35.55,70.87,5.59,3.36,60.06,43.51,79.05
002885,20251231,25.69,2.02,-0.51,27.06,27.15,25.55,10.01,16.06,-2.091,-0.338,-15.33,90.6,-5.057,37.56,69.41,5.49,3.47,63.13,8.13,77.31
002885,20260105,25.75,1.71,0.09,25.6,25.84,25.27,7.15,11.47,-0.066,0.121,-13.72,92.211,-4.416,40.813,69.18,5.64,3.93,69.66,14.14,74.65
002885,20260106,25.91,1.7,0.08,25.75,26.32,25.68,6.93,11.13,0.36,0.243,-19.25,94.934,-3.487,43.3,69.25,5.54,3.84,69.38,19.93,72.37
002885,20260107,26.8,1.58,0.42,25.8,27.09,25.78,11.44,18.36,1.115,0.384,-1.56,99.938,0.112,41.554,70.11,5.22,3.64,69.76,49.37,72.9
002885,20260108,27.25,1.63,0.23,26.55,27.88,26.29,13.76,22.1,0.371,0.263,1.45,100,1.711,38.655,70.79,5.07,3.44,67.73,65.38,74.52
002885,20260109,27.71,1.43,0.02,28.23,28.62,27.61,19.12,30.7,1.076,0.447,12.1,99.783,2.401,33.378,71.81,5.27,3.84,72.88,67.12,78.37
002885,20260112,27.87,1.71,0.14,27.92,27.98,26.7,14.28,22.92,0.18,-0.24,10.18,99.676,2.455,33.247,71.22,5.19,3.48,67.06,76.84,78.68
002885,20260113,27.84,1.68,-0.06,27.62,28.66,26.41,20.11,32.29,0.188,-0.206,7.27,99.762,1.879,29.945,71.65,4.97,3.29,66.13,72.56,81.47
002885,20260114,28.26,2.35,0.06,27.72,29.35,27.56,20.64,33.13,0.573,0.134,5.06,98.492,2.819,27.952,72.44,5.76,3.41,59.26,76.91,83.42
002885,20260115,28.02,2.45,-0.13,27.72,28.48,27.31,12.03,19.32,-0.352,-0.203,3.06,99.663,1.746,31.114,72.39,5.6,3.15,56.29,67.34,81.44
002885,20260116,27.7,2,-0.31,29,29.18,27.69,11.36,18.23,-0.822,0.03,-1.1,99.912,0.19,33.639,72.5,5.24,3.24,61.83,44.7,79.7
002885,20260119,29.36,1.92,0.74,27.41,29.37,27.4,17.85,28.66,2.672,0.315,4.68,91.964,5.608,31.646,74.27,4.96,3.04,61.42,99.31,81.15
002885,20260120,28.26,2.24,-0.56,29.55,29.9,28.2,14.3,22.95,-1.683,-0.342,0.83,99.57,0.981,32.394,73.49,5.4,3.16,58.58,58.03,80.66
002885,20260121,29.91,3.05,0.46,28,31.09,27.38,20.79,33.37,2.38,0.233,4.77,90.121,5.996,29.406,75.27,6.44,3.39,52.73,93.02,82.98
002885,20260122,29.24,2.28,-0.25,29.83,29.99,29.08,12.81,20.56,-1.121,-0.319,2.89,96.844,2.907,31.77,74.98,5.97,3.69,61.81,74.1,81.41
002885,20260123,29.6,2.19,0.05,29.49,30.25,29.4,11.91,19.13,0.029,0.086,4.57,95.354,3.6,33.837,75.41,5.93,3.74,63.08,77.51,79.9
002885,20260126,28.75,2.06,-0.37,29.37,29.8,28.38,8.8,14.13,-0.489,-0.214,-2.87,98.754,0.446,37.065,75.03,5.71,3.65,64.02,49.8,77.46
002885,20260127,28.29,1.83,-0.16,28.52,28.56,27.3,7.09,11.38,-0.41,-0.232,0.2,99.784,-1.097,40.471,74.68,5.49,3.66,66.67,37.99,74.75
002885,20260128,27.4,1.7,-0.37,28.11,28.11,27.4,6.56,10.54,-1.148,-0.214,-14.11,95.229,-3.981,43.31,74,5.38,3.68,68.41,10.6,72.26
002885,20260129,25.85,2.52,-0.12,27.12,27.15,25.73,8.79,14.11,-0.809,-0.357,-15.07,51.919,-8.705,43.571,73.42,6.6,4.08,61.86,1.98,71.4
002885,20260130,25.54,3.45,0.03,25.55,25.87,24.72,68,9.13,-0.12,-0.087,-21.01,44.961,-9.171,46.173,73.14,7.79,4.34,55.76,4.23,69.02
002885,20260202,26.25,2.49,0.09,26.57,27.18,26.22,7.66,12.29,1,0.207,-11.4,67.832,-6.097,46.303,73.51,7.56,5.07,67.03,10.52,68.17
002885,20260203,27.3,2.23,0.3,26.4,27.3,26.2,6.32,10.15,0.801,0.102,-3.31,95.366,-2.03,47.474,73.77,7.44,5.21,70.05,32.71,66.69
002885,20260204,27.52,2.17,0.04,27.15,28.98,27.07,9.31,14.94,0.125,0.113,5.18,97.887,-1.017,45.511,73.98,7.14,4.97,69.6,35.77,67.3
002885,20260205,26.2,1.83,-0.38,27.19,27.22,26.2,5.96,9.57,-1.039,-0.102,5.62,72.758,-5.476,47.06,73.68,6.9,5.07,73.55,7.92,65.75
002885,20260206,25.99,2.17,0,25.92,26.57,25.7,4.2,6.74,-0.008,-0.031,6.73,69.362,-5.905,49.824,73.55,7.35,5.18,70.56,7.7,63.34
002885,20260209,26.41,1.99,0.13,26.5,26.59,26.11,3.6,5.79,0.236,0.055,2.01,78.532,-4.19,52.494,73.58,7.21,5.22,72.42,17.39,60.87
002885,20260210,26.23,2.12,-0.07,26.33,26.5,26.03,2.69,4.31,-0.149,-0.06,-6.17,75.976,-4.681,55.549,73.49,7.22,5.1,70.57,12.52,58.08
002885,20260211,26.56,2.07,0.18,26.23,26.89,26.03,4.23,6.8,0.4,0.037,-6.75,82.879,-3.252,55.919,73.76,7.07,5,70.73,26.03,56.77
002885,20260212,29.22,2.09,0.77,26.53,29.22,26.36,15.06,24.17,4.664,0.193,25.08,87.062,6.11,43.827,77.1,6.87,4.78,69.53,85.44,63.91
002885,20260213,29.48,1.86,-0.1,29.17,30.75,28.95,19.17,30.77,2.62,0.121,25.75,82.773,5.373,34.302,77.4,7.6,5.74,75.57,77.51,71.61
002885,20260224,29.96,1.64,0.09,30.1,30.45,29.48,9.73,15.62,-0.211,0.171,21.97,75.712,6.118,35.826,77.51,7.46,5.82,78.08,84.54,71.39
002885,20260225,30.18,1.77,0.03,29.96,30.5,29.8,8.33,13.38,0.223,0.012,21.39,74.51,6.157,37.93,77.68,7.44,5.67,76.16,87.11,70.46
002885,20260226,31.26,2.13,0.14,30.26,31.51,30.02,10.32,16.56,0.776,0.013,20.26,63.853,8.777,37.955,78.28,8.03,5.9,73.48,98.19,70.83
002885,20260227,30.86,2.35,-0.1,30.76,31.5,30.38,8.16,13.1,0.06,-0.135,11.75,71.781,6.578,39.624,78.01,8.58,6.23,72.66,90.66,69.92
002885,20260302,30.43,2.6,-0.17,29.97,31.25,29.82,7.26,11.65,0.39,-0.101,5.26,78.651,4.67,41.513,77.91,8.39,5.79,69.04,77.33,68.67
002885,20260303,29.02,2.99,-0.51,30.48,30.65,28.9,7.99,12.82,0.262,-0.136,6.25,96.586,-0.421,42.24,77.77,8.43,5.44,64.51,37.48,68.08
002885,20260304,31.92,3.43,0.79,28.5,31.92,28.5,13.01,20.89,2.994,0.113,14.92,70.42,8.865,38.685,79.54,8.55,5.12,59.96,100,70.61
002885,20260305,32.3,3.98,-0.11,32.56,32.86,31.7,17.84,28.64,-1.308,0.05,6.22,71.178,7.616,33.293,79.68,9.83,5.85,59.49,91.57,75.15
002885,20260306,32.75,4.57,-0.04,32.42,33.77,32.06,16.6,26.64,0.645,0.06,7.23,71.294,7.242,31.255,80.46,10.73,6.16,57.48,88.26,77.53
002885,20260309,32.5,4.7,-0.08,31.6,32.9,30.94,12.92,20.73,0.426,-0.222,6.39,78.175,5.597,32.314,80.45,10.23,5.53,54.03,81.76,77.46
002885,20260310,33.16,4.1,0.13,32.88,33.48,32.3,12.4,19.91,0.11,0.067,6.11,73.614,6.565,33.385,80.86,9.58,5.48,57.2,91.98,77.18
002885,20260311,32.44,3.92,-0.31,33.15,33.15,32.25,8.7,13.96,-0.316,-0.19,-1.57,83.695,3.653,36.437,80.83,9.1,5.18,56.9,67.21,75.26
002885,20260312,31.22,3.57,-0.32,32.5,32.51,30.95,8.83,14.18,-0.463,-0.15,0.03,90.631,-0.442,38.5,80.5,8.46,4.89,57.78,41.8,73.8
002885,20260313,29.7,3.28,-0.28,30.95,31.15,29.22,8.38,13.45,-0.543,-0.124,-4.5,75.865,-4.961,40.256,80.15,8.17,4.89,59.84,19.73,72.41
002885,20260316,29.33,2.66,-0.03,29.77,29.95,28.52,5.9,9.48,-0.296,-0.104,-7.65,64.823,-5.763,43.368,79.98,8.04,5.38,66.88,17.65,69.98
002885,20260317,27.16,3.54,-0.15,29.5,29.65,27.03,8.78,14.09,-1.179,-0.213,-15.01,33.259,-11.854,43.235,79.41,9.34,5.8,62.11,5.74,69.58
002885,20260318,27.49,3.68,0.07,27.21,27.7,26.96,5.89,9.46,-0.185,0.022,-15.07,43.048,-10.018,45.498,79.32,10.12,6.44,63.65,11.62,67.61
002885,20260319,26.16,3.66,-0.12,27,27.2,26,6.64,10.65,-0.582,-0.1,-16.76,26.799,-13.405,46.428,78.93,10.66,7,65.73,1.96,66.42
002885,20260320,25.14,2.8,-0.02,26.31,26.65,25.11,6.24,10.02,-0.409,-0.156,-18.08,24.973,-15.76,47.382,78.62,11.6,8.8,75.89,0.37,65.19
002885,20260323,23.62,3.64,0.01,24.47,25.05,23.4,6.75,10.83,0.054,-0.088,-16.26,10.952,-19.464,47.509,78.46,13.17,9.53,72.32,0.93,64.49
002885,20260324,24.28,5.37,0.09,24.12,24.29,23.48,4.84,7.78,0.163,0.05,-8.51,23.393,-16.269,49.396,78.54,15.4,10.03,65.11,8.32,62.67
002885,20260325,24.54,4.52,0.03,24.55,25.09,24.32,5.27,8.47,0.124,-0.001,-7.2,29.993,-14.439,50.273,78.69,15.63,11.11,71.06,10.99,61.42
002885,20260326,24.63,2.57,0.04,24.39,25.36,24.23,7.96,12.78,0.449,0.074,1.75,37.108,-12.766,47.986,79.16,15.42,12.85,83.35,13.78,62.23
002885,20260327,24.68,2.38,0.04,24.18,25.28,23.96,5.15,8.26,0.406,-0.016,9.07,41.272,-11.757,49.227,79.33,15.74,13.36,84.89,16.66,60.96
002885,20260330,24.51,2.63,-0.02,24.2,24.93,24,4.2,6.75,0.034,-0.014,10.78,41.729,-11.704,51.102,79.36,15.53,12.9,83.62,15.33,59.22
002885,20260331,23.58,2.7,-0.17,24.52,24.65,23.58,4.87,7.82,-0.607,-0.092,3.14,37.096,-14.278,51.663,79.03,15.74,13.04,82.81,1.59,58.21
002885,20260401,24.2,2.88,0.14,24.09,24.36,23.97,3.93,6.31,0.186,0.083,4.33,44.605,-11.425,53.108,79.07,15.8,12.92,81.77,12.4,56.65
002885,20260402,23.29,3.16,-0.15,24,24.31,23.03,4.53,7.28,-0.634,-0.051,-6.29,41.558,-14.009,53.355,78.81,16.03,12.87,80.29,0.94,55.77
002885,20260403,22.89,3.25,0,23.65,23.65,22.72,3.55,5.7,-0.078,0.028,-11.62,41.272,-14.872,54.706,78.62,16.59,13.34,80.4,0.67,54.24
002885,20260407,22.99,3.61,0.02,22.98,23.28,22.81,2.9,4.66,-0.135,-0.005,-14.26,44.17,-13.97,56.533,78.6,17.12,13.51,78.88,2.35,52.39
002885,20260408,24.48,3.99,0.39,23.78,24.5,23.68,5.58,8.95,0.658,0.087,1.84,55.022,-7.66,54.061,78.97,17.19,13.2,76.79,33.47,52.99
002885,20260409,24.53,3.96,0.03,24.15,24.83,24.03,4.56,7.33,-0.029,-0.012,-1.59,57.496,-6.958,53.583,78.99,16.82,12.86,76.42,35.99,52.65
002885,20260410,24.81,4.54,0.08,24.8,25.15,24.6,5.17,8.31,0.181,0.019,7.71,62.077,-5.467,52.336,78.99,16.96,12.42,73.21,42.69,52.87
002885,20260413,24.59,4.32,-0.07,24.45,24.78,24.37,3.71,5.96,0.13,-0.046,9.16,61.896,-5.962,53.332,78.96,16.53,12.21,73.87,36.79,51.86
002885,20260414,27.05,4.92,0.32,26.9,27.05,26.9,3.89,6.25,1.037,0.026,14.59,47.408,3.254,53.753,80.07,16.73,11.81,70.6,62.28,51.13
002885,20260415,26.06,6.44,-0.18,28.39,28.39,25.77,16.4,26.33,-1.45,-0.317,-2.48,68.948,-1.43,39.12,79.35,16.26,9.82,60.41,47.95,61.1
002885,20260416,26.3,7.02,0.07,26.06,26.4,25.68,9.32,14.97,-0.562,0.148,-3.76,70.346,-0.394,38.227,79.44,16.03,9.01,56.19,53.43,62.93
002885,20260417,26.64,7.65,0.1,26.27,26.66,25.9,8.6,13.8,-0.123,0.178,-4.03,70.64,0.87,38.447,79.48,15.87,8.22,51.82,61.48,63.87
002885,20260420,29.3,7.03,0.27,26.71,29.3,26.65,15.05,24.17,5.074,0.069,11.88,45.959,9.597,33.679,81.23,15.57,8.54,54.88,83.74,68.88
002885,20260421,29.45,5.21,-0.03,29.3,29.8,28.72,15.57,25,0.764,0.151,10.72,52.813,7.98,31.056,81.88,14.52,9.31,64.15,81.52,72.68
002885,20260422,30.43,3.96,0.09,29.46,30.66,28.99,12.61,20.24,0.861,0.038,18.01,51.848,9.819,31.675,82.59,13.57,9.61,70.78,89.31,73.76
002885,20260423,31.08,3.46,-0.1,30.5,33.05,30.35,17.12,27.49,1.288,0.018,19.59,56.136,9.535,29.596,83.17,15.06,11.6,77.04,80.74,76.86
002885,20260424,30.92,4.48,-0.05,31.28,31.57,30.15,10.26,16.47,0.113,-0.023,18.33,61.523,7.634,32.528,83.51,14.9,10.42,69.96,76.35,75.73
002885,20260427,30.18,4.91,-0.33,31,31.66,30.18,9.83,15.83,-0.313,-0.181,7.25,68.594,4.29,35.062,53,14.73,9.82,66.69,58.82,74.67
002885,20260428,30.07,5.35,-0.03,29.95,30.85,29.03,8.18,13.16,0.56,0.028,0,71.613,3.51,37.726,53.08,14.79,9.44,63.82,57.41,73.02
002885,20260429,30.65,5.91,0.18,30.28,31.76,29.85,11.46,18.45,0.24,0.088,5.65,72.834,4.765,37.268,54.03,14.45,8.54,59.07,67.1,73.41
002885,20260430,31.26,6.16,0.2,31.21,32,30.77,10.01,16.11,1.11,0.163,6.41,73.238,5.94,38.023,54.74,14.05,7.89,56.15,77.79,72.96
002885,20260506,33.53,7.05,0.36,31.16,33.93,31.16,13.29,21.4,2.736,0.138,15.39,57.33,11.838,36.255,56.31,13.79,6.74,48.84,98.06,74.33
002885,20260507,36.88,7.58,0.03,34.09,36.88,33.8,15.89,25.59,2.782,0.19,21.5,19.944,18.729,33.553,58.12,17.36,9.78,56.35,100,76.64
002885,20260508,37.15,6.69,-0.17,37.02,38.18,35.8,22.31,35.92,1.747,-0.033,17.82,37.781,13.695,28.467,58.19,18.03,11.34,62.91,90.34,81.25
002885,20260511,39.23,7.82,0.04,37.52,40.87,36.8,17.36,27.94,0.898,-0.016,16.1,42.968,15.893,28.461,59.03,20.14,12.32,61.17,92.97,81.99
002885,20260512,38.67,6.89,-0.12,38.36,39.52,37.9,10.55,16.98,-0.306,-0.073,12.91,50.78,12.286,32.071,58.4,19.18,12.29,64.08,85.92,79.81
002885,20260513,42.54,8.08,0.24,38.27,42.54,37.82,6.35,10.23,1.363,0.01,11.34,23.493,21.895,37.096,59.15,20.57,12.49,60.72,100,76.36
002885,20260514,44.76,5.52,-0.17,45.94,46.33,43.42,19.39,31.22,0.389,0.012,6.54,24.364,19.948,32.438,59.34,22.44,16.92,75.43,89.65,79.7
002885,20260515,43.23,5.38,-0.29,45.64,46.6,42,13.73,22.1,0.19,-0.008,4.71,43.181,12.342,33.024,59.34,21.43,16.05,74.87,72.45,79.41
300223,20250912,84.95,3.14,,74.46,87.98,74,16.33,26.83,2.53,0.206,19.92,35.681,12.741,39.73,45.08,10.74,7.6,70.7,96.27,62.24
300223,20250915,83.6,4.21,-0.26,88.5,89.5,82.3,12.44,20.44,-1.026,-0.141,8.32,53.248,8.214,36.037,44.42,13.17,8.96,68.01,84.86,66.15
300223,20250916,82.85,4.11,-0.13,83,84.65,81.86,7.48,12.29,0.039,-0.058,7.92,61.038,6.411,37.996,44.43,13.02,8.91,68.4,79.07,65.85
300223,20250917,82.23,4.35,-0.14,83,84.2,81.38,6.31,10.37,-0.178,-0.044,6.28,66.495,5.038,40.447,44.32,12.91,8.56,66.27,72.87,64.85
300223,20250918,80.65,4.81,-0.25,82.24,84.59,79.5,9.34,15.34,-0.087,-0.004,3.76,75.286,2.477,39.588,44.34,12.8,7.99,62.43,61.76,66.02
300223,20250919,81.7,4.82,0.02,81.01,84.68,81.01,8.7,14.29,0.673,0.07,-2.99,74.925,3.388,39.674,44.86,12.44,7.62,61.23,62.67,66.52
300223,20250922,83.13,4.98,0.27,82.5,84.33,81.6,7.53,12.37,-0.3,0.033,0.74,72.386,4.671,40.793,44.79,12.04,7.06,58.66,74.7,66.18
300223,20250923,84.1,4.86,0.21,83.2,85.86,81,8.28,13.61,-0.029,0.052,0.92,71.264,5.25,40.964,44.81,11.71,6.85,58.53,83.99,66.39
300223,20250924,86.89,4.26,0.19,83.37,88.98,83.1,12.13,19.93,0.355,0.111,3.4,66.317,7.585,37.965,45.4,11.22,6.96,62.06,92.5,69
300223,20250925,85.09,4.37,-0.22,85.42,85.79,84.01,7.35,12.07,-0.417,-0.059,2,73.783,4.776,39.938,44.95,11.09,6.72,60.55,82.78,68.07
300223,20250926,81.81,4.56,-0.92,84.1,86.2,81.68,6.21,10.21,-0.217,-0.108,-2.29,84.912,0.554,42.318,44.63,10.75,6.19,57.6,41.93,66.63
300223,20250929,83,4.78,0.26,83.8,84.2,81.95,4.45,7.32,0.25,0.012,-0.12,83.151,1.859,45.651,44.65,10.65,5.87,55.16,53.45,64.32
300223,20250930,89.01,5.8,0.86,84.39,93,84.39,14.45,23.75,1.636,0.171,6.9,73.27,7.897,38.953,45.42,11.99,6.19,51.65,92.48,69.02
300223,20251009,96.16,6.47,-0.02,93,101.25,90.5,16.79,27.59,0.482,0.075,6.21,32.215,12.957,33.666,45.66,15.44,8.97,58.08,91.75,73.72
300223,20251010,89.75,7.2,-0.48,94.86,95.8,89.21,10.68,17.54,-0.785,-0.101,4.34,76.56,4.216,34.85,44.95,15.08,7.88,52.27,70.35,73.66
300223,20251013,89.23,7.12,-0.05,84.95,91.39,84.77,8.48,13.93,-0.025,-0.023,4.86,78.841,3.484,37.23,45.14,14.41,7.29,50.58,68.26,72.45
300223,20251014,87.91,6.83,-0.23,91.38,93.98,87.16,9.83,16.14,0.113,0.014,4.15,81.105,1.443,37.946,45.06,13.63,6.8,49.87,57.75,72.22
300223,20251015,89.3,6.88,0.18,87.2,90,86.2,7.42,12.2,0.006,-0.006,-0.56,83.035,2.865,40.248,45.32,13.17,6.29,47.78,65.78,70.73
300223,20251016,90.04,6.3,0.04,88.08,93.66,87.55,9.93,16.32,0.089,0.127,-2.14,85.07,3.374,39.915,45.52,12.32,6.02,48.87,67.65,70.95
300223,20251017,84.3,6.05,-0.89,90.04,91.15,84,7.88,12.95,-0.441,-0.102,-0.85,79.828,-3.224,41.291,44.98,11.68,5.63,48.17,27.4,69.96
300223,20251020,84.16,6.07,-0.04,86.28,87.55,83.38,5.95,9.77,-0.095,0.004,-1.01,80.899,-3.221,43.845,44.78,11.46,5.39,47,25.71,68.04
300223,20251021,86.37,5.53,0.39,84.8,88,84.5,6.67,10.96,0.005,0.058,-1.49,87.704,-0.541,45.037,44.92,10.8,5.27,48.8,43.3,66.88
300223,20251022,83.8,5.26,-0.46,85,85,82.4,5.42,8.9,-0.166,-0.042,-2.61,82.042,-3.304,47,44.68,10.36,5.1,49.21,22.57,65.15
300223,20251023,83.37,4.66,0.01,83,83.57,80.51,5.18,8.5,-0.071,0.002,-4.81,81.59,-3.53,48.63,44.43,9.76,5.1,52.23,22.92,63.52
300223,20251024,89.99,3.64,1.2,85.11,90,84.69,9.93,16.31,1.285,0.066,6.04,90.952,3.95,45.036,45.15,8.39,4.75,56.63,77.01,65.38
300223,20251027,93.92,2.84,0.34,92.5,94.74,89.05,11.94,19.62,0.539,0.065,7.91,74.347,7.194,40.952,45.46,7.9,5.06,64.1,92.4,68.13
300223,20251028,91.35,2.67,-0.33,88.63,92.43,88.19,10.31,15.84,0.111,-0.022,7.27,90.291,3.881,39.785,42.3,7.54,4.87,64.63,78.51,68.77
300223,20251029,92.99,2.93,0.13,90.29,97.05,90.29,9.78,15.03,0.262,0.071,8.27,84.973,5.18,39.484,42.66,7.9,4.97,62.96,84.2,68.97
300223,20251030,91.92,2.27,-0.31,95,96,91.7,8.3,12.75,0.306,-0.035,8.73,90.935,3.329,40.481,42.71,7.62,5.35,70.14,70.81,68.3
300223,20251031,86.81,2.46,-0.98,92.92,93.23,86.52,7.88,12.11,-0.728,-0.098,1.9,92.353,-2.518,41.523,42.15,7.43,4.97,66.9,29.53,67.52
300223,20251103,89.7,2.49,0.57,86.5,91.2,83.13,8.55,13.13,0.404,-0.023,1.22,96.828,0.848,41.693,42.35,7.29,4.8,65.85,53.63,67.27
300223,20251104,89.72,2.47,0.01,89.71,91.28,87.55,6.72,10.33,0.377,-0.003,2.46,97.265,0.794,43.345,42.6,7.1,4.63,65.23,53.89,66.01
300223,20251105,88.32,2.39,-0.3,86.7,89.5,86.3,5.04,7.75,0.076,-0.044,1.33,97.631,-0.666,46.023,42.67,6.89,4.5,65.22,41.02,63.96
300223,20251106,87.79,2.4,-0.14,90.1,90.5,87,5.89,9.05,-0.391,-0.043,-2.27,97.352,-1.265,47.149,42.6,6.73,4.33,64.32,34.97,62.74
300223,20251107,86.7,2.61,-0.19,86,87.95,84.45,5.17,7.94,-0.135,-0.048,1.21,95.165,-2.293,48.635,42.47,6.76,4.15,61.43,27,61.26
300223,20251110,95.56,3.08,1.42,88.61,102,88.6,15.34,23.56,1.984,0.18,9.5,81.728,6.875,39.925,43.71,7.82,4.74,60.57,89.04,66.78
300223,20251111,93.75,2.62,-0.31,95.56,97.46,93.11,8.97,13.78,-0.146,0.011,6.57,91.813,4.129,40.109,43.47,7.75,5.13,66.21,75.65,66.93
300223,20251112,92.21,2.83,-0.31,93.3,96.26,91.08,7.32,11.25,-0.009,-0.016,5.97,96.109,2.119,41.609,43.59,7.64,4.81,62.99,62.21,66.08
300223,20251113,96.13,2.66,0.55,92.45,98.3,92.39,10.56,16.22,0.777,0.114,10.05,84.92,5.812,39.978,44.12,7.6,4.94,65.01,86.57,67.33
300223,20251114,92.16,2.65,-0.7,92,94.25,88.01,12.29,18.87,-0.768,-0.076,6.58,97.494,1.224,37.666,43.57,7.11,4.46,62.74,56.1,69.29
300223,20251117,93.95,2.52,0.29,92.18,97.5,92.18,8.69,13.34,0.62,0.041,2.26,95.286,2.932,38.953,44.02,6.98,4.46,63.88,69.02,68.77
300223,20251118,90.47,2.5,-0.73,93.12,93.94,90.08,5.59,8.58,-0.486,-0.072,0.92,97.761,-0.922,42.319,43.53,6.85,4.35,63.42,37.19,66.61
300223,20251119,87.26,2.21,-0.54,90.01,90.95,86.5,5.45,8.38,-0.548,-0.058,-1.31,87.153,-4.234,44.919,43.36,6.59,4.38,66.46,13.91,64.71
300223,20251120,85.25,2.25,-0.17,88.99,89.28,84.13,5.42,8.32,-0.295,-0.075,-7.77,71.995,-6.141,46.838,43.26,6.76,4.51,66.75,6.77,63.09
300223,20251121,77.58,3.47,-0.16,81.29,82.75,77.57,6.76,10.38,-0.365,-0.104,-7.48,13.64,-13.599,46.872,42.91,8.45,4.98,58.95,0.01,62.57
300223,20251124,77.4,4.55,0.04,77.89,78.39,76.5,3.59,5.52,-0.112,-0.006,-16.69,16.195,-13.223,50.048,42.95,9.73,5.18,53.27,1.66,60.09
300223,20251125,79.07,4.7,0.11,79.25,80.81,78.72,4.3,6.61,0.278,0.045,-10.98,26.419,-10.752,51.635,43.15,10.29,5.59,54.37,6.52,58.41
300223,20251126,78.78,4.35,0.01,78.26,79.99,77.9,3.2,4.92,-0.018,0.015,-6.22,27.367,-10.622,54.057,43.11,10.57,6.22,58.86,6.83,56.18
300223,20251127,78.01,3.13,-0.07,78.78,80.86,78,3.63,5.57,-0.077,-0.024,-3.93,27.096,-10.986,55.301,43.17,10.57,7.44,70.36,3.63,54.54
300223,20251128,79.4,1.95,0.24,77.71,79.5,77.35,3.28,5.03,0.278,0.023,5.77,35.321,-8.952,56.615,43.3,10.57,8.62,81.51,13.94,52.84
300223,20251201,95.28,2.81,1.64,80.64,95.28,80.64,16.86,25.9,3.671,0.193,23.58,69.838,9.039,41.359,45.9,10.31,7.5,72.79,89.14,62.05
300223,20251202,91.63,3.74,-0.7,96.14,96.14,91.38,11.49,17.65,-0.604,-0.036,13.66,80.458,3.661,38.381,44.68,10.28,6.54,63.66,57.82,64.82
300223,20251203,92.98,4.04,0.18,94.3,95.31,92.26,7.7,11.83,-0.026,0.028,12.22,80.248,4.541,39.734,44.83,10.15,6.11,60.19,65.97,64.58
300223,20251204,92.38,4.6,-0.12,90.51,92.97,90.35,5.19,7.97,-0.317,-0.023,10.77,81.998,3.659,42.905,44.77,9.93,5.33,53.69,60.49,62.84
300223,20251205,91.43,4.49,-0.21,92.94,93.5,90,4.44,6.82,-0.059,-0.045,9.21,83.949,2.377,45.977,44.73,10.01,5.52,55.16,51.16,60.87
300223,20251208,93.85,5.05,0.6,91.43,94.39,91,7.73,11.87,-0.206,0.074,-6.17,82.283,4.67,44.93,44.96,9.82,4.77,48.54,77.99,61.38
300223,20251209,97.06,5.68,0.32,92.1,100.88,92.08,10.8,16.59,0.89,0.088,2.49,77.615,7.386,41.377,45.59,10.7,5.02,46.91,92.6,63.85
300223,20251210,97.95,5.79,-0.01,97.3,99.84,95.51,6.71,10.31,0.057,-0.029,2.68,76.507,7.581,42.761,45.44,11.03,5.24,47.52,92.34,63.17
300223,20251211,93.62,5.55,-0.72,98.3,99,93.6,6.08,9.33,-0.466,-0.084,1.37,86.435,2.365,44.338,44.98,10.62,5.07,47.71,59.88,62.2
300223,20251212,98.25,5.65,0.67,93.76,101.03,91.99,8.34,12.81,0.867,0.053,6.05,79.128,6.823,43.318,45.5,10.53,4.88,46.37,90.49,62.87
300223,20251215,93.24,5.61,-0.91,97.55,98,93,5.41,8.31,-0.585,-0.096,3.73,88.613,1.095,45.378,45.18,10.22,4.61,45.12,49.56,61.52
300223,20251216,91.05,5.56,-0.47,92.69,96.59,90.82,4.54,6.97,0.008,-0.034,-1.55,89.022,-1.255,47.745,45.04,9.89,4.33,43.79,28.19,59.8
300223,20251217,93.37,5.21,0.54,91.04,93.7,89.33,4.58,7.04,-0.113,0.003,-2.64,89.571,1.262,49.424,45.05,9.58,4.37,45.55,52.34,58.36
300223,20251218,93.82,5.04,0.07,93.47,96.78,93.22,5.42,8.33,0.218,0.001,2.59,89.758,1.628,49.661,45.17,9.13,4.09,44.83,55.41,57.71
300223,20251219,90.16,4.71,-0.78,95,95.85,90.1,6.14,9.43,-0.68,-0.119,-10.24,88.988,-2.361,48.961,44.77,8.53,3.82,44.79,20.4,57.68
300223,20251222,94.1,4.55,0.87,91.06,95.6,91.06,6.59,10.13,0.656,0.087,0.51,91.164,1.881,47.921,45.2,8.1,3.55,43.77,59.87,57.98
300223,20251223,99.2,3.8,0.74,93.55,101.37,93.55,9.8,15.05,0.912,0.152,6.79,86.051,6.768,43.856,45.83,7.62,3.82,50.14,93.79,60.51
300223,20251224,107.19,6.82,-0.01,102,112.22,102,13.05,20.05,1.136,0.083,10.77,31.294,12.846,38.515,46.12,11.93,5.11,42.84,93.46,64.71
300223,20251225,114.06,4.62,0.07,112,116,108.6,12.21,18.76,1.047,0.043,12.28,23.603,16.465,36.253,46.63,13,8.38,64.45,96.73,67.28
300223,20251226,111.38,3.77,-0.3,116,117.99,110.2,9.87,15.16,-0.116,-0.062,12.32,34.373,11.38,36.757,46.14,13.65,9.88,72.38,82.96,67.85
300223,20251229,110.98,3.17,-0.13,110.87,116.23,109.88,6.75,10.36,-0.221,-0.019,9.23,39.826,9.898,39.575,45.91,13.42,10.25,76.38,77.05,66.5
300223,20251230,112.39,2.98,0.13,112.04,113.6,107.56,8.3,12.75,-0.066,-0.044,5.91,43.114,9.94,40.346,45.92,12.96,9.98,77.03,83,66.31
300223,20251231,106.04,2.53,-0.58,114.63,114.8,105.71,10,10.91,-0.769,-0.137,-1.07,62.221,2.952,41.904,45.47,12.51,9.98,79.84,56.61,65.44
300223,20260105,115.69,2.15,0.85,109.09,115.97,109.04,9.57,14.7,0.749,0.139,-2.03,50.965,11.032,40.907,46.02,12.05,9.9,82.16,95.77,66.23
300223,20260106,125.16,4.55,0.03,114.17,127.99,113.08,13.63,20.94,0.351,0.129,0.78,31.256,17.029,37.111,46.84,15.32,10.77,70.31,97.39,69.27
300223,20260107,124.01,5.29,-0.26,131,133,122.3,13.12,20.15,-0.415,-0.081,-0.36,45.357,12.309,35.344,46.71,17.32,12.03,69.44,85.11,71.21
300223,20260108,121.02,2.97,-0.23,124.32,126.8,120.6,7.97,12.24,-0.04,-0.098,-0.5,61.166,8.363,37.915,46.41,17.11,14.14,82.66,74.32,69.93
300223,20260109,117.75,3.28,-0.16,121,121.02,116.67,8.28,12.72,-0.961,-0.14,-1.3,65.587,4.661,39.518,45.89,16.89,13.61,80.55,67.12,69.06
300223,20260112,118.97,4.58,0.03,120.2,121.46,116.3,9.06,13.91,-0.397,-0.029,-5.19,69.49,4.97,40.043,45.81,16.59,12.01,72.37,68.54,68.79
300223,20260113,115.96,5.42,-0.3,118.97,120.45,113.68,7.83,12.02,-0.274,-0.06,-8.94,70.204,1.937,41.378,45.57,16.37,10.95,66.89,54.73,67.89
300223,20260114,115.13,7.85,-0.15,117.38,121.19,113.86,9.41,14.45,0.031,0.027,-7.8,71.909,0.936,41.022,45.6,16.15,8.3,51.36,47.92,68.06
300223,20260115,117.42,8.6,0.27,113,119,112.9,6.75,10.37,0.251,0.039,-6.41,76.678,2.852,42.941,45.84,15.85,7.25,45.73,60.47,66.68
300223,20260116,123.8,9.07,0.55,120,126.31,117.51,10.33,15.87,0.365,0.109,0.46,73.051,7.462,41.267,46.39,15.55,6.48,41.65,85.86,67.65
300223,20260119,125.58,8.91,0.02,125.07,130,122.5,8.65,13.28,0.328,0.006,3.75,71.626,7.939,41.528,46.62,15.61,6.7,42.94,86.68,67.44
300223,20260120,128,9.45,0.05,123.8,135.3,123.35,9.23,14.18,0.58,0.035,7.55,66.018,8.944,41.224,47.14,16.54,7.09,42.88,89.22,67.6
300223,20260121,130.92,8.27,0.03,128,135.5,126.58,9.57,14.7,0.266,0.009,8.21,58.244,10.037,40.751,47.49,15.53,7.26,46.73,90.88,67.93
300223,20260122,132.81,8.09,-0.05,135.6,139.97,130,8.83,13.57,0.276,0.016,7.56,54.498,10.01,41.029,47.65,16.1,8.01,49.78,88.56,67.77
300223,20260123,128.55,5.35,-0.35,130,135.88,126.73,7.06,10.84,0.023,-0.092,5.88,73.363,5.791,42.668,47.31,13.17,7.82,59.37,71.77,66.61
300223,20260126,130.61,5.19,0.11,129.24,134.88,127.4,6.61,10.15,0.049,0.034,5.13,68.599,6.843,44.198,47.4,12.76,7.57,59.31,76.83,65.4
300223,20260127,139.35,4.94,0.43,128.69,142.18,127,9.88,15.18,1.351,0.054,8.16,49.588,12.589,42.383,48.41,12.55,7.61,60.63,97.59,66.38
300223,20260128,147.5,6.54,-0.03,140,151.98,139.2,10.18,15.63,0.899,0.059,10.52,27.824,16.675,40.949,48.89,15.4,8.86,57.52,96.31,67.33
300223,20260129,137.27,4.54,-0.42,148.68,150,136.7,10.5,16.13,-0.916,-0.152,4.8,63.752,6.682,39.777,48.08,14.76,10.22,69.22,76.06,68.26
300223,20260130,143.8,3.58,0.21,138.1,148.08,138.1,9.31,14.31,0.687,0.086,7.33,52.76,10.485,39.962,48.47,14.14,10.56,74.67,86.09,68.3
300223,20260202,127.89,3.96,-0.99,138.05,139,127.2,8.54,13.11,-0.693,-0.091,4.3,67.692,-1.974,40.715,47.79,13.66,9.7,71.03,38.96,67.89
300223,20260203,133.73,4.35,0.42,134.18,136.43,131.14,6.56,10.08,0.525,0.043,1.86,72.736,2.268,42.846,48.17,13.52,9.17,67.86,59.14,66.43
300223,20260204,132.15,4.88,-0.09,131.33,132.52,126.01,6.17,9.48,-0.194,-0.074,-2.89,74.025,0.998,44.701,47.96,13.25,8.37,63.17,54.95,64.99
300223,20260205,128.33,5.11,-0.33,127.45,129.74,125.1,4.29,6.58,-0.037,-0.044,1.45,73.921,-1.794,47.784,48.06,12.98,7.87,60.63,38.88,62.62
300223,20260206,123.63,4.57,-0.33,126.6,126.98,123.41,3.91,6.01,-0.201,-0.038,-4.5,67.713,-5.177,50.47,47.96,12.7,8.13,64,22.99,60.34
300223,20260209,125.48,5.29,0.13,126.98,127.24,123.42,4.37,6.72,0.122,0.017,1.13,72.592,-3.573,51.934,48.1,12.83,7.54,58.81,29.21,58.67
300223,20260210,122.19,5.06,-0.22,125.05,126.9,121.68,4.24,6.51,-0.23,-0.09,-5.81,66.937,-5.823,53.099,47.79,12.64,7.58,59.95,18.89,57.14
300223,20260211,120.7,4.63,-0.02,120.5,122.22,119.15,3.16,4.85,0.102,-0.054,-3.96,63.21,-6.677,55.212,47.81,12.32,7.69,62.43,18.16,55.04
300223,20260212,123.44,4.44,0.17,122.16,125.54,120.8,5.58,8.57,-0.049,0.022,-3.29,73.427,-4.174,53.606,47.92,12.05,7.61,63.17,26.28,55.03
300223,20260213,121.83,4.58,-0.13,122.46,125.5,121.81,4.24,6.51,-0.056,0.031,-1.45,70.863,-5.125,54.04,47.99,11.83,7.25,61.24,19.9,54
300223,20260224,136.68,5.23,1.21,124.3,139.88,124.1,10.36,15.92,1.914,0.066,10.95,77.65,6.189,46.855,49.25,11.79,6.56,55.64,79.35,57.83
300223,20260225,140.46,4.87,0.16,134.89,141.5,132.5,7.49,11.5,0.422,0.031,14.27,62.814,8.332,45.434,49.61,11.39,6.52,57.3,87.45,58.74
300223,20260226,138.61,4.47,-0.18,142,144.5,136.66,5.54,8.51,-0.091,-0.043,11.88,73.471,6.222,46.489,49.45,11.17,6.7,60,78.74,58.12
300223,20260227,133.2,4.08,-0.37,135.6,135.6,129.6,5.07,7.79,-0.475,-0.054,9.42,87.326,1.856,47.74,49.16,10.68,6.6,61.78,60.38,57.26
300223,20260302,128.8,4.05,-0.4,130,134.17,128.58,4.66,7.16,-0.116,-0.053,8.49,85.765,-1.439,49.082,48.98,10.48,6.43,61.34,40.61,56.23
300223,20260303,118.38,3.63,-0.71,129.5,129.79,118.04,6.7,10.3,-0.419,-0.11,-4.99,50.188,-8.962,47.681,48.65,10.13,6.5,64.18,6.19,56.86
300223,20260304,120,3.62,0.07,120.04,125.38,119.26,6.41,9.85,-0.086,0.036,-8.54,60.658,-7.059,47.026,48.55,9.97,6.35,63.75,9.44,57.16
300223,20260305,123,3.6,0.23,124.07,127,121.87,6.81,10.46,0.628,0.024,-3.67,75.729,-4.333,46.137,49.02,9.61,6.01,62.56,20.79,57.71
300223,20260306,124.53,3.64,0.22,121.63,125.9,121.26,4.93,7.58,0.051,0.038,0.03,80.945,-2.849,47.547,49.17,9.48,5.84,61.59,31.74,56.81
300223,20260309,119.28,3.74,-0.43,117.41,120.48,115.02,6.19,9.5,-0.116,-0.08,0,64.606,-6.304,47.15,49.02,9.95,6.21,62.38,10.5,56.96
300223,20260310,124.5,3.94,0.57,122.5,125.5,120.69,6.9,10.6,0.395,0.056,5.31,83.558,-1.913,46.092,49.33,9.78,5.84,59.69,38.74,57.6
300223,20260311,121,3.79,-0.48,124,125.15,120.6,5.34,8.2,-0.138,-0.058,4.62,74.886,-4.414,47.052,49.15,9.6,5.81,60.57,15.34,57.01
300223,20260312,119.8,3.76,-0.06,120.4,121.79,118.08,4.7,7.22,-0.026,-0.054,0.58,71.958,-5.03,48.443,49.1,9.41,5.65,60.04,12.17,56.04
300223,20260313,119.15,3.51,-0.05,118,123.39,117.22,3.99,6.13,0.153,-0.038,0.75,70.81,-5.212,50.27,49.21,9.16,5.65,61.7,9.79,54.69
300223,20260316,129.9,3.83,1.22,122.51,129.95,121.8,11.29,17.34,1.835,0.119,11.62,93.251,3.273,43.266,50.34,8.86,5.03,56.73,71.04,59.07
300223,20260317,124.36,3.64,-0.6,128.95,131.56,123.83,18,11.04,-0.141,-0.056,8.28,88.182,-1.201,43.15,50,8.53,4.89,57.37,40.89,59.54
300223,20260318,130.63,3.59,0.62,128.1,133.68,127.12,8.7,13.37,0.39,0.016,10.43,93.954,3.428,41.678,50.29,8.44,4.85,57.42,72.11,60.98
300223,20260319,121.92,3.58,-1.04,127.98,128.8,120.38,9.8,15.05,-1.379,-0.139,3.21,86.267,-3.328,39.84,49.64,8.13,4.55,55.92,20.24,62.87
300223,20260320,119.8,3.41,-0.22,122.12,126.5,118.22,7.02,10.78,0.499,-0.009,4.37,80.538,-4.628,41.181,49.87,7.82,4.41,56.37,9.24,62.56
300223,20260323,111,4.34,-0.18,117.65,117.88,110.5,6.45,9.91,-0.188,-0.152,-4.59,27.742,-10.913,42.68,49.73,9.36,5.02,53.6,0.45,61.94
300223,20260324,111.52,5.73,0.1,112.9,113,105.15,5.4,8.3,-0.109,-0.036,-4.75,35.841,-9.816,44.77,49.6,11.19,5.46,48.78,5.45,60.72
300223,20260325,114.42,5.1,0.12,112.68,116.85,111.63,5.27,8.09,0.076,0.016,-7.32,60.228,-6.905,46.423,49.7,11.07,5.97,53.94,11.63,59.61
300223,20260326,109.76,4.17,-0.14,111.36,112.3,108.73,4.97,7.63,0.089,-0.013,1.42,31.632,-10.058,47.921,49.55,10.94,6.77,61.85,4.57,58.46
300223,20260327,111.13,3.88,0.12,107.47,114.1,105.94,5.28,8.11,0.404,0.03,0.81,42.879,-8.211,48.634,49.68,11.54,7.66,66.36,10.67,57.69
300223,20260330,110.45,3.65,0.01,109.24,110.96,107.77,3.35,4.76,0.036,-0.036,3.86,40.494,-8.359,51.332,47.76,11.59,7.94,68.47,11.07,55.48
300223,20260331,104.3,3.5,-0.22,108.88,110,103.76,4.99,7.09,-0.17,-0.05,3.29,27.809,-12.727,51.307,47.6,11.93,8.43,70.63,0.45,54.67
300223,20260401,108.19,3.25,0.18,109.17,109.75,106.97,4.34,6.16,0.41,0.081,6.82,38.729,-8.945,52.029,47.78,11.71,8.46,72.3,9.19,53.52
300223,20260402,106.12,3.26,-0.12,109.01,111,105.56,3.65,5.19,0.043,-0.01,7.17,37.049,-10.225,53.379,47.78,11.76,8.5,72.3,3.24,52.03
300223,20260403,104.7,3.34,-0.05,108,108.76,104.38,2.79,3.97,-0.119,-0.048,1.67,36.388,-11.049,55.51,47.77,11.8,8.46,71.71,0.98,50.09
300223,20260407,104.56,3.23,0.01,106.68,107.3,104.22,2.55,3.62,-0.129,-0.003,0.28,37.966,-10.811,57.451,47.76,12.03,8.8,73.13,1.31,48.18
300223,20260408,112.72,3.28,0.76,108,112.85,107.19,6.02,8.55,0.291,0.006,6.09,64.731,-3.329,53.639,48.07,11.85,8.57,72.32,37.87,49.22
300223,20260409,109.49,3.29,-0.28,109,111.28,108.49,4.51,6.4,-0.228,-0.023,-2.28,53.331,-5.688,53.045,47.95,11.67,8.38,71.79,24.25,48.93
300223,20260410,111.56,3.3,0.26,111,113.2,110.92,5.09,7.23,0.206,0.046,0.21,63.457,-3.592,51.751,48.16,11.49,8.19,71.25,36.68,49.13
300223,20260413,112.19,3.53,0.09,109.56,114.55,109.5,4.2,5.96,0.3,0.03,5.06,67.796,-2.784,52.009,48.34,11.49,7.96,69.28,40.92,48.61
300223,20260414,116.34,3.51,0.23,114,118.63,113.4,6.73,9.55,0.305,0.03,7.73,82.991,0.833,48.771,48.61,11.31,7.8,68.97,52.3,50.14
300223,20260416,116.1,3.59,0.05,111.66,117.22,111.12,5.34,7.58,0.637,0.068,8.89,85.035,0.765,48.214,48.71,10.71,7.12,66.48,54.57,50.43
300223,20260417,116.79,3.56,0.07,115,117.45,114.5,4.5,6.39,0.135,0.03,7.96,86.288,1.323,49.026,48.69,10.49,6.93,66.06,57.87,49.96
300223,20260420,121.04,3.66,0.18,118,124.9,117.98,8.47,12.03,0.755,0.049,9.68,81.469,4.517,44.782,48.8,10.34,6.68,64.53,66.46,52.6
300223,20260421,120.26,3.68,-0.04,120.14,121.81,117.17,4.48,6.37,-0.061,-0.003,7.97,85.017,3.576,46.61,48.77,10.16,6.48,63.79,64.41,51.83
300223,20260422,123.89,3.49,0.3,119,124.95,118.83,5.53,7.85,0.568,0.03,14.53,72.555,6.293,46.72,49.17,9.97,6.48,64.99,78.93,51.94
300223,20260423,119.34,3.42,-0.48,127,127.88,118.5,6.15,8.73,-0.537,-0.068,5.69,88.722,1.853,46.104,48.88,9.75,6.33,64.92,55.57,52.49
300223,20260424,119.8,3.17,0.04,120.5,121.98,117.08,5.17,7.35,0.087,0.01,5.25,88.578,2.043,46.834,48.96,9.57,6.4,66.93,57.51,52.24
300223,20260427,122.48,3.02,0.3,120.93,123.45,120.6,5.08,7.21,0.064,0.039,0.99,82.696,4.032,47.479,49.13,9.14,6.12,66.92,72.37,51.95
300223,20260428,124.02,3.01,0.11,122.76,129,121.61,7.08,10.06,0.183,0.039,0,79.397,4.805,45.613,49.46,9.05,6.04,66.73,77.76,53.19
300223,20260429,125.32,3.07,0.12,125,126.89,120.86,8.94,12.7,-0.019,0.051,-0.69,77.263,5.104,42.481,49.37,8.89,5.82,65.41,83.48,55.57
300223,20260430,124.18,2.88,-0.24,126,126.75,123.3,7.38,10.3,-0.364,-0.055,0.24,82.235,3.599,42.156,42.04,8.52,5.64,66.2,73.55,56.22
300223,20260506,136.69,4.71,0.49,129.3,140.98,129.28,12.63,17.62,1.239,0.066,5.38,43.977,11.845,37.267,42.72,11.6,6.89,59.43,94.45,60.37
300223,20260507,137.35,3.62,-0.07,136.75,139.31,135.5,7.87,10.99,-0.244,0.063,3.93,44.358,10.892,38.498,42.55,11.83,8.21,69.4,91.4,60.59
300223,20260508,133.88,3.38,-0.23,134,135.08,132.52,6.42,8.96,-0.357,-0.11,1.28,65.638,7.3,40.696,42.11,11.61,8.23,70.9,81.64,59.88
300223,20260511,146.08,4.46,0.36,140.57,148.99,137.86,11.52,16.08,1.083,0.119,5.7,34.297,14.372,37.896,42.74,13.72,9.26,67.48,96.88,62.47
300223,20260512,146.83,4.36,-0.06,146.81,149.8,141.95,8.45,11.79,0.01,-0.019,6.79,39.222,12.999,38.768,42.93,14.65,10.29,70.21,94.41,62.65
300223,20260513,148.65,4.1,0.07,142.68,149.49,138.92,9.33,13.02,-0.047,0.035,2.36,41.101,12.666,38.731,43.01,14.14,10.04,70.99,97.33,63.32
300223,20260514,141.88,4.42,-0.56,147.23,148,141.88,7.02,9.8,-0.42,-0.065,1.12,52.942,6.558,40.669,42.77,14.24,9.82,68.92,73.5,62.52
300223,20260515,136.4,4.24,-0.39,142,144,134.4,8.27,11.55,-0.277,-0.074,1.44,71.057,1.921,40.999,42.44,13.74,9.5,69.17,56.95,62.6
300308,20251217,589.98,8.34,,557,592.07,556.66,2.93,4.57,0.167,0.016,-0.39,34.671,12.887,54.504,43.66,21.87,13.53,61.88,91.78,
300308,20251218,571.2,8.29,-0.22,576.99,579.87,563.43,2.19,3.41,-0.121,-0.025,0.33,44.926,8.853,56.027,43.58,21.42,13.13,61.3,81.99,
300308,20251219,571.7,8.18,-0.02,583.34,587,570.28,2.03,3.17,0.034,0.002,-0.26,45.95,8.526,57.463,43.6,21,12.82,58.97,80.94,
300308,20251222,617.5,8.82,0.4,590.01,622,590.01,3.57,5.57,0.576,0.043,6.62,28.408,16.073,55.323,44.05,21.65,12.83,59.23,98.39,
300308,20251223,621,7.81,-0.01,625,628.99,614,2.11,3.3,0.11,0.006,8.83,29.107,15.928,56.682,44.11,21.55,13.74,63.77,98.05,
300308,20251224,634.4,8.27,0.04,627.64,638,617.6,2.13,3.32,0.064,0.016,8.12,26.037,17.569,57.64,44.19,22.12,13.85,62.6,99.63,
300308,20251225,639.8,8.92,-0.02,645,658.8,618.41,2.35,3.66,-0.039,-0.003,8.75,24.941,17.547,57.829,44.22,22.62,13.7,60.54,98.81,
300308,20251226,627,8.33,-0.08,628.3,636.95,618,1.93,3.02,-0.087,-0.017,7.15,32.367,14.528,58.832,44.17,22.33,14,62.71,95.4,
300308,20251229,618,8.42,-0.13,627.64,633.69,612.73,2.18,3.41,0.001,-0.01,0.59,36.257,12.216,58.958,44.13,22.33,13.91,62.3,89.54,
300308,20251230,632,8.14,0.15,618.1,644.34,615,2.36,3.69,0.086,0.013,0.39,33.744,14.033,58.563,44.2,22.16,14.02,63.27,96.02,
300308,20251231,610,8.14,-0.31,629,633,608,2.04,3.19,-0.158,-0.011,-2.79,41.369,9.534,58.958,44.06,22.16,14.02,63.27,82.4,
300308,20260105,623.51,8.28,0.19,621.08,627.29,600.17,2.73,4.27,0.045,-0.002,-1.7,39.639,11.242,57.561,44.12,22.2,13.92,62.7,90.69,
300308,20260106,605.25,7.88,-0.28,606,615.8,590.2,3.04,4.74,-0.2,-0.043,-3.09,46.609,7.457,55.83,43.9,21.8,13.92,63.84,78.5,
300308,20260107,619.6,8.28,0.19,616.8,628,602,2.53,3.96,0.203,0.012,-0.43,43.828,9.459,55.683,44.03,21.71,13.43,61.88,87.02,
300308,20260108,595.45,8.25,-0.38,611.1,616,592,2.64,4.12,-0.423,-0.042,-6.52,52.627,4.826,55.316,43.67,21.84,13.59,62.22,70.43,
300308,20260109,583.2,8.15,-0.14,575.94,595,561.61,3.49,5.45,-0.108,-0.014,-5.36,57.845,2.524,53.229,43.54,21.33,13.18,61.78,64.38,
300308,20260112,591.97,8.19,0.12,570,600,558.85,3.47,5.42,0.037,-0.013,-5.32,57.248,3.912,51.866,43.49,20.96,12.77,60.95,69.43,
300308,20260113,585.76,8.17,-0.12,580.8,616.6,580.01,2.9,4.53,0.014,0.014,-2.81,60.128,2.681,52.078,43.48,21.09,12.92,61.28,64.28,
300308,20260114,593,8.19,0.11,595.35,600.88,567.01,3.78,5.9,0.04,-0.021,-4.39,60.073,3.629,50.576,43.54,20.71,12.52,60.44,69.12,
300308,20260115,625.02,7.97,0.52,583.2,636.99,581.02,4.15,6.48,0.415,0.016,3.29,53.512,8.734,48.951,43.87,20.09,12.12,60.33,92.08,
300308,20260116,617,8.04,-0.2,635.97,645,615.02,3.37,5.27,-0.141,-0.031,2.79,57.295,6.711,49.308,43.78,20.09,12.05,59.98,83.26,
300308,20260119,605.5,8.2,-0.23,605,619,602.57,2.02,3.15,-0.073,-0.015,2.01,60.657,4.528,52.08,43.66,19.49,11.29,57.89,73.38,
300308,20260120,585,8.64,-0.39,605.52,608,580,2.38,3.71,-0.151,-0.011,0.41,66.446,0.859,53.494,43.51,19.61,10.97,55.95,56.57,
300308,20260121,581.9,8.53,-0.08,586.24,599.66,581,2.27,3.55,0.111,0,1.34,67.484,0.293,54.765,43.51,19.25,10.72,55.69,53.3,
300308,20260122,621,8.33,0.78,590.08,624.5,585,3.64,5.68,0.57,0.047,3.42,60.995,6.698,52.925,43.94,18.43,10.1,54.81,87.63,
300308,20260123,585,8.29,-0.81,614,615,580.16,3.59,5.6,-0.467,-0.047,-0.18,69.872,0.301,51.772,43.54,18.08,9.79,54.17,52.25,
300308,20260126,589.8,8.25,0.11,580,598,572.01,2.36,3.69,0.171,0.025,2.82,70.107,1.11,53.318,43.65,17.38,9.13,52.53,57.02,
300308,20260127,615.6,8.16,0.58,589.96,630,586.7,3.5,5.47,0.528,0.038,9.54,65.886,5.292,52.236,44.03,17.04,8.88,52.11,82.5,
300308,20260128,628,7.81,0.2,632,644.98,623,2.98,4.65,0.267,0.02,10.46,64.621,6.929,52.49,44.19,16.69,8.88,53.18,91.44,
300308,20260129,613.85,7.82,-0.34,637,637.95,610.11,2.25,3.52,-0.094,-0.012,4.47,68.122,4.219,54.096,44.15,16.35,8.53,52.16,76.63,
300308,20260130,649,7.82,0.51,616.2,653.58,605.93,3.23,5.05,0.365,0.022,13.55,55.228,9.67,53.322,44.4,16.35,8.53,52.16,99.29,
300308,20260202,591,8.46,-1.15,635.01,658.58,591,5.07,7.91,-0.661,-0.055,3.5,74.34,-0.479,49.433,43.83,16.69,8.23,49.31,49,
300308,20260203,589.7,8.75,-0.05,607,618.8,576,3.88,6.06,-0.17,-0.025,-2.33,75.382,-0.754,48.988,43.66,16.35,7.6,46.47,47.01,
300308,20260204,560,7.7,-0.37,570,574.55,525.13,4.77,7.45,-0.162,-0.067,-5.75,59.817,-5.335,47.328,43.43,15.68,7.98,50.9,30.74,
300308,20260205,561.99,8.04,0.01,561.01,577.75,556.01,2.88,4.5,0.146,0.03,-3.74,63.167,-4.735,49.309,43.56,15.68,7.64,48.74,31.25,
300308,20260206,540.01,7.7,-0.15,548.11,561.88,530.3,2.97,4.64,-0.006,-0.021,-6.97,44.108,-8.059,50.655,43.51,15.34,7.64,49.8,24.65,
300308,20260209,565.99,8.04,0.26,561,573.99,550.12,3.32,5.18,0.099,0.018,-1.19,69.279,-3.389,51.073,43.64,15.43,7.39,47.88,35.91,
300308,20260210,555.71,7.67,-0.15,561.55,573.68,555.5,1.96,3.07,-0.085,-0.002,-0.35,60.341,-4.978,53.805,43.56,15.1,7.43,49.21,29.42,
300308,20260211,531.91,7.33,-0.21,551.01,554,522.53,3.59,5.61,-0.299,-0.044,-1.38,43.104,-8.584,52.819,43.27,15.1,7.77,51.46,20.5,
300308,20260212,527.46,6.99,-0.04,535,546.38,523.38,2.73,4.26,-0.034,-0.014,-3.77,42.406,-8.936,53.695,43.21,14.76,7.77,52.62,18.69,
300308,20260213,531,6.69,0.06,524,543.8,515,2.36,3.68,0.207,0.014,-1.39,45.738,-7.952,55.041,43.37,14.85,8.16,54.94,21.09,
300308,20260224,554,6.32,0.32,542,572.02,522,3.23,5.04,0.128,0.031,-0.97,64.01,-3.666,54.323,43.62,14.52,8.2,56.52,35.11,
300308,20260225,566.07,6.71,0.2,550,569.86,548,1.94,3.03,0.063,0.009,0.86,74.498,-1.456,56.292,43.71,14.52,7.81,53.81,43.73,
300308,20260226,572.22,6.16,0.14,566.07,574,559,2.29,3.57,0.02,0.001,5.5,78.953,-0.345,57.043,43.7,14.02,7.86,56.02,49.66,
300308,20260227,534,6.24,-0.65,555,559.98,531.11,3.14,4.9,-0.436,-0.053,-0.06,53.318,-6.705,55.77,43.32,14.18,7.94,56.01,21.4,
300308,20260302,570.58,6.25,0.68,520,580,520,4.46,6.97,0.768,0.059,6.17,80.011,0.093,52.277,43.74,13.85,7.6,54.83,51.12,
300308,20260303,563.8,5.89,-0.17,570.8,599.04,563.28,3.56,5.55,0.086,0.004,5.29,76.865,-1.064,51.603,43.71,13.53,7.64,56.47,43.5,
300308,20260304,539,5.79,-0.45,554.02,563.5,536.5,2.78,4.34,-0.161,-0.035,2.6,60.816,-5.208,52.56,43.53,13.13,7.34,55.88,23.85,
300308,20260305,557,4.99,0.31,556,585,552.6,3.43,5.35,0.254,0.03,4.69,73.779,-1.905,52.068,43.7,12.41,7.42,59.77,37.51,
300308,20260306,545.48,5,-0.22,553,559.98,537.06,1.99,3.1,-0.175,-0.01,7.8,67.559,-3.812,54.422,43.62,12.03,7.03,58.47,28,
300308,20260309,525.99,4.44,-0.28,520.1,528.3,506,2.85,4.45,-0.155,-0.021,-1.51,56.006,-6.849,54.488,43.48,11.78,7.34,62.25,15.95,
300308,20260310,547,4.43,0.38,540,548.98,530.02,2.56,4,0.348,0.016,1.36,70.455,-2.947,55.084,43.69,11.85,7.42,62.61,32.61,
300308,20260311,554.68,4.07,0.14,557,568.9,553,2.16,3.38,0.086,0.009,5.01,75.279,-1.526,56.315,43.75,11.53,7.46,64.69,38.63,
300308,20260312,534.8,4.45,-0.4,557.25,563.58,528.5,2.16,3.38,-0.204,-0.024,-1.57,64.436,-4.931,57.203,43.62,11.6,7.15,61.67,21.19,
300308,20260313,542.02,4.09,0.17,526.5,548.88,525.01,1.92,2.99,0.202,-0.005,3.86,69.602,-3.461,58.369,43.77,11.29,7.2,63.76,28.5,
300308,20260316,561.7,4.44,0.48,549.05,565,540.32,2.48,3.88,0.235,0.039,10.32,81.027,0.098,57.911,43.94,11.29,6.85,60.68,49.4,
300308,20260317,543,4.04,-0.48,570,577.88,539,2.72,4.24,-0.179,-0.022,2.12,71.927,-3.19,56.989,43.83,10.97,6.93,63.14,28.5,
300308,20260318,580,4.19,0.88,553.86,582.05,550,3.42,5.34,0.498,0.05,7.57,86.929,3.33,54.777,44.16,10.82,6.63,61.33,67.24,
300308,20260319,575.2,4.29,-0.1,580,592.8,569.9,3,4.68,-0.152,0.002,7.26,87.061,2.297,54.092,44.02,10.71,6.42,59.95,62.7,
300308,20260320,612,3.34,0.47,605,632.72,604.1,4.87,7.61,0.432,0.046,8.19,67.433,7.996,49.997,44.27,10.36,7.02,67.76,83.53,
300308,20260323,599.62,3.59,-0.19,590.31,618.1,585,3.42,5.35,-0.036,-0.008,5.15,79.345,5.46,49.978,44.22,10.22,6.63,64.93,75.14,
300308,20260324,603.19,3.21,0.06,599,605,577,2.56,3.99,-0.073,0.006,6.08,76.884,5.785,51.594,44.27,9.93,6.72,67.71,77.62,
300308,20260325,628.4,2.75,0.36,625,635,616.05,3.04,4.74,0.177,0.025,3.62,55.533,9.562,51.905,44.45,9.71,6.96,71.7,93.51,
300308,20260326,614.2,3.01,-0.29,626.89,645,612.83,2.38,3.71,-0.009,-0.002,4.93,69.83,6.677,53.407,44.42,9.89,6.88,69.53,80.82,
300308,20260327,598,2.76,-0.26,598.85,609.88,588.66,2.03,3.17,-0.062,-0.019,0.2,82.808,3.699,55.229,44.36,9.67,6.91,71.41,69.21,
300308,20260330,589.08,2.61,-0.17,585,595.58,579,1.89,2.96,-0.064,-0.014,-0.17,88.07,2.083,56.884,44.28,9.6,6.99,72.84,61.81,
300308,20260331,569.41,2.84,-0.41,571,585.9,555,2.36,3.69,-0.127,-0.014,-1.06,85.998,-1.27,57.061,40.88,9.6,6.76,70.41,45.14,
300308,20260401,601.87,2.8,0.7,591,602,581.2,2.31,3.61,0.285,0.001,-0.21,81.531,4.191,57.263,41.12,9.64,6.84,70.96,73.72,
300308,20260402,582,2.87,-0.47,593.01,596.77,578.69,1.6,2.5,-0.201,-0.012,-3.41,90.904,0.695,58.994,40.96,9.42,6.55,69.52,54.53,
300308,20260403,606.52,2.87,0.53,600,625,594.35,2.63,4.1,0.362,0.01,3.62,79.23,4.69,57.826,41.21,9.42,6.55,69.52,76.48,
300337,20250911,10.91,1.93,,10.71,10.91,10.5,2.38,3.99,0.139,0.056,3.17,98.125,-2.479,58.123,46.87,6.31,4.38,69.46,40.55,41.85
300337,20250912,11.04,1.91,0.25,10.93,11.17,10.85,2.92,4.91,0.13,0.014,-1.31,98.862,-1.219,57.465,46.93,6.31,4.4,69.68,52.18,41.64
300337,20250915,10.99,1.91,-0.09,10.99,11.17,10.9,2.37,3.99,0.036,-0.011,0.33,98.895,-1.593,58.013,46.97,6.12,4.21,68.86,47.93,40.9
300337,20250916,11.02,1.9,0.06,11.01,11.14,10.8,2.12,3.56,-0.039,0.027,3.84,98.973,-1.269,58.89,47,6.14,4.24,69.09,50.86,39.97
300337,20250917,11.25,2.12,0.33,10.98,11,10.92,3.41,5.74,0.674,0.061,15.64,97.464,0.819,56.758,47.2,6.16,4.04,65.68,66.42,40.52
300337,20250918,10.6,1.87,-1.16,10.94,11,10.5,5.72,9.61,-0.782,-0.114,0.34,86.831,-4.653,50.929,46.88,5.98,4.11,68.68,12.17,43.42
300337,20250919,10.53,1.91,-0.08,10.62,10.69,10.46,2.94,4.94,-0.056,-0.025,-2.09,83.366,-5.028,51.944,46.9,5.99,4.08,68.03,8.4,43.04
300337,20250922,10.49,1.91,-0.03,10.54,10.66,10.38,1.92,3.22,-0.141,-0.032,-4.39,81.788,-5.211,54.57,46.81,5.98,4.07,68.02,6.81,41.67
300337,20250923,10.32,2.01,-0.06,10.8,10.99,10.14,4.32,7.26,0.354,-0.032,-0.58,75.527,-6.401,52.03,47.21,6.2,4.19,67.52,4.18,42.94
300337,20250924,10.22,2.34,0.01,10.21,10.32,10.1,2.83,4.77,-0.068,-0.076,-10.3,71.714,-6.943,52.934,47.22,6.73,4.39,65.23,4.47,42.51
300337,20250925,10.11,2.54,-0.06,10.24,10.39,10.1,2.64,4.44,-0.063,-0.023,-1.95,66.062,-7.606,53.953,47.36,7.13,4.59,64.32,1.85,41.94
300337,20250926,9.92,2.71,-0.03,10.08,10.12,9.92,2.39,4.01,-0.056,-0.056,-2.45,49.211,-8.986,55.18,47.36,7.51,4.8,63.94,0.43,41.17
300337,20250929,9.99,2.71,0.05,9.97,10.08,9.83,2.02,3.4,0.023,0.054,1.07,58.406,-8.042,56.807,47.35,7.71,5,64.93,2.83,40.11
300337,20250930,10.12,2.78,0.09,10.06,10.29,10,2.37,3.99,0.319,0.038,1.58,69.011,-6.539,57.257,47.66,7.86,5.08,64.71,7.3,39.54
300337,20251009,10.33,2.47,0.2,10.25,10.34,10.19,2.5,4.2,0.176,0.088,8.45,79.199,-4.369,57.269,47.7,7.87,5.4,68.6,16.99,39.16
300337,20251010,10.16,2.44,-0.17,10.31,10.31,10.15,1.65,2.78,-0.036,-0.025,9.97,72.695,-5.781,59.085,47.68,7.71,5.27,68.42,8.73,37.92
300337,20251013,10.45,2.73,0.31,9.72,10.49,9.61,3.25,5.47,0.588,0.012,19.93,84.135,-2.689,56.812,47.82,8.04,5.31,66.14,23.75,38.56
300337,20251014,10.37,2.69,-0.05,10.52,10.73,10.33,3.28,5.52,0.268,-0.002,20.06,81.956,-3.263,55.11,47.92,7.89,5.2,65.93,21.31,39.15
300337,20251015,10.32,2.67,-0.03,10.35,10.42,10.2,1.88,3.16,-0.02,-0.038,15.08,80.875,-3.601,56.817,48.01,7.91,5.24,66.25,20.02,38.16
300337,20251016,10.1,2.81,-0.26,10.29,10.31,10.08,1.61,2.7,-0.164,-0.03,8.79,71.98,-5.51,58.699,48.01,7.91,5.1,64.51,7.55,36.97
300337,20251017,9.83,2.8,-0.13,10.12,10.18,9.8,1.72,2.88,-0.121,-0.061,6.83,50.502,-7.821,59.848,47.99,8.04,5.24,65.21,1.13,36.03
300337,20251020,9.79,2.79,0,9.88,666,9.73,1.43,2.4,-0.102,-0.035,-5.29,48.109,-7.986,61.398,48,8.16,5.37,65.74,1.04,34.86
300337,20251021,9.98,2.79,0.12,9.86,10,9.77,1.32,2.22,0.084,0.035,-11,65.754,-6.025,62.821,48.01,8.29,5.5,66.42,6.68,33.68
300337,20251022,9.87,2.81,-0.06,9.9,10,9.8,1.35,2.27,0.001,-0.029,-10.29,55.782,-6.877,63.773,48.05,8.45,5.64,66.77,3.56,32.65
300337,20251023,9.95,2.81,0.09,9.87,9.96,9.76,1.3,2.19,0.15,-0.021,-2.44,63.881,-5.95,64.552,48.11,8.6,5.79,67.26,7.66,31.67
300337,20251024,10,2.81,0.06,9.95,10.13,9.92,1.36,2.29,0.049,0.01,3.73,68.653,-5.316,64.877,48.12,8.45,5.64,66.77,10.32,30.86
300337,20251027,9.94,2.81,-0.05,10.05,10.06,9.86,1.62,2.72,-0.126,-0.044,2.62,64.055,-5.704,64.235,48.11,8.47,5.66,66.77,7.92,30.43
300337,20251028,9.94,2.78,0.01,9.93,10.07,9.85,1.4,2.35,0.105,-0.018,1.82,64.604,-5.534,64.318,48.11,8.47,5.69,67.09,8.42,29.78
300337,20251029,10.09,2.79,0.21,9.97,10.1,9.88,1.83,3.08,0.133,0.026,5.74,75.027,-3.924,62.903,48.12,8.49,5.7,67.1,18.34,29.72
300337,20251030,9.97,2.92,-0.14,10.06,10.15,9.88,1.81,2.98,0.21,-0.006,7.43,68.543,-4.886,61.842,50.17,8.49,5.57,65.59,11.44,29.6
300337,20251031,10.24,2.93,0.37,9.96,10.35,9.91,3.34,5.51,0.559,0.061,14.98,82.14,-2.045,56.563,50.26,8.37,5.44,65.07,29.82,31.33
300337,20251103,10.36,2.93,0.17,10.21,10.36,10.16,2.44,4.03,0.202,0.028,20.4,85.667,-0.809,55.381,50.34,8.39,5.46,65.07,38.38,31.78
300337,20251104,10.38,2.91,0.03,10.3,10.5,10.18,3.21,5.3,0.201,0.007,18.64,86.566,-0.548,52.671,50.46,8.24,5.33,64.68,39.88,33.08
300337,20251105,10.42,3.07,0.03,10.27,10.68,10.22,3.82,6.31,0.226,0.126,17.68,87.961,-0.091,49.593,50.64,8.28,5.21,62.99,41.47,34.92
300337,20251106,10.85,3.08,0.46,10.4,11,10.35,6.43,10.62,0.979,0.036,19.3,98.277,3.773,42.978,51.06,8.17,5.09,62.27,64.77,39.43
300337,20251107,10.44,3.1,-0.51,10.65,10.78,10.41,4.68,7.73,-1.191,-0.074,4.09,89.757,-0.229,42.29,50.61,8.06,4.96,61.53,38.85,41.31
300337,20251110,10.54,3.1,0.14,10.48,10.63,10.38,2.72,4.5,0.181,0.007,3.76,92.466,0.702,45.186,50.71,7.93,4.83,60.93,45.79,40.92
300337,20251111,10.29,3.11,-0.35,10.5,10.53,10.22,3.14,5.19,-0.396,-0.098,-1.14,87.54,-1.644,46.71,50.52,7.95,4.84,60.93,28.3,41
300337,20251112,10.29,3.1,0.03,10.22,10.4,10,3.39,5.6,-0.166,-0.017,-4.95,87.957,-1.511,47.481,50.35,7.82,4.72,60.31,29.62,41.33
300337,20251113,10.32,3.1,0.06,10.27,10.43,10.2,2.37,3.91,-0.049,0.037,-16.11,88.756,-1.155,49.935,50.24,7.84,4.74,60.46,32.6,40.57
300337,20251114,10.29,3.11,-0.05,10.23,10.58,10.15,2.55,4.21,0.045,0.009,-4.8,88.546,-1.355,51.459,50.33,7.71,4.6,59.67,29.86,40.08
300337,20251117,10.54,3.13,0.44,10.22,10.73,10.22,4.43,7.31,0.635,0.014,0.37,93.601,1.086,49.134,50.42,7.62,4.49,58.86,51.88,41.61
300337,20251118,10.21,3.16,-0.61,10.45,10.5,10.13,3.42,5.65,-0.648,-0.081,-1.9,87.848,-2.018,49.415,50.28,7.51,4.35,57.9,21,41.89
300337,20251119,10.03,2.99,-0.2,10.24,10.33,9.96,2.33,3.85,-0.2,-0.08,-3.23,82.956,-3.623,51.627,50.22,7.38,4.39,59.48,10.75,41.02
300337,20251120,10.18,3.17,0.19,10.07,10.38,10.06,2.71,4.48,0.495,0.036,2.74,87.82,-2.038,52.573,50.5,7.42,4.25,57.34,20.21,40.65
300337,20251121,9.62,3.33,-0.4,10.07,10.1,9.58,3.47,5.74,-0.526,-0.086,-4.09,60.112,-7.091,51.839,50.39,7.78,4.45,57.22,0.3,41.11
300337,20251124,10.01,3.2,0.27,9.68,10.08,9.62,2.85,4.71,0.331,0.083,-8.6,83.687,-3.055,52.496,50.33,7.78,4.58,58.89,14.09,40.87
300337,20251125,10.39,3.37,0.67,10.11,10.54,9.96,4.34,7.17,0.502,0.087,7.9,92.319,0.688,50.258,50.32,7.69,4.32,56.24,47.56,42.19
300337,20251126,9.97,3.35,-0.73,10.36,10.48,9.95,3.85,6.36,-0.513,-0.117,3.22,83.223,-3.275,49.665,50.15,7.56,4.21,55.65,11.03,42.83
300337,20251127,9.93,3.36,-0.05,10.05,10.26,9.91,2.71,4.47,0.082,-0.011,-1.39,81.737,-3.507,51.279,50.22,7.59,4.23,55.66,8.42,42.24
300337,20251128,10.74,3.26,1.32,9.97,10.78,9.88,9.34,15.42,2.291,0.149,19.85,97.671,4.253,42.084,51.36,7.24,3.98,54.98,76.23,48.39
300337,20251201,10.94,2.22,0.06,11.08,11.25,10.8,9.26,15.28,0.384,0.128,15.26,96.165,5.03,37.693,51.63,6.79,4.57,67.3,79.54,53.13
300337,20251202,10.87,2.24,-0.07,10.85,11,10.5,4.99,8.24,0.313,-0.051,13.45,97.494,3.976,40.014,51.48,6.66,4.42,66.34,75.83,53.24
300337,20251203,11.41,2.78,0.26,10.86,11.76,10.72,15.06,24.87,2.333,0.229,20.49,71.694,7.463,31.995,54.23,7.78,5,64.31,89.81,61.79
300337,20251204,10.86,2.47,-0.55,11.21,11.36,10.83,8.65,14.27,-1.261,-0.156,13.13,98.132,1.746,33.463,53.27,7.69,5.22,67.92,60.31,63.17
300337,20251205,11.31,2.22,0.48,10.82,11.55,10.7,9.4,15.51,0.53,0.039,7.83,82.535,5.411,34.127,53.41,7.52,5.3,70.43,85.95,64.78
300337,20251208,13.57,6.09,0.25,12,13.57,11.91,15.34,25.33,3.602,0.143,13.79,12.932,21.346,30.538,56.5,12.47,6.38,51.12,100,69.98
300337,20251209,13.02,2.62,-0.32,13.35,13.65,12.68,19.96,32.96,0.09,-0.179,9.82,35.196,11.062,26.396,56.69,14.74,12.12,82.21,82.13,76.27
300337,20251210,13.69,2.82,0.21,13.33,13.94,13.07,18.21,30.06,0.887,0.21,7.38,43.753,12.712,25.74,58.18,15.33,12.51,81.63,94.57,79.3
300337,20251211,13.66,3.83,-0.3,13.76,14.47,13.51,20.24,33.42,0.104,0.124,8.33,56.078,8.909,24.81,58.91,17.18,13.35,77.7,76.96,82.15
300337,20251212,13.88,4.28,0.11,13.26,14.11,13.26,16.45,27.15,0.854,0.038,8.14,63.152,8.856,26.387,59.39,16.64,12.36,74.27,83.2,82.4
300337,20251215,13.66,4.8,-0.38,14.81,14.94,13.61,16.26,26.84,0.54,-0.08,3.99,70.55,4.721,27.633,60.07,17.45,12.65,72.47,60.29,82.48
300337,20251216,12.68,8.23,-0.47,13.33,13.5,12.06,15.83,26.14,0.175,-0.234,4.23,58.383,-2.736,28.751,59.5,16.94,8.71,51.44,32.6,82.38
300337,20251217,13.81,7.98,0.7,12.47,14.29,11.83,24.48,40.41,2.026,0.096,5.19,72.669,5.691,25.375,60.57,15.48,7.5,48.43,75.08,85.72
300337,20251218,13.41,7.98,-0.44,13.88,14.18,13.36,15.45,25.51,0.389,-0.219,5.44,82.557,1.815,27.764,60.54,14.45,6.47,44.77,48.55,84.45
300337,20251219,13.24,8.08,-0.15,13.4,13.76,13.06,12.14,20.04,0.169,-0.12,4.42,85.558,0.362,30.976,60.45,13.49,5.41,40.08,39.21,82.37
300337,20251222,12.83,6.45,-0.24,13.29,13.42,12.78,8.14,13.44,-0.962,-0.25,2.13,80.884,-2.651,35.375,59.79,11.46,5.01,43.68,24.83,79.26
300337,20251223,12.38,5.41,-0.16,12.83,13.52,12.3,11.65,19.24,-0.539,-0.138,1.28,63.938,-5.492,36.359,59.84,10.42,5.01,48.04,15.37,78.33
300337,20251224,13.05,3.62,0.43,12.3,13.28,12.17,14.19,23.42,2.307,0.129,1.99,90.355,0.172,35.405,60.17,8.9,5.28,59.33,40.98,78.79
300337,20251225,13.52,3.52,0.49,13.04,13.63,12.92,12.81,21.15,0.831,0.229,4.4,91.979,3.473,35.607,60.56,8.16,4.64,56.92,70.94,78.5
300337,20251226,13.68,3.12,0.11,13.46,13.96,13.3,12.27,20.26,0.757,0.099,6.5,90.967,4.109,36.049,60.48,7.31,4.19,57.23,77.32,78.04
300337,20251229,15.62,5.54,0.27,13.82,16.16,13.41,25.97,42.88,3.968,0.324,15.32,25.728,14.709,28.374,64.68,11.98,6.44,53.72,94.73,84.03
300337,20251230,14.58,3.45,-0.39,15.3,15.6,14.49,17.86,29.48,-0.611,-0.266,12.8,78.186,4.965,28.524,63.11,11.13,7.68,68.96,69.9,84.18
300337,20251231,15.51,2.75,0.26,14.67,15.99,14.59,20.45,33.76,2.015,0.1,11.45,54.817,9.444,27.445,64.73,10.82,8.07,74.62,86.67,85.23
300337,20260105,16.2,2.79,0.02,16.68,16.8,15.72,21.43,35.38,1.003,0.146,10.22,57.418,10.02,26.46,65.9,12.39,9.6,77.49,87.9,86.22
300337,20260106,17.45,3.82,0.15,16.2,17.59,15.73,21.75,35.92,1.591,0.216,10.16,44.25,14.496,25.838,67.94,14.29,10.47,73.26,98.29,86.92
300337,20260107,17.9,6.35,-0.02,16.31,18.2,16.02,23.61,38.98,2.4,-0.022,8.04,45.7,13.767,24.766,69.5,15.47,9.12,58.96,96.66,87.94
300337,20260108,18.9,7.45,-0.15,17.91,20.33,17.9,23,37.98,0.626,0.146,8.88,38.165,15.112,24.496,69.96,20.45,13,63.55,86.14,88.32
300337,20260109,18.62,8.24,-0.2,19.06,19.9,18,22.23,36.7,-0.5,0.031,5.79,56.195,9.419,24.714,69.26,19.31,11.07,57.35,72.13,88.31
300337,20260112,21.16,7.58,0.35,18.96,21.73,18.34,22.01,36.35,1.187,0.26,6,33.365,19.139,24.965,69.9,19.56,11.98,61.24,96.31,88.23
300337,20260113,18.38,7.71,-0.75,20.2,20.2,18.26,17.04,28.14,-1.041,-0.287,3,66.721,1.819,27.22,69.01,18.3,10.59,57.89,44.88,86.67
300337,20260114,17.27,8.47,-0.27,18.34,18.99,17.04,19.48,32.16,-1.421,-0.081,-0.89,58.433,-4.045,27.54,66.81,16.73,8.26,49.35,27.15,86.43
300337,20260115,16.79,7.14,-0.05,16.77,17.25,16.36,11.26,18.6,0.095,-0.122,-2.09,50.906,-5.9,31.541,65.87,15.95,8.81,55.23,23.92,83.54
300337,20260116,16.67,5.98,-0.02,16.86,17.22,16.42,10.84,17.9,0.057,-0.004,-1.74,53.856,-5.866,34.526,66.41,14.3,8.32,58.18,22.58,81.21
300337,20260119,17.04,5.02,0.19,16.31,17.79,16.31,9.46,15.62,0.559,0.109,-4.14,66.468,-3.156,37.364,66.89,13.01,7.99,61.43,35.01,78.88
300337,20260120,15.52,5.05,-0.43,17.16,17.65,15.15,15.24,25.16,-1.069,-0.204,-3.97,41.394,-10.667,35.704,65.43,13.51,8.46,62.65,6.9,79.65
300337,20260121,15.18,3.68,-0.03,15.5,15.91,15.07,10.38,17.15,0.233,-0.207,-1.16,36.372,-11.361,37.509,64.76,13.42,9.74,72.6,4.88,78.06
300337,20260122,15.75,4.21,0.27,14.97,15.93,14.86,9.94,16.41,1.047,0.083,1.64,60.666,-6.904,38.981,65.65,13.82,9.61,69.53,22.53,76.64
300337,20260123,17.87,4.38,0.73,16.3,18.3,15.83,21.93,36.2,2.164,0.215,6.49,68.193,5.362,32.314,67.01,12.73,8.35,65.56,71.24,81.34
300337,20260126,16.72,4.8,-0.51,18,18.15,16.43,15.06,24.87,-1.294,-0.235,1.57,81.318,-1.824,32.417,65.86,12.24,7.44,60.73,37.7,81.28
300337,20260127,16.33,4.81,-0.17,16.31,16.75,15.82,8.75,14.45,0.138,-0.051,4.68,77.521,-3.699,36.058,65.86,11.82,7.01,59.3,26.67,78.63
300337,20260128,15.82,4.83,-0.19,16.17,16.38,15.66,8.24,13.61,-0.696,-0.065,3.09,67.202,-6.183,38.966,65.22,11.39,6.56,57.61,14.43,76.32
300337,20260129,15.46,4.5,-0.12,15.84,16.1,15.44,8.93,14.74,-0.027,-0.091,0.44,59.943,-7.603,40.528,65.36,10.98,6.48,58.97,6.47,74.8
300337,20260130,15,4.25,-0.03,15.16,15.33,14.62,7.06,11.66,-0.212,-0.127,-8.86,48.365,-9.583,42.929,65.03,11.77,7.52,63.87,4.6,72.66
300337,20260202,14.36,4.76,-0.07,14.76,15.25,14.3,5.92,9.77,-0.435,-0.082,-6.82,27.845,-12.658,45.529,64.75,12.67,7.91,62.41,0.38,70.29
300337,20260203,15.42,4.29,0.36,14.68,15.66,14.4,9.17,15.14,1.12,0.133,-2.05,67.27,-5.296,44.615,65.51,12.27,7.98,65.03,23.81,70.2
300337,20260204,15.37,4.39,0.02,15.4,15.66,15.05,6.99,11.54,0.083,-0.051,1.58,68.577,-5.144,45.717,65.54,11.87,7.48,62.98,24.81,68.86
300337,20260205,15.09,4.37,-0.15,15.3,15.65,14.91,5.94,9.81,0.012,-0.053,2.13,64.103,-6.431,47.351,65.56,11.67,7.3,62.5,15.02,67.14
300337,20260206,14.82,4.34,-0.1,14.74,15.23,14.64,4.72,7.79,-0.173,-0.033,3.11,59.478,-7.635,49.63,65.47,11.42,7.08,61.98,8.37,64.93
300337,20260209,14.99,4.29,0.11,15.15,15.25,14.81,5.53,9.14,-0.163,0.043,5.3,65.684,-6.162,50.431,65.34,11.21,6.92,61.73,15.75,63.6
300337,20260210,14.71,4.6,-0.14,15,15.03,14.55,4.22,6.97,-0.121,-0.069,-3.36,61.486,-7.552,52.303,65.09,11.27,6.67,59.18,6.62,61.58
300337,20260211,14.56,4.53,-0.06,14.71,15.11,14.53,5.14,8.49,-0.07,-0.075,-4.73,59.964,-7.985,52.586,65.31,11.01,6.48,58.81,2.64,60.51
300337,20260212,14.49,4.3,0.01,14.55,14.74,14.37,3.77,6.23,-0.192,-0.017,-6.23,59.881,-8.038,54.266,65.15,11.06,6.76,61.15,2.98,58.61
300337,20260213,14.32,4.32,-0.04,14.56,14.96,14.32,4.49,7.42,-0.074,0.008,-5.12,57.218,-8.643,54.556,65.46,10.86,6.54,60.23,0.38,57.5
300337,20260224,14.32,4.56,0.01,14.48,14.65,14.28,4.39,7.25,-0.445,0.057,-7.27,59.799,-8.186,54.78,65.36,10.9,6.34,58.15,0.86,56.48
300337,20260225,14.63,5.05,0.23,14.4,14.77,14.25,4.87,8.05,0.307,0.126,-2.63,68.878,-5.749,54.21,65.57,10.96,5.91,53.96,16.02,55.99
300337,20260226,14.99,5.09,0.34,14.69,15.13,14.38,7.04,11.62,0.381,0.122,2.13,76.129,-3.008,51.006,66.09,10.54,5.45,51.67,38.41,57.29
300337,20260227,15.47,5.36,0.32,14.8,15.6,14.76,9.13,15.08,0.419,0.133,5.99,84.477,0.361,46.445,66.81,10.33,4.97,48.17,59.97,59.99
300337,20260302,15.09,5.43,-0.24,15.3,15.5,14.89,7.47,12.33,-0.499,-0.15,2.35,82.063,-1.959,45.235,66.62,9.69,4.26,43.96,43.71,60.88
300337,20260303,13.69,6.77,-0.65,15.07,15.09,13.58,8.79,14.51,-1.038,-0.206,-1.48,45.558,-10.341,43.143,65.75,11.4,4.63,40.61,0.65,62.55
300337,20260304,13.71,6.74,0.03,13.53,14.04,13.41,4.26,7.03,-0.133,0.011,-3.97,49.787,-9.63,46.192,65.71,11.98,5.24,43.78,2.72,60.71
300337,20260305,13.79,5.78,0.03,13.98,14.24,13.6,3.94,6.5,-0.11,0.021,-7.43,56.899,-8.672,48.82,65.69,11.74,5.96,50.78,4.86,58.9
300337,20260306,13.85,5.2,0.04,13.65,14.07,13.61,3.22,5.31,0.178,0.036,-12.05,61.685,-7.894,51.62,65.68,11.19,5.99,53.56,7.62,56.79
300337,20260309,13.66,6.15,0.01,13.62,13.71,13.03,4.99,8.24,0.001,-0.127,-9.56,53.31,-8.545,51.488,65.25,12.77,6.62,51.8,8.06,56.34
300337,20260310,14.07,6.22,0.16,13.85,14.25,13.82,3.69,6.09,0.281,0.032,1.89,73.071,-5.467,52.966,65.41,12.52,6.3,50.3,18.77,54.93
300337,20260311,13.82,5.93,-0.11,14.06,14.23,13.76,3.26,5.39,-0.109,-0.051,1.6,65.036,-6.861,54.582,65.51,12.26,6.33,51.66,11.86,53.36
300337,20260312,13.41,5.96,-0.12,13.72,13.82,13.25,4.09,6.76,-0.327,-0.126,-1.73,45.532,-9.148,54.558,65.28,12.26,6.3,51.35,3.95,52.69
300337,20260313,13.04,5.38,-0.05,13.31,13.47,13,3.15,5.2,-0.169,-0.059,-5.83,32.929,-11.2,55.805,65.26,12.07,6.69,55.45,0.48,51.3
300337,20260316,13.15,5.45,0.05,13.01,13.18,12.88,2.38,3.93,-0.152,0.003,-7.57,38.034,-10.091,57.848,65.25,12.57,7.12,56.63,3.95,49.42
300337,20260317,12.73,5.14,-0.06,13.24,13.28,12.66,2.67,4.4,-0.175,-0.03,-15.53,28.205,-12.554,58.882,65.21,12.57,7.43,59.11,0.29,48.02
300337,20260318,13.18,5.18,0.14,12.7,13.21,12.65,3.68,6.08,0.651,0.073,-4.06,43.014,-8.876,57.868,65.59,12.95,7.77,60.02,9.46,47.71
300337,20260319,13.02,4.91,-0.05,12.96,13.33,12.88,3.78,6.24,0.236,0.021,5.32,40.679,-9.43,56.858,65.71,12.72,7.81,61.42,5.92,47.53
300337,20260320,12.35,5.13,-0.09,13.02,13.13,12.3,3.8,6.28,-0.13,-0.093,5.47,24.485,-13.473,55.984,65.73,13.34,8.21,61.53,0.23,47.4
300337,20260323,11.62,6.87,0,12.1,12.35,11.51,3.76,6.21,0.044,-0.074,6.55,7.306,-17.749,55.335,65.75,15.23,8.36,54.91,0.49,47.25
300337,20260324,11.84,7.92,0.05,11.97,12.04,11.4,3.08,5.08,0.151,0.016,10.63,16.27,-15.53,55.902,65.69,16.83,8.91,52.93,3.57,46.48
300337,20260325,12.08,7.49,0.06,12.01,12.17,11.92,3.02,4.99,-0.04,0.021,1.95,26.781,-13.214,56.35,65.66,16.6,9.11,54.85,7.38,45.75
300337,20260326,11.99,6.91,0,12.1,12.13,11.77,2.76,4.56,0.093,0,-0.31,26.391,-13.328,57.066,65.79,16.6,9.69,58.38,7.49,44.86
300337,20260327,12.18,6.14,0.08,11.8,12.29,11.72,2.4,3.96,0.145,0.012,5.06,32.791,-11.481,58.185,65.75,16.37,10.23,62.5,12.93,43.73
300337,20260330,13.19,6.05,0.31,12.78,13.47,12.62,11.61,19.16,0.644,0.199,10.33,56.61,-3.133,44.423,66.25,15.47,9.42,60.91,33.48,51.79
300337,20260331,13.58,5.71,0.23,12.9,13.7,12.7,12.02,19.85,0.88,0.131,12.31,66.162,0.239,37.374,66.74,14.45,8.74,60.48,49.14,58.17
300337,20260401,13.14,5.72,-0.24,13.34,13.45,13.01,7.43,12.27,-0.769,-0.068,6.43,64.935,-2.762,38.044,66.29,14.23,8.51,59.8,33.12,59.38
300337,20260402,12.58,5.49,-0.32,13.02,13.23,12.45,12,8.45,-0.341,-0.089,3.69,61.44,-6.525,40.903,66,13.73,8.24,60.04,11.76,58.63
300337,20260403,11.98,4.38,-0.08,12.59,12.7,11.77,5.53,9.13,-0.299,-0.094,1.11,41.998,-10.331,42.625,65.54,13.44,9.06,67.41,6.62,58.31
300337,20260407,11.91,3.68,-0.01,11.98,12.1,11.77,2.87,4.75,-0.198,-0.071,-5.06,39.332,-10.438,46.845,65.46,13.51,9.83,72.78,6.02,56.02
300337,20260408,12.82,4.22,0.36,12.2,12.84,12.2,5.08,8.38,0.728,0.096,-8.63,70.034,-3.149,47.415,65.62,13.28,9.06,68.17,29.87,55.75
300337,20260409,12.56,4.42,-0.14,12.58,12.75,12.44,2.91,4.8,-0.234,0.012,-4.6,67.481,-4.897,50.523,65.58,13.28,8.86,66.7,20.86,53.8
300337,20260410,12.57,4.43,0,12.6,12.85,12.54,3.21,5.3,-0.079,0.105,-0.08,68.732,-4.595,52.468,65.63,13,8.57,65.94,20.97,52.33
300337,20260413,12.69,4.69,0.11,12.45,12.84,12.41,2.69,4.45,0.132,0.064,6.94,71.35,-3.495,54.652,65.7,13.06,8.37,64.07,28.01,50.6
300337,20260414,13.27,4.97,0.46,12.83,13.29,12.73,5.15,8.5,0.631,0.14,16.43,74.448,0.979,52.59,65.95,12.55,7.58,60.39,58.17,51.24
300337,20260415,13.3,5,-0.02,13.37,13.81,13.24,6.8,11.23,0.066,0.172,9.02,76.439,1.048,48.877,65.53,12.33,7.33,59.46,56.83,53.21
300337,20260416,13.56,5.31,0.16,13.31,13.67,13.27,4.12,6.81,0.278,0.088,13.08,76.83,2.885,49.874,65.53,12.39,7.08,57.12,67.16,52.59
300337,20260417,14.24,4.88,0.23,13.8,14.43,13.68,10.41,16.15,0.605,0.16,13.55,69.054,6.963,42.879,52.19,11.87,6.99,58.85,78.93,56.85
300337,20260420,14.72,4.49,0.15,14.3,14.77,14.14,10.58,16.4,0.255,0.263,12.03,56.816,9.034,38.915,52.91,11.64,7.15,61.43,87.05,60.27
300337,20260421,14.79,3.85,-0.02,14.6,15.05,14.51,8.68,13.46,0.15,0.005,8.33,58.789,8.339,38.47,53.09,11.26,7.41,65.84,85.84,61.61
300337,20260422,14.56,3.8,-0.17,14.5,14.6,14.3,7.46,11.56,-0.555,-0.174,4.35,69.295,5.918,39.436,52.56,10.98,7.18,65.42,77.11,61.85
300337,20260423,14.13,4.08,-0.39,14.5,14.54,14,5.81,9.02,-0.05,-0.143,2.08,81.985,2.433,41.71,52.26,11.03,6.95,63,56.63,60.96
300337,20260424,13.78,3.76,-0.16,14.01,14.05,13.57,4.59,7.12,-0.003,-0.064,-1.43,87.992,-0.153,44.597,52.01,10.65,6.89,64.69,48.26,59.39
300337,20260427,14,3.75,0.14,13.78,14.12,13.61,4.21,6.53,0.173,0.048,-3.57,86.43,1.4,47.158,52.2,10.43,6.68,64.02,55.57,57.77
300337,20260428,13.62,3.74,-0.29,14.1,14.15,13.54,4.14,6.41,-0.347,-0.096,-8.87,87.95,-1.375,49.139,51.95,10.04,6.3,62.72,40.27,56.32
300337,20260429,13.7,3.73,0.08,13.55,13.8,13.51,3,4.65,-0.036,0.049,-4.14,89.532,-0.736,51.986,51.95,9.84,6.11,62.06,44.65,54.22
300337,20260430,13.96,3.45,0.25,13.84,14.11,13.48,6.96,10.8,0.125,0.171,0.28,89.54,1.073,49.057,52.49,9.43,5.98,63.42,57.6,55.44
300337,20260506,14.66,3.51,0.55,14.08,14.86,14.05,8.7,13.48,0.138,0.275,3.74,77.723,5.595,45.158,52.78,8.98,5.47,60.94,86.67,57.76
300337,20260507,15.08,3.44,0.17,14.66,15.25,14.6,8.09,12.54,0.255,0.202,4.86,69.279,7.718,43.367,52.83,9.2,5.76,62.57,95.51,59.17
300337,20260508,15.27,3.48,0.05,14.8,15.3,14.76,7.62,11.81,0.268,-0.021,7.7,63.638,8.194,42.731,52.85,9.17,5.69,62.01,98.25,59.98
300337,20260511,15.22,4.03,-0.11,15.16,15.49,15.03,7.01,10.87,-0.144,-0.08,5.48,68.052,7.017,42.962,52.62,9.81,5.78,58.86,92.67,60.22
300337,20260512,14.38,3.75,-0.76,14.61,14.86,14.3,8.6,13.34,-0.61,-0.231,0.39,88.087,0.873,41.658,51.57,9.34,5.59,59.85,53.42,61.51
300337,20260513,14.6,3.72,0.23,14.5,14.76,14.38,5.14,7.96,0.013,0.063,-1.13,85.675,2.261,44.136,51.41,9.17,5.45,59.4,65.29,60.22
300337,20260514,13.92,3.89,-0.62,14.69,14.7,13.88,4.99,7.74,-0.36,-0.147,-6.09,92.248,-2.516,46.104,50.97,9.2,5.31,57.71,33.51,59.03
300337,20260515,13.55,3.71,-0.24,13.94,14.02,13.39,3.78,5.86,-0.164,-0.082,-10.29,81.961,-4.91,48.863,50.94,9.04,5.33,58.93,21.29,57.16
300363,20250922,26.39,3.44,,26.7,27.3,26,3.78,6.55,-0.082,-0.022,-5.84,82.406,1.661,49.843,62.3,10.83,7.39,68.23,62.15,61.26
300363,20250923,24.98,3.24,-0.44,26.35,26.39,24.22,5.79,10.05,-0.835,-0.187,-11.7,77.691,-3.681,49.553,61.82,10.38,7.14,68.8,35.24,60.91
300363,20250924,25.19,3.21,0.09,24.97,25.35,24.66,3.08,5.33,-0.065,0.08,-12.08,80.924,-2.729,52.439,61.69,10.38,7.17,69.04,40.65,58.56
300363,20250925,24.68,3.19,-0.23,25.27,25.84,24.68,4.27,7.4,-0.323,-0.021,-11.73,76.576,-4.487,53.093,61.66,10.14,6.95,68.57,26.67,57.45
300363,20250926,24.54,2.98,-0.03,24.31,25.15,23.95,4.06,7.04,0.111,-0.067,-10.05,75.921,-4.717,53.759,61.6,10.17,7.19,70.63,24.86,56.34
300363,20250929,24.47,2.98,0,24.63,24.74,23.92,2.77,4.81,0.125,-0.013,-9.22,75.677,-4.805,55.916,61.59,9.99,7.01,70.12,24.76,54.31
300363,20250930,25.77,2.87,0.56,24.48,25.85,24.36,4.34,7.52,0.867,0.075,6.82,90.037,0.401,55.249,62.19,9.86,6.99,70.85,59.51,53.89
300363,20251009,26.12,3.06,0.1,25.83,26.35,25.43,3.94,6.83,-0.009,0.025,6.59,89.312,1.691,55.224,62.39,9.7,6.64,68.48,65.91,53.17
300363,20251010,24.9,3.19,-0.52,26,26,24.85,3.24,5.62,-0.417,-0.079,5.66,82.911,-3.014,56.129,62.16,9.73,6.54,67.23,33.75,51.95
300363,20251013,23.34,3.17,-0.43,23.44,24.5,23,4.49,7.79,-0.044,-0.083,4.27,58.594,-8.527,54.844,61.99,9.73,6.56,67.44,7.12,52.01
300363,20251014,23.21,3.59,-0.03,24.63,25.75,23.1,7.32,12.7,0.231,0.054,4.72,57.182,-8.397,49.919,62.02,9.69,6.1,63.02,5.2,54.61
300363,20251015,24.8,3.55,0.55,23.42,25,23.2,6.34,10.99,0.354,0.079,0.89,85.078,-1.665,47.964,62.05,9.53,5.98,62.78,39.1,55.86
300363,20251016,25.03,3.53,0.12,24.72,25.58,24.33,4.2,7.29,0.184,0.048,2.34,87.475,-0.666,49.268,62.21,9.37,5.84,62.34,46.81,55.09
300363,20251017,23.98,3.7,-0.48,25.03,25.21,23.95,3.4,5.89,-0.049,-0.086,4.92,78.709,-4.696,51.264,62.21,9.4,5.7,60.65,17.21,53.75
300363,20251020,24.6,3.89,0.27,24.5,25.09,23.97,2.74,4.74,0.277,0.01,8.14,85.268,-2.13,53.664,62.33,9.43,5.54,58.8,33.92,52
300363,20251021,24.71,3.87,0.08,24.6,24.93,24.05,2.67,4.63,0.078,0.024,8.64,86.342,-1.613,55.558,62.28,9.27,5.4,58.28,38.86,50.41
300363,20251022,24.51,3.85,-0.12,24.55,25.12,24.37,1.83,3.18,-0.023,-0.018,5.76,85.122,-2.342,58.325,62.3,9.27,5.42,58.45,31.57,48.23
300363,20251023,24.82,4.03,0.2,24.4,24.91,24.07,2.29,3.97,0.231,0.009,6.96,87.594,-1.035,59.639,62.44,9.29,5.26,56.58,44.35,46.72
300363,20251024,25.63,3.91,0.37,24.88,26.61,24.76,4.88,8.47,0.427,0.114,14.49,93.323,2.138,55.98,62.71,9.14,5.23,57.21,67.47,47.94
300363,20251027,26.16,4,0.17,26.28,26.61,25.74,4.82,8.79,0.229,0.057,11.99,90.745,3.884,53.487,51.87,9,5,55.48,76.18,49.16
300363,20251028,26.07,4.2,-0.05,26.09,26.43,25.71,3.15,5.73,-0.16,-0.028,8.61,91.722,3.336,54.33,51.82,9.03,4.83,53.46,73.49,48.51
300363,20251029,27.6,3.75,0.34,26.07,27.67,25.88,5.58,10.17,0.94,0.1,15.75,62.891,8.771,51.085,52.61,8.87,5.12,57.71,91.54,50.39
300363,20251030,26.6,3.3,-0.24,27.3,27.33,26.51,3.88,7.07,-0.2,-0.107,10.12,88.086,4.418,51.383,52.51,8.71,5.41,62.12,79.06,50.3
300363,20251031,26.65,3.16,0,26.59,27.12,26.13,3.63,6.62,0.037,0.022,7.04,88.079,4.334,51.961,52.67,8.56,5.4,63.08,78.88,49.97
300363,20251103,26.43,3.21,-0.13,27.3,27.33,26.12,3.36,6.12,-0.118,-0.037,4.16,90.701,3.176,52.787,52.74,8.58,5.37,62.53,72.13,49.43
300363,20251104,25.51,3.02,-0.45,26.27,26.37,25.28,2.84,5.15,-0.143,-0.065,4.14,94.65,-0.466,54.2,52.53,8.42,5.4,64.07,48.44,48.42
300363,20251105,24.97,3.21,-0.24,25.11,25.6,24.49,2.94,5.35,-0.076,-0.073,-8.3,91.346,-2.461,55.038,52.4,8.45,5.24,62.07,35.97,47.66
300363,20251106,25.06,3.38,0.05,24.99,25.25,24.85,1.74,3.15,-0.1,0.043,-6.86,92.154,-2.044,57.752,52.39,8.47,5.09,60.08,38.34,45.76
300363,20251107,24.72,3.21,-0.22,24.97,25.16,24.59,1.8,3.27,-0.026,-0.034,-10.37,88.761,-3.286,59.717,52.33,8.31,5.1,61.4,26.98,44.12
300363,20251110,25.21,3.39,0.34,24.76,25.25,24.65,2.04,3.71,0.085,0.015,-6.91,93.603,-1.288,60.68,52.36,8.34,4.95,59.39,44.75,42.93
300363,20251111,24.75,3.21,-0.32,25.17,25.17,24.5,2.26,4.11,-0.05,-0.061,-5.27,89.646,-3.001,60.856,52.41,8.18,4.97,60.71,27.83,42.11
300363,20251112,24.42,3.35,-0.2,24.8,25.14,24.25,2.31,4.19,-0.067,-0.023,-4.27,84.459,-4.152,60.793,52.48,8.13,4.78,58.84,17.41,41.43
300363,20251113,25.15,3.35,0.55,24.52,25.35,24.32,2.48,4.51,0.454,0.074,6.74,93.852,-1.174,60.26,52.58,8.15,4.8,58.84,46.38,41.03
300363,20251114,25.14,3.35,-0.01,24.94,25.68,24.83,2.25,4.09,0.108,0.033,9.95,94.013,-1.147,60.274,52.66,7.99,4.64,58.1,45.66,40.42
300363,20251117,24.43,3.32,-0.55,24.98,25.14,24.29,2.18,3.96,-0.169,-0.071,4.08,85.749,-3.827,60.356,52.54,7.78,4.46,57.32,16.79,39.79
300363,20251118,24.22,3.31,-0.09,24.35,24.59,24.07,1.35,2.46,-0.092,-0.009,4.67,82.4,-4.547,62.265,52.49,7.78,4.47,57.49,11.97,38.28
300363,20251119,23.82,3.16,-0.1,24.32,24.48,23.62,1.32,2.39,-0.091,-0.005,5.21,73.163,-6,63.789,52.42,7.8,4.64,59.43,6.65,36.89
300363,20251120,23.48,2.98,-0.05,23.9,24.15,23.48,1.35,2.45,-0.114,-0.013,-10.04,65.44,-7.182,64.824,52.35,7.62,4.64,60.81,3.81,35.66
300363,20251121,22.53,3.35,-0.07,23.32,23.59,22.5,2.09,3.79,-0.073,0.005,-16.62,34.315,-10.592,63.494,52.24,8.11,4.76,58.67,0.33,35.46
300363,20251124,23.19,3.34,0.07,22.76,23.33,22.6,1.63,2.96,0.08,0.007,-9.19,60.219,-7.706,63.627,52.26,8.25,4.91,59.56,4,34.73
300363,20251125,23.37,3.19,0.05,23.31,23.69,23.12,1.53,2.77,0.042,0.047,-3.32,64.784,-6.784,63.911,52.33,8.25,5.06,61.4,6.52,33.94
300363,20251126,23.56,3.06,0.05,23.4,24.06,23.39,1.58,2.86,0.072,0.025,2.15,69.379,-5.833,63.886,52.4,8.27,5.21,63.07,9.2,33.3
300363,20251127,23.72,3.07,0.07,23.53,23.96,23.38,1.41,2.57,0.117,0.02,8.74,73.161,-5.037,64.246,52.47,8.27,5.2,62.88,12.68,32.51
300363,20251128,23.8,2.86,0.02,23.67,23.98,23.49,1.05,1.91,-0.017,0.008,11.74,75.426,-4.611,65.542,52.47,8.29,5.43,65.48,13.82,31.35
300363,20251201,23.87,2.66,0.02,23.93,24.33,23.7,1.54,2.79,-0.068,-0.013,7.1,77.493,-4.197,64.895,52.47,8.11,5.45,67.14,15.12,30.93
300363,20251202,23.19,2.66,-0.22,23.7,23.74,23.12,1.34,2.44,-0.09,-0.029,0.93,63.486,-6.765,64.926,52.46,8.11,5.45,67.14,3.81,30.29
300363,20251203,23.18,2.47,0.01,23.17,23.38,23.01,0.91,1.65,0.011,0.012,-1.84,63.614,-6.677,66.331,52.47,8.11,5.64,69.47,4.38,29.15
300363,20251204,23.13,2.7,-0.01,23.16,23.39,22.97,0.98,1.79,0.016,-0.001,-8.3,62.914,-6.737,67.074,52.47,8.32,5.62,67.55,4,28.21
300363,20251205,23.42,2.73,0.12,23.06,23.44,22.91,1.07,1.94,0.046,0.024,-4.29,69.161,-5.422,67.235,52.45,8.32,5.59,67.16,10.31,27.48
300363,20251208,23.42,2.67,0,23.41,23.69,23.38,1.2,2.17,-0.051,0.02,-2.21,69.544,-5.278,66.761,52.44,8.32,5.65,67.96,10.14,26.98
300363,20251209,23.5,2.49,0.04,23.4,24.09,23.35,1.8,3.27,0.018,0.002,4.11,71.551,-4.748,63.996,52.57,8.16,5.67,69.48,12.14,27.36
300363,20251210,23.67,2.47,0.1,23.38,23.72,22.98,1.3,2.36,0.045,0.003,4.72,75.053,-3.922,63.705,52.56,8.16,5.69,69.68,17.23,27.02
300363,20251211,23.95,2.67,0.12,23.88,24.38,23.6,2.49,4.53,0.293,0.006,12.23,81.549,-2.618,59.196,52.77,8.18,5.51,67.35,23.67,28.34
300363,20251212,24.84,2.63,0.48,24,25.19,23.72,5.05,9.17,0.817,0.103,23.37,94.049,1.082,49.147,53.33,8.03,5.4,67.32,49.48,32.93
300363,20251215,23.58,2.79,-0.67,24.76,24.76,23.48,3.23,5.86,-0.33,-0.046,13.8,76.198,-3.931,47.739,53.38,8.05,5.26,65.36,13.63,34.48
300363,20251216,22.67,2.98,-0.24,23.29,23.47,22.63,1.89,3.43,-0.118,-0.057,10.8,55.642,-7.388,49.973,53.32,8.21,5.23,63.71,0.74,34.17
300363,20251217,23.04,3,0.08,22.75,23.07,22.61,1.2,2.19,-0.063,0.009,9.48,67.81,-5.709,53.417,53.35,8.42,5.42,64.39,4.82,33.03
300363,20251218,23.03,3,0.01,22.8,23.44,22.7,1.35,2.44,-0.038,0.021,5.4,68.073,-5.568,55.732,53.32,8.42,5.42,64.39,5.61,32.19
300363,20251219,23.67,2.98,0.28,23.1,23.96,22.95,1.73,3.14,0.094,0.025,-11.33,78.978,-2.783,56.418,53.33,8.42,5.44,64.59,20.51,31.92
300363,20251222,23.25,2.97,-0.2,23.5,23.61,23.19,1.36,2.48,-0.199,-0.008,-9.96,72.837,-4.386,57.971,53.3,8.23,5.26,63.91,9.81,31.21
300363,20251223,23.34,2.98,0.04,23.25,23.49,23.13,1.08,1.97,0.049,0.019,-3.16,74.501,-3.912,60.002,53.33,8.26,5.28,63.91,11.93,30.21
300363,20251224,23.69,2.97,0.22,23.26,23.86,23.16,1.27,2.3,0.085,0.026,2.7,80.036,-2.371,60.948,53.36,8.26,5.29,64.11,23.74,29.55
300363,20251225,23.86,3.16,0.1,23.76,23.97,23.49,1.07,1.94,0.031,0.005,4.73,83.233,-1.622,62.291,53.37,8.28,5.12,61.81,28.93,28.68
300363,20251226,23.54,3.15,-0.18,23.8,23.96,23.47,1.07,1.95,-0.06,-0.006,-2.28,78.305,-2.88,63.248,53.33,8.28,5.13,62,19.09,27.91
300363,20251229,23.3,3.13,-0.14,23.45,23.7,23.1,1.39,2.52,-0.103,-0.012,1.34,75.175,-3.751,62.767,53.27,8.28,5.15,62.19,11.45,27.63
300363,20251230,23.45,3.1,0.11,23.2,23.65,23.08,1.31,2.39,0.003,0.011,-0.63,77.604,-3.014,62.588,53.28,8.07,4.97,61.63,17.49,27.29
300363,20251231,23.24,3.13,-0.14,23.4,23.78,23.21,1.27,2.31,0.012,-0.004,-4.49,74.909,-3.772,62.531,53.29,8.12,4.99,61.45,10.12,26.92
300363,20260105,24.55,3.29,0.77,23.24,24.59,23.23,2.97,5.39,0.449,0.054,9.64,92.833,1.732,56.531,53.33,8.14,4.85,59.5,51.25,28.9
300363,20260106,24.45,3.08,-0.05,24.67,24.7,24.1,1.89,3.44,-0.144,-0.029,5.96,92.018,1.233,55.922,53.34,7.94,4.86,61.24,48.59,29.2
300363,20260107,24.9,3.28,0.26,24.4,25.25,24.37,2.58,4.69,0.098,0.042,10.31,95.889,2.96,53.462,53.43,7.98,4.7,58.89,62.22,30.38
300363,20260108,24.95,3.48,0.01,24.91,25.38,24.85,2.06,3.75,-0.075,0.033,8.22,96.147,3.005,53.307,53.34,8.01,4.53,56.56,62.87,30.74
300363,20260109,25.6,3.3,0.29,24.88,25.63,24.81,2.41,4.37,0.229,0.033,12.02,94.228,5.427,52.32,53.38,7.82,4.52,57.71,78.09,31.5
300363,20260112,25.97,3.04,0.08,25.65,26.19,25.25,3.42,6.21,0.154,0.11,7.71,86.556,6.4,49.181,53.58,7.87,4.83,61.38,82.11,33.48
300363,20260113,27.41,2.81,0.24,26.21,27.72,26.21,5.76,10.46,0.826,0.098,17.85,52.814,10.864,42.595,54.1,8.15,5.34,65.54,95.29,38.14
300363,20260114,29.41,3.64,0.04,27.39,30.4,27.03,8.34,15.14,1.082,0.142,20.42,22.586,15.914,35.679,54.87,9.74,6.1,62.67,97.42,45.01
300363,20260115,28.26,3.91,-0.13,28.51,28.99,27.98,4.61,8.37,-0.076,-0.077,17.45,40.071,10.137,37.443,54.64,10.48,6.57,62.71,90.42,46.44
300363,20260116,27.86,3.44,-0.09,28.37,28.44,27.56,3.21,5.83,-0.047,-0.027,15.02,49.858,7.896,40.872,54.58,10.48,7.04,67.19,85.31,46.2
300363,20260119,26.45,3.14,-0.31,27.43,27.71,26.35,3.77,6.85,-0.124,-0.037,12.17,76.208,2.096,42.7,54.39,10.48,7.34,70.02,68.58,46.58
300363,20260120,25.98,3.14,-0.13,26.46,26.63,25.59,2.47,4.49,-0.148,-0.033,6.02,83.969,0.221,46.166,54.32,10.31,7.17,69.52,61.53,45.55
300363,20260121,26.06,3.35,0.01,25.72,26.66,25.7,2.52,4.58,0.167,-0.009,-5.91,83.236,0.536,48.757,54.46,10.35,7,67.66,61.9,44.71
300363,20260122,25.94,3.33,-0.04,26.13,26.33,25.8,1.69,3.06,-0.144,-0.024,-7.8,85.163,0.058,52.283,54.43,10.35,7.02,67.87,59.59,43.06
300363,20260123,25.95,3.29,-0.02,26.3,26.62,25.68,3.5,6.35,0.025,-0.027,-5.89,85.59,0.041,51.504,54.49,10.14,6.85,67.54,58.55,43.58
300363,20260126,26.4,3.53,0.19,26.14,26.58,25.73,4.31,7.83,0.054,0.018,-1.75,80.153,1.663,49.546,54.78,10.21,6.68,65.46,69.23,44.91
300363,20260127,25.6,3.5,-0.36,26.44,26.45,25.13,3.32,6.04,-0.209,-0.057,-2.69,88.384,-1.43,50,54.56,10.01,6.51,65.08,49.33,44.99
300363,20260128,25.23,3.51,-0.12,25.56,25.69,25.15,1.93,3.5,-0.119,-0.02,-6.75,87.188,-2.771,52.894,54.46,10.04,6.53,65.09,43.05,43.57
300363,20260129,24.9,3.52,-0.14,25.13,25.45,24.74,1.89,3.43,0.078,-0.029,-3.82,84.459,-3.909,55.191,54.5,10.07,6.55,65.09,35.38,42.27
300363,20260130,24.44,3.71,-0.17,24.89,25.368,24.28,1.91,3.47,-0.037,-0.012,-5.05,79.811,-5.505,56.894,54.49,10.07,6.36,63.2,26.09,41.14
300363,20260202,23.37,3.52,-0.34,24.26,24.4,23.3,2.55,4.64,0.052,-0.068,-7.86,55.311,-9.264,56.748,54.46,9.9,6.38,64.49,7.52,40.85
300363,20260203,23.79,3.74,0.19,23.57,23.91,23.32,1.75,3.18,-0.062,0.013,-4.55,67.27,-7.361,58.366,54.43,9.93,6.19,62.39,17.9,39.69
300363,20260204,24.03,3.72,0.1,23.69,24.06,23.47,1.67,3.03,0.069,-0.003,0.05,74.429,-6.192,59.754,54.44,9.93,6.21,62.59,23.58,38.55
300363,20260205,24.02,3.5,0,24.18,24.64,23.85,1.79,3.25,0.047,-0.013,-0.32,74.658,-6.019,60.454,54.57,9.73,6.23,64.08,23.33,37.68
300363,20260206,23.77,3.72,-0.09,23.72,24.25,23.5,1.79,3.25,0.063,-0.016,1.92,68.418,-6.743,60.915,54.53,9.76,6.04,61.95,18.19,36.9
300363,20260209,23.8,3.73,0.02,24.03,24.16,23.57,1.43,2.6,0.011,0.015,3.6,69.715,-6.446,62.132,54.51,9.79,6.06,61.95,19.19,35.78
300363,20260210,23.91,3.73,0.06,23.8,24.39,23.71,1.77,3.22,0.106,0.017,8.06,73.091,-5.786,62.056,54.64,9.79,6.06,61.95,22.33,35.18
300363,20260211,24,3.71,0.05,23.95,24.24,23.9,1.28,2.32,-0.032,0.015,6.22,75.748,-5.282,63.293,54.63,9.79,6.08,62.15,24.86,34.04
300363,20260212,23.92,3.72,-0.04,23.9,24.44,23.88,1.56,2.84,0.043,-0.013,6.13,74.096,-5.411,63.333,54.62,9.62,5.9,61.29,22.41,33.37
300363,20260213,23.4,3.74,-0.28,23.95,24.09,23.4,1.53,2.78,-0.087,-0.016,1.78,62.375,-7.262,63.359,54.56,9.65,5.91,61.3,7.4,32.73
300363,20260224,23.38,3.77,-0.01,23.82,23.91,23.38,1.15,2.1,-0.035,-0.007,-0.11,62.373,-7.182,64.452,54.58,9.68,5.91,61.11,6.87,31.68
300363,20260225,23.6,3.78,0.14,23.45,23.66,23.24,1.27,2.3,0.03,0.015,-2.68,67.718,-6.125,64.859,54.56,9.71,5.93,61.11,14.27,30.87
300363,20260226,23.55,3.52,-0.03,23.68,23.94,23.45,1.56,2.83,0.026,0.005,-1.18,67.161,-6.116,64.107,54.63,9.45,5.93,62.8,12.67,30.51
300363,20260227,23.52,3.79,-0.01,23.46,23.74,23.36,1.04,1.88,-0.021,-0.013,-3.74,66.872,-6.088,65.183,54.65,9.54,5.75,60.24,11.97,29.52
300363,20260302,22.01,4.26,-0.21,23.2,23.34,21.91,3.78,6.86,-0.178,-0.105,-6.94,38.233,-11.358,57.182,54.53,10.27,6.01,58.56,0.27,32.23
300363,20260303,20.92,4.69,0,22.1,22.24,20.81,3.03,5.51,-0.189,-0.059,-9.34,7.714,-14.955,54.103,54.37,10.88,6.19,56.88,0.24,33.62
300363,20260304,20.66,5.06,0.01,20.78,20.97,20.36,1.8,3.27,0.023,-0.017,-10.22,7.578,-15.456,55.166,54.41,11.58,6.52,56.34,0.83,33.29
300363,20260305,20.81,5.84,0.02,20.99,21.13,20.62,1.55,2.81,0.054,0.022,-9.89,10.003,-14.394,56.648,54.43,12.31,6.47,52.54,2,32.68
300363,20260306,21.21,6.61,0.07,20.77,21.34,20.63,1.56,2.84,-0.012,0.02,-8.56,17.008,-12.308,57.712,54.43,13.3,6.69,50.25,5.63,32.15
300363,20260309,21.07,7.58,0.01,20.88,21.14,20.53,1.52,2.76,0.05,-0.016,-3.33,15.487,-12.467,58.614,54.41,14.45,6.87,47.58,6.1,31.62
300363,20260310,21.43,7.11,0.04,21.3,21.59,21.25,1.45,2.63,0.084,0.007,7.43,26.681,-10.623,59.473,54.5,14.45,7.34,50.79,8.52,31.05
300363,20260311,21.16,6.68,-0.03,21.44,21.55,21.16,1.48,2.68,0.09,-0.006,10.67,19.641,-11.397,59.996,54.48,14.21,7.53,52.97,6.99,30.57
300363,20260312,21.23,6.34,0.03,21.2,21.45,21.04,1.51,2.74,0.036,-0.005,8.41,22.542,-10.738,60.235,54.53,14.27,7.93,55.6,8.4,30.19
300363,20260313,21.06,6.21,-0.04,21.15,21.37,21,17,2.13,0.016,-0.002,9.37,20.163,-11.163,61.451,54.52,14.27,8.06,56.45,6.21,29.4
300363,20260316,21.15,5.84,0.04,21.08,21.3,20.96,1.31,2.38,0.043,-0.009,9.65,22.738,-10.464,61.856,54.56,14.33,8.49,59.27,8.4,28.88
300363,20260317,21.13,5.2,0,21,21.73,20.97,1.94,3.53,0.119,-0.015,10.08,24.043,-10.078,59.971,54.64,14.03,8.83,62.91,8.29,29.24
300363,20260318,21.01,3.71,-0.04,21.12,21.3,20.88,1.38,2.51,-0.089,0.002,3.87,23.453,-10.267,60.397,54.62,14.09,10.38,73.66,6.09,28.82
300363,20260319,20.34,3.76,-0.11,20.8,20.93,20.25,1.57,2.85,-0.073,0.015,0.59,21.127,-12.709,60.036,54.61,14.29,10.53,73.68,0.2,28.7
300363,20260320,19.87,3.84,0,20.43,20.67,19.83,1.45,2.64,0.054,-0.02,1.32,20.623,-14.299,60.11,54.61,14.59,10.75,73.66,0.07,28.43
300363,20260323,18.99,4.57,0.01,19.63,19.85,18.7,2.25,4.09,-0.047,-0.045,-3,8.708,-17.308,57.473,54.55,15.38,10.81,70.31,0.49,29.26
300363,20260324,19.59,4.9,0.05,19.28,19.62,19.15,1.6,2.91,0.164,0.021,-0.86,22.281,-14.16,57.662,54.56,15.99,11.09,69.36,3.27,29.13
300363,20260325,19.65,5.14,0.01,19.67,19.87,19.53,1.22,2.21,0.023,0.004,3.44,23.879,-13.523,59.038,54.56,16.12,10.98,68.13,3.86,28.5
300363,20260326,19.5,5.82,-0.01,19.68,20.06,19.39,1.45,2.63,0.056,0.026,69,23.446,-13.739,59.265,54.58,17.14,11.32,66.01,3.17,28.25
300363,20260327,20.41,5.69,0.12,19.25,20.48,19.21,2.03,3.69,0.22,0.047,15.46,29.281,-9.13,57.462,54.61,17.23,11.54,66.97,9.83,28.8
300363,20260330,20.9,5.81,0.12,20.32,21.08,20.1,2.54,4.61,0.053,0.019,18.67,33.059,-6.451,54.646,54.74,17.23,11.42,66.3,16.39,29.97
300363,20260331,21,5.36,0.04,20.91,21.78,20.9,3.04,5.51,0.129,0.001,13.57,35.942,-5.559,51.454,54.81,17.02,11.66,68.48,18.49,31.66
300363,20260401,22.49,5.46,0.33,21.27,22.52,21.01,4.77,8.66,0.373,0.043,16.18,58.942,1.327,45.537,55.15,16.89,11.43,67.66,36.61,35.35
300363,20260402,22.35,5.47,0,22.25,22.61,21.966,3.36,6.1,0.127,-0.01,14.01,59.538,0.659,45.172,55.24,16.68,11.21,67.18,36.57,36.74
300363,20260403,21.54,5.4,-0.15,22.01,22.18,21.51,2.96,5.37,-0.104,-0.042,7.58,51.32,-2.861,45.961,55.06,16.38,10.98,67.02,28.09,37.46
300363,20260407,21.55,5.42,0.02,21.76,21.96,21.15,2.38,4.5,-0.025,-0.006,6.39,52.858,-2.69,47.851,56.85,16.17,10.75,66.5,28.97,37.53
300363,20260408,21.77,5.35,0.07,21.99,22.13,21.46,2.98,5.64,0.02,0.055,5.81,57.833,-1.616,48.08,56.9,15.87,10.52,66.3,33.16,38.33
300363,20260409,21.68,5.58,-0.04,21.52,22.47,21.52,2.96,5.61,0.183,-0.001,3.03,57.759,-1.865,48.412,57.05,15.87,10.29,64.85,31.01,39
300363,20260410,22.05,5.56,0.14,21.63,22.43,21.63,3.07,5.81,0.273,0.009,5.71,63.416,-0.111,48.549,57.15,15.57,10.01,64.26,38.8,39.72
300363,20260413,21.62,5.84,-0.18,21.88,21.95,21.57,2.2,4.16,-0.143,-0.01,6.39,59.322,-1.988,50.53,57,15.57,9.73,62.45,28.74,39.3
300363,20260414,22.03,5.45,0.22,21.7,22.05,21.41,2.4,4.55,0.265,0.034,11.91,65.145,-0.082,51.608,57.01,15.28,9.83,64.32,41.1,39.17
300363,20260415,22.18,5.77,0.07,22.54,22.66,21.77,3.56,6.72,0.036,0.01,10.48,67.65,0.486,50.03,57.1,15.36,9.59,62.47,44.84,40.45
300363,20260416,22.53,5.58,0.12,22.18,22.68,21.85,3.01,5.69,0.431,0.035,14.38,70.594,1.986,50.142,57.21,14.99,9.41,62.77,51.98,40.9
300363,20260417,21.79,5.89,-0.35,22.4,22.55,21.66,2.87,5.43,-0.282,-0.086,4.62,66.528,-1.365,50.569,57.02,15.06,9.17,60.88,31.87,41.14
300363,20260420,22.02,6.17,0.15,21.74,22.38,21.73,2.67,5.05,0.241,0.014,9.72,69.524,-0.268,51.339,57.09,15.06,8.89,58.98,40.46,41.1
300363,20260421,21.8,6.49,-0.15,22.01,22.32,21.62,1.85,3.49,-0.032,-0.029,5.09,68.32,-1.233,53.658,57.1,15.14,8.65,57.1,32.16,40.11
300363,20260422,22.02,6.45,0.17,21.7,22.25,21.65,2.17,4.11,0.15,0.016,7.57,70.819,-0.19,54.691,57.27,14.77,8.32,56.32,41.66,39.61
300363,20260423,21.37,6.77,-0.39,22.02,22.16,21.13,2.89,5.41,-0.134,-0.026,-2.7,64.901,-3.035,53.863,57.15,14.85,8.08,54.42,19.2,40
300363,20260424,21.38,6.61,0.02,21.11,21.8,20.82,2.36,4.43,0.231,0.001,7.95,65.895,-2.809,54.429,55.05,14.41,7.8,54.14,20.49,39.71
300363,20260427,21.41,6.6,0.02,21.38,21.64,21.22,1.63,3.05,0.081,0.006,5.91,66.968,-2.576,56.512,55.08,14.48,7.88,54.43,21.39,38.59
300363,20260428,21.88,6.83,0.3,21.65,23,21.65,5.5,10.29,0.391,-0.003,10.85,73.794,-0.326,49.645,55.51,14.19,7.36,51.84,38.1,42.25
300363,20260429,21.28,6.79,-0.36,21.89,21.95,20.87,4.25,7.95,-0.008,-0.038,6.66,68.885,-2.916,47.853,55.49,13.9,7.11,51.16,18.18,43.85
300363,20260430,21.21,6.72,-0.02,21.15,21.66,20.9,2.82,5.28,0.082,-0.013,9.23,69.179,-3.043,49.295,55.44,13.55,6.83,50.42,17.12,43.62
300363,20260506,21.08,6.68,-0.05,21.15,21.46,20.95,3.12,5.83,-0.327,-0.011,2.22,69.51,-3.421,49.865,55.37,13.26,6.58,49.65,14.08,43.75
300363,20260507,20.93,6.71,-0.07,21.16,21.47,20.75,2.89,5.4,-0.169,-0.04,-0.96,69.793,-3.903,50.759,55.42,13.33,6.62,49.67,10.28,43.6
300363,20260508,20.53,6.39,-0.08,20.87,21.05,20.46,2.91,5.45,-0.23,-0.069,-9.25,67.634,-5.458,51.401,55.29,13.04,6.65,51.02,5.83,43.51
300363,20260511,21.43,6.7,0.48,20.71,21.55,20.25,4.77,8.94,0.592,0.033,-1.36,75.709,-1.031,48.525,55.65,13.11,6.41,48.86,32.63,45.51
300363,20260512,21.05,6.61,-0.19,21.29,21.39,20.95,2.9,5.43,0.058,-0.063,-2.19,74.235,-2.274,49.922,55.68,12.83,6.22,48.51,22.3,45.15
300363,20260513,20.58,6.89,-0.24,21,21.06,20.37,2.73,5.1,-0.001,-0.051,0.88,72.724,-4.273,51.296,55.64,12.89,6,46.55,8.8,44.66
300363,20260514,16.46,9.78,-0.16,17.47,17.98,16.46,6.33,11.85,-0.759,-0.096,-3.23,6.546,-21.398,46.171,55.13,17.05,7.27,42.65,0,48.19
300363,20260515,15.55,13.34,0.01,15.66,16.32,15.51,8.88,16.63,0.262,-0.018,0.64,11.877,-22.519,39.947,54.88,22.7,9.36,41.24,0.42,53.72
300475,20250917,78.38,7.35,,75.15,79.88,73.71,10.82,18.05,0.844,0.064,7.16,39.791,25.735,33.761,59.9,34.46,27.11,78.66,96.64,77.29
300475,20250918,75.49,9.12,-0.37,78.01,79.88,74.26,10.94,18.26,-0.035,-0.121,4.9,51.495,17.387,35.19,59.35,32.86,23.74,72.25,74.71,76.58
300475,20250919,77.51,11.54,0.12,77.98,80.88,76.98,11.08,18.48,0.65,0.029,4.91,54.521,17.144,36.096,59.77,32.97,21.43,64.98,81.8,76.1
300475,20250922,87.63,13.52,0.28,79.68,88.61,78.48,13.57,22.63,0.79,0.068,7.09,22.142,26.818,35.104,60.71,36.67,23.15,63.13,98.66,76.98
300475,20250923,83.33,15.04,-0.21,83.97,87.96,80.63,12.68,21.15,-0.604,-0.078,3.44,54.646,16.741,35.083,60.42,35.33,20.29,57.43,85.76,77.18
300475,20250924,84.97,21.8,0.04,82.92,86.63,81.28,10.82,18.05,0.606,0.009,2.88,53.042,16.318,36.285,61.05,33.3,11.5,34.54,88.05,76.43
300475,20250925,80.56,23.2,-0.39,80.97,83.1,79.31,9.12,15.21,-0.027,-0.126,2.92,70.961,8.969,38.234,60.61,33.2,10,30.12,64.63,75.03
300475,20250926,77.83,23.59,-0.32,79.98,83.47,77.83,8.93,14.9,-0.326,-0.038,0.74,68.04,4.494,39.705,59.93,31.7,8.11,25.57,45.52,73.84
300475,20250929,84.23,23.13,0.64,79.25,86.25,79.25,9.43,15.72,1.019,0.12,1.51,68.002,11.812,40.334,60.53,30.54,7.41,24.27,84.22,73.17
300475,20250930,91.23,21.28,0.18,90.07,94.97,86.38,10.54,17.59,0.397,0.029,4.66,37.213,17.938,39.902,61.1,29.86,8.58,28.73,95.37,73.25
300475,20251009,98.67,19.69,-0.07,98.73,104.87,96.97,11.49,19.17,0.06,0.051,3.12,18.884,22.7,38.901,61.25,32.28,12.59,39,90.86,73.82
300475,20251010,100.99,16.05,0.01,95.65,103.89,91.92,11.98,19.99,0.712,-0.046,4.94,27.241,21.553,37.896,61.75,30,13.95,46.51,91.7,74.51
300475,20251013,92.5,10.08,-0.35,90.8,99.46,89.97,10.49,17.5,-0.181,-0.063,4.71,46.417,9.859,38.286,61.54,22.96,12.88,56.1,70.07,74.24
300475,20251014,88.14,7.72,-0.24,96.93,98.97,87.97,11.46,19.11,0.103,-0.095,2.23,55.832,3.229,37.869,61.69,19.25,11.53,59.88,54.97,74.54
300475,20251015,89.67,6.71,0.05,89.65,91.39,86.76,7.02,11.72,0.334,-0.01,2.11,59.893,4.559,40.744,61.61,17.91,11.2,62.5,58.35,72.46
300475,20251016,104.65,6.09,0.61,88.18,107.61,88.18,15.82,26.38,2.402,0.174,7.54,33.02,19.129,36.311,63.24,17.75,11.66,65.72,96.99,75.62
300475,20251017,100.52,4.84,-0.28,107.08,107.77,100.18,11.37,18.97,0.097,-0.025,6.3,53.701,11.584,36.638,63.03,16.92,12.08,71.38,79.13,75.53
300475,20251020,96.18,5.22,-0.31,103.97,105.97,94.34,10.38,17.31,0.021,-0.109,6.67,65.238,5.269,37.541,62.44,16.05,10.83,67.5,59.63,74.96
300475,20251021,104.87,5.76,0.48,96.2,109.54,96.2,10.94,18.25,0.506,0.085,7.97,52.572,13.239,37.765,62.71,16.06,10.3,64.15,89.42,74.82
300475,20251022,107.68,6.6,0.09,100.47,111.08,98.41,10.96,18.28,0.468,0.059,7.85,51.283,14.353,37.901,63.26,16.52,9.92,60.03,95.11,74.72
300475,20251023,106.28,6.81,-0.11,105.53,108.94,98.86,11.95,19.43,0.295,-0.054,3.17,60.775,10.827,37.31,61.11,15.63,8.82,56.39,88.26,75
300475,20251024,127.53,9.72,0.19,115.97,127.53,112.91,13.39,21.76,1.474,0.017,6.15,11.88,27.35,35.984,61.97,22.1,12.38,56.03,100,75.92
300475,20251027,133.62,9.02,-0.06,130.96,139.09,121.96,11.59,18.84,-0.656,0.026,4.45,18.023,27.606,36.345,61.57,25.56,16.54,64.69,96.21,75.72
300475,20251028,128.27,8.04,-0.11,125.06,131.82,122.96,7.53,12.24,-0.104,-0.084,3.04,27.903,20.148,39.335,61.33,24.65,16.61,67.4,89.7,73.58
300475,20251029,130.73,8.73,-0.01,128.5,137.77,126.01,7.7,12.51,-0.069,0.081,2.09,32.17,19.979,41.341,61.28,25.45,16.72,65.73,89.08,71.93
300475,20251030,128.57,6.69,-0.14,135,139.6,124.5,7.35,11.95,-0.088,-0.089,1.24,39.01,15.748,43.002,61.28,23.38,16.69,71.4,80.35,70.41
300475,20251031,132.52,7.17,0.16,125.3,133,118.88,7.78,12.65,0.057,-0.064,-3.27,41.279,17.441,43.782,61.32,23.13,15.96,68.99,89.9,69.42
300475,20251103,143.6,7.68,0.15,126.64,145,126.64,8.99,14.61,0.451,0,0.61,25.159,24.448,43.26,61.92,23.87,16.19,67.82,99.31,69.33
300475,20251104,143.73,10.23,-0.09,144,152.98,139.61,7.95,12.93,0.023,0.027,1.45,30.809,21.508,43.708,61.93,27.7,17.47,63.06,93.66,68.65
300475,20251105,148.3,7.98,0.05,133.56,149.02,133.56,7.56,12.28,0.583,0.047,3.78,26.621,23.079,44.306,62.33,25.77,17.79,69.03,96.62,67.87
300475,20251106,161.07,8.44,0.03,154,163,151.57,7.88,12.84,0.419,0.104,6.15,14.436,29.617,44.391,62.51,27.96,19.52,69.81,98.69,67.44
300475,20251107,170,10.84,-0.06,157.16,184.88,157.16,8.75,14.26,0.324,0.108,7.21,15.869,32.068,43.638,62.55,32.49,21.65,66.64,95.17,67.64
300475,20251110,195.82,8.46,0.07,180,197,163.96,11.36,18.52,0.105,0.108,5.71,9.853,42.552,40.916,62.77,34.88,26.42,75.74,99.6,69.39
300475,20251111,176.58,6.41,-0.33,194,204.57,175,13.23,21.55,-0.384,-0.103,2.94,26.908,21.43,37.801,62.13,34.81,28.4,81.57,78.94,71.8
300475,20251112,195.06,11.32,0.22,176.04,200,168.98,15.57,25.37,1.029,0.032,3.65,31.01,27.308,34.391,63.11,34.23,22.91,66.93,92.84,74.83
300475,20251113,192.97,11.87,-0.14,191.5,201.53,187,12.21,19.9,-0.286,0.001,1.75,41.909,21.257,34.628,62.69,33.93,22.06,65.02,84.11,75.23
300475,20251114,174.59,11.71,-0.47,176.82,184.98,170.01,11.47,18.69,-0.699,-0.185,-0.61,42.921,8.107,35.334,61.74,32.85,21.14,64.35,55.12,75.15
300475,20251117,170.89,13.14,-0.12,178.06,182.3,166.55,10.26,16.71,-0.14,-0.07,-1.38,43.913,4.743,36.646,61.68,31.37,18.23,58.12,47.68,74.49
300475,20251118,160.9,14.49,-0.17,168.96,170.88,156.88,12.61,20.55,0.035,-0.112,-0.59,36.782,-1.548,35.974,61.12,30.23,15.74,52.05,37.48,75.18
300475,20251119,161.45,15.1,0.02,160.01,165,158,8.35,13.6,0.173,-0.005,-2.88,43.303,-1.041,38.43,61.15,27.38,12.28,44.86,38.66,73.56
300475,20251120,145.9,10.94,-0.26,164,165,145.3,12.86,20.95,-0.788,-0.083,-4.12,26.492,-9.851,36.967,59.97,24.06,13.12,54.52,22.95,74.63
300475,20251121,126.41,5.42,-0.16,132.08,135.8,123.43,14.92,24.31,-0.037,-0.221,-2.48,25.243,-18.907,34.731,59.14,23.05,17.63,76.46,13.29,76.45
300475,20251124,126.9,5.96,0.06,128.82,131.5,124.44,8.79,14.32,0.04,0.018,-2.06,32.384,-16.975,37.313,59.05,22.94,16.98,74.01,16.54,74.78
300475,20251125,131.21,6.62,0.18,134.41,137.5,129.97,12.46,20.3,0.259,0.013,-1.41,42.049,-12.396,36.618,59.11,22.46,15.84,70.51,26.95,75.32
300475,20251126,133.4,7,0.16,128.28,136.3,126.44,11.08,18.06,0.48,0.06,-0.69,49.846,-9.371,37.098,59.64,21.82,14.82,67.92,36.44,75.03
300475,20251127,133.42,7,-0.03,133.51,140.78,131,11.08,18.06,0.166,0.043,1.85,55.864,-8.189,37.422,59.88,20.84,13.84,66.41,34.89,74.81
300475,20251128,141.89,7.63,0.43,132.54,143.6,131.51,13.33,21.72,0.974,0.146,5.22,57.438,-1.463,36.136,61.13,19.82,12.19,61.5,60.96,75.77
300475,20251201,135.55,7.76,-0.33,141.7,141.7,133.67,12.41,20.22,-1.234,-0.048,1.86,68.049,-5.33,35.942,60.19,18.85,11.09,58.84,41,76.02
300475,20251202,130.57,10.67,-0.41,133.01,134.8,129.54,9.37,15.27,-0.036,-0.043,1.18,69.66,-7.965,37.823,59.6,18.18,7.51,41.3,16.29,74.73
300475,20251203,126.66,11.5,-0.15,129.06,130.44,124.97,8.13,13.24,-0.243,-0.055,-0.74,64.128,-9.824,39.992,58.77,17.72,6.22,35.11,7.5,73.09
300475,20251204,122.15,11.04,-0.09,125,126,121.48,7.97,12.99,-0.128,-0.077,-1.85,49.299,-11.981,41.614,58.06,17.68,6.64,37.52,2.05,71.69
300475,20251205,124.39,10.95,0.13,124.33,126.66,120.88,6.73,10.97,-0.127,0.035,-6.1,62.674,-9.568,43.701,58.13,17.52,6.57,37.49,9.32,69.89
300475,20251208,143.36,9.48,1.14,127.01,146.33,126,18.01,29.35,2.075,0.053,4.26,59.592,4.624,36.373,59.87,16.05,6.57,40.93,77.64,74.93
300475,20251209,145.84,7.35,-0.01,140.82,150.88,138.18,15.65,25.51,0.382,0.073,5.06,59.031,5.507,33.897,60.01,14.78,7.43,50.28,76.88,77.03
300475,20251210,142.98,6.74,-0.1,145.03,145.83,136.38,9.34,15.22,-0.172,-0.073,5,70.038,2.944,36.375,59.85,13.95,7.21,51.7,70.69,75.5
300475,20251211,143.16,6.51,-0.05,147.97,148.05,139.82,11.47,18.69,0.092,0.038,5.49,73.199,2.381,36.68,60.07,13.18,6.67,50.61,67.83,75.36
300475,20251212,141.99,5.78,-0.13,143.41,149.92,137.8,9.91,16.14,-0.252,-0.001,4.84,77.523,1.291,37.939,59.92,12.13,6.35,52.34,60.14,74.47
300475,20251215,133.49,4.08,-0.5,132.61,135.5,129.11,7.65,12.47,-0.057,-0.059,0.12,82.487,-4.31,40.389,59.64,10.5,6.42,61.2,30.11,72.64
300475,20251216,128.9,4.08,-0.26,133.55,134.88,127.37,6.14,10,-0.198,-0.044,-2.33,65.283,-7.174,43.286,59.2,10.22,6.14,60.05,14.74,70.35
300475,20251217,137.56,4.13,0.6,130.1,137.92,128.95,7.4,12.06,0.771,0.059,1.38,89.156,-0.599,44.312,59.89,9.94,5.81,58.47,50.96,69.17
300475,20251218,140.53,3.7,0.19,141.12,143.96,136.4,8.93,14.55,0.37,0.018,2.47,86.323,1.344,43.682,60.09,9.26,5.56,60,62.28,69.11
300475,20251219,133.2,3.88,-0.57,141.76,143.5,132.16,8.92,14.53,-1.089,-0.166,-1.49,87.67,-3.848,43.203,59.36,8.91,5.03,56.5,28.37,69.05
300475,20251222,136.55,3.92,0.22,137,140.96,135.6,8.1,13.19,0.375,0.065,0.77,92.411,-1.3,43.51,59.85,8.64,4.72,54.68,41.69,68.52
300475,20251223,136.79,3.9,0.01,136.26,141.98,134.5,7.68,12.52,-0.09,0.04,1.46,93.118,-0.997,44.024,59.78,8.31,4.41,53.1,42.33,67.85
300475,20251224,148.95,3.43,0.8,138.6,153,138.6,13.46,21.93,1.269,0.137,3.21,73.833,7.06,39.563,60.93,8.62,5.19,60.16,91.27,70.83
300475,20251225,152.06,4.54,-0.07,148.97,161.75,148.97,12.4,20.2,0.029,-0.004,1.89,66.67,7.913,37.679,60.87,11.05,6.51,58.91,87.18,72.37
300475,20251226,159.33,3.21,0.07,152.22,164,152,11.94,19.45,0.731,0.022,6.88,41.78,11.312,36.87,61.47,11.06,7.85,70.96,91.74,73.26
300475,20251229,156.04,2.9,-0.22,161,165.99,155.16,10.09,16.44,-0.162,-0.061,4.82,59.077,7.549,37.68,61.33,11.3,8.4,74.32,78.25,72.95
300475,20251230,150.35,3.21,-0.28,155.09,159.99,149.5,8.89,14.48,-0.13,-0.099,4.14,80.929,3.02,39.107,60.84,11.2,7.99,71.33,61.2,72.07
300475,20251231,144.34,3.4,-0.22,150.27,152.65,142,7.55,12.3,-0.77,-0.089,-1.21,80.858,-1.187,41.108,60.21,11.03,7.63,69.24,48.05,70.64
300475,20260105,162.99,2.95,0.8,152,163,152,13.28,21.64,1.563,0.079,3.18,53.492,10.142,38.105,61.29,10.58,7.63,72.13,96.81,72.73
300475,20260106,170.9,4.36,0.02,159.68,173.71,156.88,12.36,20.15,0.043,0.047,1.36,43.109,13.437,36.933,61.84,12.26,7.9,64.43,97.81,73.76
300475,20260107,175.03,7.28,-0.17,190,194,174.78,12.67,20.64,-0.245,-0.019,1.02,38.942,12.435,36.032,61.98,16.92,9.64,56.98,87.35,74.67
300475,20260108,169,5.15,-0.16,173.17,179.9,167.07,8.79,14.32,-0.155,-0.044,1,54.878,7.394,38.113,61.41,16.88,11.73,69.5,77.22,73.38
300475,20260109,165,5.44,-0.1,165.57,167.53,162.01,7.71,12.57,-0.222,-0.08,2.09,62.439,4.342,40.349,61.09,16.13,10.69,66.28,71.31,71.79
300475,20260112,175,5.04,0.26,168.88,175,158.5,11.7,19.07,-0.138,0.021,-1.96,55.771,9.266,38.907,60.83,15.58,10.54,67.62,87.2,72.7
300475,20260113,165.76,5.35,-0.37,171.2,174.38,165,7.56,12.32,-0.373,-0.118,-3.81,69.521,2.986,41.014,60.44,15.04,9.69,64.41,64.64,71.16
300475,20260114,163.52,5.86,-0.18,170.46,173.73,161.79,9.41,15.33,-0.365,-0.006,-4.49,73.48,1.142,41.04,59.93,14.5,8.64,59.62,53.95,70.94
300475,20260115,170.53,6.57,0.39,158.91,173.5,156,9.39,15.3,0.635,0.057,-1.63,72.02,5.242,41.044,60.47,14.03,7.46,53.14,77.42,70.77
300475,20260116,179.26,6.8,0.18,169.99,190,168.38,12.03,19.6,0.872,0.149,2.45,61.591,9.342,39.017,61.17,15.01,8.21,54.69,88.68,72.12
300475,20260119,164.7,7.47,-0.73,177,177.69,164.68,9.89,16.11,-0.746,-0.27,-0.22,77.513,-0.064,39.295,60.24,14.83,7.36,49.61,44.53,71.96
300475,20260120,164.24,7.7,-0.03,166,169.3,160.55,7.49,12.21,-0.38,0.011,0.17,79.19,-0.362,41.286,59.8,14.48,6.78,46.82,42.93,70.52
300475,20260121,162.33,7.75,-0.16,164.59,171.89,161.62,9.39,15.29,-0.584,0.014,-0.37,80.204,-1.422,41.176,59.17,13.69,5.94,43.36,33.44,70.44
300475,20260122,161.8,7.82,-0.06,167.97,169.5,159.63,8.11,13.22,-0.169,-0.08,-3.21,82.264,-1.757,42.085,58.86,13.28,5.46,41.12,30.09,69.64
300475,20260123,157.87,7.35,-0.12,159.69,159.69,153.57,8.34,13.59,-0.714,-0.136,-9.99,79.072,-3.774,42.504,58.12,12.86,5.51,42.82,23.38,69.14
300475,20260126,162.83,6.23,0.29,164,167.45,159.4,8.59,14,0.57,0.007,-4.76,86.034,-0.707,42.552,58.87,11.35,5.12,45.12,40.22,68.88
300475,20260127,166.67,5.85,0.38,160,168,155.35,7.87,12.82,0.487,0.04,-1.64,88.149,1.676,43.157,59.43,10.77,4.92,45.72,62.59,68.25
300475,20260128,175,4.97,0.42,167.5,177.7,166,10.21,16.63,1.276,0.061,5.05,82.156,6.134,41.588,60.66,9.83,4.86,49.48,88.15,69.16
300475,20260129,169.2,4.06,-0.37,174.99,179.96,167.2,8.13,13.25,-0.493,-0.062,3.75,90.933,2.147,42.226,60.26,9.14,5.08,55.56,65.76,68.63
300475,20260130,168.56,3.61,-0.06,169.57,172.89,162.8,7.27,11.85,0.027,-0.009,6.33,92.087,1.562,43.363,60.27,8.26,4.65,56.32,61.94,67.69
300475,20260202,147.73,3.6,-0.98,163,163,147,8.67,14.13,-1.477,-0.17,-0.51,35.013,-10.342,42.93,58.75,8.7,5.1,58.61,4.25,67.79
300475,20260203,153.53,3.2,0.15,154.3,155.18,148.18,5.56,9.06,0.018,-0.016,-2.41,67.3,-6.37,45.313,58.72,8.81,5.61,63.64,13.34,65.97
300475,20260204,144.53,3.94,-0.14,150.05,150.46,141.01,7.07,11.52,-0.354,-0.086,-9.89,31.914,-11.012,45.611,58.06,10.2,6.26,61.32,5.03,65.4
300475,20260205,139.9,4.46,-0.02,139.64,142.24,137,4.66,7.59,-0.11,-0.04,-9.54,24.035,-13.107,48.082,57.76,11.27,6.81,60.42,3.78,63.37
300475,20260206,137.79,4.75,0,137.5,140.1,134.5,3.75,6.12,-0.163,-0.017,-12.72,22.921,-13.778,50.831,57.63,12.29,7.54,61.32,3.9,61.04
300475,20260209,140.25,4.24,0.11,140.56,141.5,137.02,4.2,6.85,-0.104,-0.003,-5.58,30.669,-11.616,52.359,57.59,12.34,8.1,65.65,10.34,59.33
300475,20260210,137.28,3.31,-0.12,138.1,140.3,136.4,3.75,6.12,-0.077,-0.038,-7,28.141,-12.883,53.959,57.34,12.28,8.97,73.04,3.51,57.53
300475,20260211,132.97,3,-0.05,134.5,135.28,132.36,4.38,7.14,-0.125,-0.027,-5.81,24.383,-14.82,54.289,57.01,13.29,10.29,77.43,0.9,56.46
300475,20260212,135.5,2.6,0.15,134.02,135.57,132.33,4.71,7.68,0.24,0.017,-2.52,31.394,-12.394,53.999,57.18,13.3,10.7,80.47,9.31,55.79
300475,20260213,137.98,2.25,0.16,133.9,139.7,132.72,5.65,9.21,0.498,0.049,3.36,39.086,-9.908,52.487,57.77,13.13,10.88,82.88,18.41,55.97
300475,20260224,145.47,2.48,0.29,139.88,145.83,138,6.37,10.38,0.544,0.083,8.34,55.911,-4.421,50.458,58.38,13.13,10.65,81.15,35.52,56.68
300475,20260225,143.27,2.17,-0.01,142,143.6,138.38,4.54,7.4,-0.08,-0.087,7.62,53.706,-5.477,51.174,58.21,12.95,10.78,83.27,35,55.85
300475,20260226,148.23,2.35,0.16,143.27,148.58,139.71,5.88,9.58,0.811,-0.002,12.81,63.702,-1.884,49.999,58.81,12.95,10.6,81.84,44.26,56.19
300475,20260227,148.98,2.36,0.06,145.51,148.98,143.68,3.91,6.37,-0.263,-0.012,9.38,65.159,-1.245,51.518,58.84,12.77,10.41,81.51,47.86,54.94
300475,20260302,144.86,2.54,-0.17,145,147.75,143.68,4.06,6.61,0,-0.036,6.25,62.296,-3.749,52.407,58.8,12.77,10.23,80.05,38.05,53.97
300475,20260303,135.18,2.73,-0.52,144.08,145.76,134.37,4.81,7.84,-0.363,-0.062,-0.37,52.119,-9.716,51.999,58.33,12.77,10.04,78.58,7.91,53.75
300475,20260304,140.52,2.94,0.33,137,146.76,137,7.07,11.52,0.515,0.04,4.02,61.242,-5.428,48.798,58.61,12.6,9.66,76.69,27,55.42
300475,20260305,138.35,3.14,-0.18,145.52,145.98,137.5,5.7,9.29,-0.22,-0.026,-2.62,61.758,-6.537,48.271,58.48,12.42,9.28,74.72,16.66,55.69
300475,20260306,155.04,4.32,0.85,136.8,155.5,136.16,12.45,20.28,2.687,0.168,12.5,68.202,5.004,40.648,60.7,12.24,7.92,64.7,68.54,61.26
300475,20260309,157.8,4.34,0.08,149.01,158.67,145,8.48,13.81,-0.035,0.001,10.72,63.99,6.376,40.064,60.97,12.06,7.72,64.03,73.27,62.55
300475,20260310,161.85,3.36,0.04,160.2,165.32,158.58,8.21,13.38,0.722,0.056,13.72,55.864,8.042,40.044,61.49,11.88,8.52,71.72,75.44,63.39
300475,20260311,156.83,3.4,-0.21,160.51,162.22,155.58,6.34,10.33,-0.338,-0.058,10.25,71.204,4.141,41.811,61.09,11.7,8.3,70.9,62.88,62.8
300475,20260312,152.7,3.59,-0.14,156.3,158.4,150.66,4.22,6.88,-0.248,-0.049,10.17,80.706,1.241,45.16,60.81,11.7,8.11,69.27,54.19,60.86
300475,20260313,153.55,3.61,0.01,150,159.99,149.46,5.58,9.08,-0.033,0.023,0.43,80.539,1.753,46.241,60.98,11.52,7.91,68.71,55.01,60.16
300475,20260316,159.89,3.62,0.32,153.82,161.68,149.54,6.77,11.03,0.526,0.056,3.46,69.833,5.553,45.744,61.46,11.34,7.72,68.12,74.53,60.44
300475,20260317,153.65,3.65,-0.37,158.33,159.96,153.57,4.56,7.43,-0.284,-0.047,-2.54,82.643,1.236,47.744,61.19,11.15,7.5,67.22,51.79,59.07
300475,20260318,169.99,3.14,0.66,156.5,172.95,155.3,11.08,18.05,1.421,0.133,7.75,55.53,10.698,42.328,62.2,11.07,7.93,71.64,92.71,62.73
300475,20260319,161.68,3.31,-0.33,162.92,167.2,160.08,7.38,12.02,-0.902,-0.059,3.89,73.303,4.67,42.517,61.57,11.03,7.72,70.02,72.41,62.97
300475,20260320,157.15,3.54,-0.32,163.96,165.5,154,7.06,11.5,-0.645,-0.072,0.76,82.158,1.342,42.996,61.19,10.86,7.32,67.39,53.01,62.94
300475,20260323,143.19,3.51,-0.58,149.76,153.2,142.8,6.16,10.04,-0.319,-0.077,-3.24,57.366,-7.215,44.213,60.79,10.65,7.14,67.09,17.74,62.31
300475,20260324,143.79,3.2,0.08,145.74,145.77,136.5,5.57,9.08,-0.363,-0.06,-3.42,62.448,-6.37,45.676,60.61,10.52,7.32,69.58,22.76,61.37
300475,20260325,148.44,3.11,0.22,144.49,152.86,143.6,5.75,9.36,0.315,0.033,-11.17,81.347,-2.976,46.537,60.93,10.31,7.2,69.84,36.42,60.71
300475,20260326,147.19,3.02,-0.04,143,155,141.94,6.55,10.66,0.894,0.005,-1.51,79.573,-3.329,46.292,61.45,10.1,7.08,70.08,33.85,60.73
300475,20260327,143.96,2.73,-0.15,140,146.66,137.1,4.46,7.27,0.086,-0.033,3.16,69.646,-5.041,48.324,61.4,9.89,7.16,72.39,24.41,59.25
300475,20260330,137.1,2.47,-0.31,140.06,143.97,135,5.86,9.56,-0.272,-0.089,3.71,50.257,-8.908,48.213,60.96,9.89,7.42,75.08,5.47,59.02
300475,20260331,125.63,4.46,-0.07,133.34,133.76,124.41,7.92,12.9,-0.404,-0.118,3.21,16.377,-15.192,45.878,60.32,12.38,7.92,64,1.02,60.35
300475,20260401,128.08,4.43,0.06,132.82,133.76,126.15,5.97,9.72,0.053,0.004,1.47,29.229,-12.65,46.349,60.32,13,8.57,65.88,4.63,60.02
300475,20260402,125.5,4.14,-0.05,129.01,130.95,124.62,4.06,6.61,0.035,-0.01,-4.56,24.594,-13.741,48.744,60.22,13.22,9.08,68.65,1.55,58.35
300475,20260403,121.98,3.6,-0.03,128,128.1,121.95,3.82,6.23,-0.369,-0.055,-8,21.932,-15.496,50.789,59.87,13.67,10.07,73.67,0.02,56.73
300475,20260407,123.48,3.21,1.28,123.5,126.94,122.8,3.99,6.5,-0.006,0.006,-6.04,26.744,-13.723,52.062,59.93,14.01,10.8,77.08,77,55.47
300475,20260408,148.18,3.56,-0.22,145.71,148.18,136.67,13.4,21.84,1.137,0.047,4.97,70.421,3.011,42.134,61.15,13.66,10.1,73.9,63.3,61.86
300475,20260409,147.55,4.83,-0.08,149.57,152.8,145.02,11.94,19.45,-0.41,-0.096,1.45,74.249,2.02,38.174,60.73,13.25,8.42,63.56,58.55,65.44
300475,20260410,151.25,5.12,0.16,150,153.49,148.95,9.96,16.23,0.121,0.057,1.82,78.282,3.99,37.582,61.16,12.79,7.67,59.96,68.61,66.83
300475,20260413,152,5.76,0.06,148.51,153.47,148.46,8.21,13.38,0.305,0.048,3.94,79.712,4.12,38.729,61.14,12.67,6.91,54.56,72.12,66.82
300475,20260414,158.58,5.58,0.19,155.3,163,154.7,11.5,18.74,0.057,0.058,3.6,71.381,7.381,36.988,61.32,12.51,6.93,55.38,83.61,68.86
300475,20260415,153.94,5.54,-0.27,160,162.96,152.58,9.5,15.48,-0.506,-0.1,-1.42,81.556,3.413,37.542,60.6,12.29,6.75,54.94,67.39,69.21
300475,20260416,156.8,5.74,0.16,152.41,157.34,148.66,7.42,12.1,0.205,0.083,1.11,79.019,4.932,39.609,60.75,11.75,6.01,51.13,76.84,68.25
300475,20260417,159.12,5.67,0.12,156,160.58,153.33,7.89,12.86,0.15,-0.027,0.97,77.192,5.875,40.712,60.81,11.36,5.69,50.12,84.28,67.76
300475,20260420,164,5.23,0.16,159.5,167.54,158.25,9.04,14.73,0.416,0.035,1.37,69.919,8.128,40.552,61.15,11.24,6.01,53.45,94.13,68.06
300475,20260421,160.82,5,-0.18,162.07,162.78,157,6.16,10.03,-0.309,-0.094,-0.48,77.993,5.469,42.887,60.8,10.64,5.64,52.98,83.34,66.56
300475,20260422,162.12,4.79,0.1,159.8,162.21,158.8,5.74,9.35,-0.001,-0.026,1.97,76.996,5.864,44.95,60.68,10.08,5.29,52.45,89.19,65.04
300475,20260423,156.39,4.8,-0.57,164.44,164.98,153.84,7.99,13.03,-0.954,-0.124,-3.93,86.475,1.601,44.297,59.85,9.74,4.94,50.7,55,65.24
300475,20260424,162.05,5.02,0.38,160,172.14,158.51,14.84,24.18,0.812,0.066,-0.5,82.86,4.337,38.007,60.44,10.39,5.37,51.7,78.1,69.84
300475,20260427,170.99,3.74,0.52,163.87,172.86,163,12.18,18.89,0.81,0.037,1.04,67.155,8.749,36.474,34.42,9.57,5.83,60.92,96.09,70.83
300475,20260428,171.61,4.68,-0.19,170.73,178.68,168,11.94,18.51,,,0,70.266,7.677,35.805,34.45,10.82,6.14,56.77,89.57,71.79
300475,20260429,174.3,3.99,0.08,169.06,175.95,169.06,10.96,16.99,0.487,0.029,3.4,68.01,8.192,36.154,34.54,10.23,6.24,60.99,92.18,72
300475,20260430,174.7,3.42,-0.08,173.76,178.78,170.41,8.81,13.65,-0.13,-0.028,5.52,70.323,7.451,37.961,34.45,9.63,6.21,64.44,89.5,71.04
300475,20260506,194.66,7.71,0.07,188.99,204,186,15.03,23.3,1.202,0.038,6.47,23.439,15.781,34.849,34.89,15.7,7.99,50.91,92,73.6
300475,20260507,189.18,4.66,-0.44,194.77,199,188.66,12.11,18.78,-0.758,-0.152,1.85,48.866,10.149,34.978,34.17,15.3,10.64,69.55,76.95,73.96
300475,20260508,181.02,4.38,-0.25,183.95,184.88,180,10.4,16.13,-0.061,-0.11,1.4,64.391,4.545,36.251,33.59,14.75,10.37,70.3,68.7,73.39
300475,20260511,193.58,3.78,0.32,191,201.906,188,15.31,23.74,1.017,0.162,3.04,52.177,9.507,33.923,33.89,14.21,10.43,73.43,79.54,75.4
300475,20260512,184.61,4.14,-0.65,192,193.02,183.91,9.72,15.07,-1.058,-0.161,0.5,71.409,3.618,36.085,33.26,13.68,9.54,69.73,57.97,74.18
300475,20260513,194.64,5.24,0.8,181.46,195.44,178.96,11.09,17.2,0.391,0.043,-1.58,60.934,8.42,36.67,33.73,13.48,8.24,61.1,85.01,73.9
300475,20260514,200.5,6.06,0.16,194.65,209.86,190,14.21,22.04,1.103,0.069,3.8,61.568,9.756,35.031,34.57,14.62,8.56,58.55,90.55,75.22
300475,20260515,190.4,5.62,-0.99,200.1,202.28,186.9,11.33,17.57,-1.24,-0.071,0.93,75.994,3.237,35.883,33.97,13.71,8.09,58.98,56.79,74.8
300655,20250912,13.34,2.46,,13.82,13.82,13.27,9.03,12.52,-0.658,-0.262,-5.09,77.578,2.946,38.526,53.75,9.71,7.25,74.64,60.22,71.32
300655,20250915,12.9,2.66,-0.33,13.48,13.56,12.88,8.01,11.11,-0.396,-0.212,-7.71,91.705,-0.623,40.655,53.13,9.56,6.9,72.18,42.79,69.63
300655,20250916,13.03,2.93,0.1,12.9,13.11,12.82,5.3,7.36,0.101,0.069,-8.58,89.977,0.386,44.216,53.15,9.37,6.44,68.71,48.35,66.9
300655,20250917,13.38,3.26,0.28,13.05,13.73,13,8.64,11.98,0.082,0.209,-3.81,82.044,2.877,44.034,53.41,9.28,6.02,64.85,63.54,66.34
300655,20250918,13.05,3.56,-0.38,13.24,13.63,12.79,10.19,14.14,-0.417,-0.068,-5.69,92.059,0.203,42.561,52.87,8.99,5.43,60.43,43.7,66.71
300655,20250919,13.54,4.37,0.52,12.94,14.15,12.86,13.09,18.15,1.459,0.282,4.01,83.961,3.681,39.305,53.72,8.8,4.43,50.41,71.89,68.56
300655,20250922,13.63,4.67,0.1,13.55,13.77,13.29,9.09,12.61,-0.331,0.086,5.02,84.498,3.888,40.172,53.56,8.53,3.86,45.27,77.22,67.91
300655,20250923,14.34,4.2,0.42,13.64,14.34,13.51,13.77,19.11,0.605,0.366,6.44,76.963,8.068,37.317,54.21,8.35,4.15,49.76,100,69.82
300655,20250924,15.15,6.75,-0.16,14.34,15.93,14.11,19.86,27.55,0.728,0.403,7.19,45.49,11.188,31.752,54.22,13.14,6.39,48.65,91.19,74.24
300655,20250925,15.33,3.52,-0.08,15.1,15.87,14.8,14.87,20.62,0.842,0.164,9.7,46.017,10.204,31.659,54.38,11.52,8,69.49,86.64,75.02
300655,20250926,14.57,3,-0.43,15.15,15.45,14.55,10.81,15,-0.828,-0.262,3.97,81.311,3.816,34.01,53.58,10.81,7.81,72.22,63.54,73.86
300655,20250929,14.56,3,-0.02,14.59,14.82,14.28,7.89,10.95,-0.114,-0.144,3.95,83.085,3.361,37.474,53.32,10.46,7.46,71.34,62.54,71.66
300655,20250930,15.34,3.09,0.49,14.75,15.35,14.45,10.05,14.73,0.418,0.223,3.58,60.927,7.987,38.458,53.87,10.12,7.03,69.45,88.87,71.13
300655,20251009,14.99,2.57,-0.43,15.27,15.89,14.99,11.38,16.66,-0.499,0.003,-0.38,77.127,4.574,38.186,53.31,9.89,7.32,74.01,66.18,71.38
300655,20251010,15.24,2.96,0.24,14.79,15.29,14.67,8.86,12.98,0.071,0.075,-3.1,71.942,5.767,39.745,53.28,9.78,6.82,69.73,78.98,70.32
300655,20251013,16.48,3.28,0.39,14.69,16.48,14.57,13.93,20.4,1.335,0.305,5.22,49.154,12.794,37.185,54.33,10.28,7,68.05,100,72.07
300655,20251014,15.83,3.64,-0.26,16.34,16.35,15.64,11.14,16.32,-1.048,-0.344,1.49,71.439,6.872,37.461,53.55,10.52,6.88,65.36,85.87,71.99
300655,20251015,15.82,4.15,-0.01,15.84,15.94,14.92,8.3,12.17,-0.618,-0.218,-2.57,74.435,6.055,39.6,52.97,10.16,6.01,59.16,85.59,70.53
300655,20251016,15.2,4.3,-0.56,15.54,15.74,15.17,5.26,7.7,-0.45,-0.176,-3.41,83.373,1.697,43.4,52.49,10.01,5.71,57.05,56.36,67.79
300655,20251017,13.69,3.92,-0.79,15.18,15.54,13.6,8.83,12.93,-0.944,-0.307,-7.84,49.978,-8.049,43.245,51.6,9.89,5.97,60.37,15.4,67.42
300655,20251020,13.67,3.37,-0.02,13.97,14.33,13.66,5.55,8.13,0.142,0.146,-16.33,51.808,-7.715,45.818,51.6,9.71,6.34,65.24,14.49,65.3
300655,20251021,13.93,2.79,0.19,13.8,14.09,13.4,5.26,7.7,0.201,0.101,-11.02,68.458,-5.548,47.939,51.62,9.56,6.77,70.81,24.41,63.34
300655,20251022,13.75,2.76,-0.1,13.81,14.07,13.64,4.03,5.9,-0.17,-0.111,-9.65,60.069,-6.443,50.664,51.48,9.6,6.84,71.28,19.01,60.92
300655,20251023,13.88,2.53,0.17,13.65,13.9,13.19,5.15,7.54,0.265,-0.079,-4.69,68.753,-5.145,51.469,51.28,9.48,6.95,73.35,27.53,59.53
300655,20251024,15.03,2.5,0.57,14.7,15.54,14.7,13.94,19.65,0.988,0.207,8.16,89.837,2.418,43.121,49.29,8.99,6.49,72.24,55.71,63.81
300655,20251027,17.51,2.93,0.66,16.71,18.04,16.71,26.72,37.67,3.091,0.253,12.02,35.682,13.14,29.401,51.04,13.61,10.68,78.52,89.21,74.38
300655,20251028,18.25,5.58,-0.06,16.76,19.56,16.76,28.96,40.84,2.368,0.24,12.38,50.102,12.877,22.903,51.12,16.99,11.41,67.18,86.07,81.46
300655,20251029,18.44,5.27,-0.04,18.17,18.73,17.84,18.18,25.63,0.064,-0.053,10.69,59.736,10.939,24.75,50.52,16,10.73,67.05,84.19,81.55
300655,20251030,17.61,5.21,-0.67,18.31,18.58,17.6,12.36,17.43,-1.052,-0.219,7.93,66.93,4.722,28.661,49.51,15.27,10.06,65.87,51.26,79.59
300655,20251031,17.45,5.34,-0.15,17.92,18.2,17.38,9.84,13.88,-0.22,-0.124,6.28,70.683,3.149,32.672,49.56,14.85,9.51,64.03,43.95,77.15
300655,20251103,17.38,6.15,0.03,17.44,17.55,16.74,8.89,12.53,-0.292,-0.077,1.34,73.531,2.418,36.067,49.34,13.92,7.77,55.8,45.62,74.82
300655,20251104,16.9,7.81,-0.28,17.49,17.58,16.73,7.32,10.32,-0.481,-0.19,-7.37,76.498,-0.528,39.499,48.8,13.55,5.74,42.4,31.76,72.26
300655,20251105,16.61,6.45,-0.07,16.52,16.7,16.23,6.55,9.23,-0.054,-0.102,-10.67,73.459,-2.038,42.528,48.59,13.05,6.6,50.61,28.58,69.77
300655,20251106,16.89,6.69,0.18,16.67,17.12,16.67,9.03,12.73,-0.083,0.152,-6.15,80.268,-0.271,42.755,49.04,12.5,5.81,46.46,37.23,68.94
300655,20251107,16.93,5.73,0.08,16.57,17.25,16.31,8.25,11.63,0.021,0.005,-4.84,82.789,0.078,43.444,49.07,11.64,5.91,50.81,41.14,67.86
300655,20251110,16.68,5.89,-0.26,16.89,17.14,16.53,6.64,9.37,-0.462,-0.032,-5.8,80.866,-1.336,45.167,48.88,11.43,5.54,48.52,28.21,66.14
300655,20251111,16.2,5.7,-0.23,16.78,16.88,16.09,6.83,9.62,-0.816,-0.173,-7.28,71.337,-3.97,46.183,48.08,11.26,5.56,49.43,17.34,64.8
300655,20251112,15.72,4.7,-0.04,15.97,16.01,15.44,5.75,8.11,0.05,-0.133,-7.09,61.106,-6.394,47.807,47.82,10.79,6.09,56.4,15.44,63.07
300655,20251113,16.14,3.99,0.17,15.72,16.38,15.67,6.07,8.56,0.051,0.123,-7.34,73.26,-3.501,48.605,48.13,10.62,6.63,62.38,23.64,61.8
300655,20251114,15.43,3.5,-0.29,15.9,16.01,15.43,5.21,7.34,-0.614,-0.132,-12.89,55.112,-7.343,49.95,47.7,10.41,6.91,66.33,9.81,60.2
300655,20251117,15.81,3.41,0.19,16.2,16.7,15.7,7.27,10.24,0.094,0.091,-8.54,69.778,-4.705,48.735,47.87,9.96,6.55,65.76,18.71,60.12
300655,20251118,15.26,3,-0.21,15.6,15.69,15.1,6.68,9.42,-0.27,-0.136,-5.04,53.789,-7.444,48.376,47.49,10.07,7.07,70.19,8.84,59.69
300655,20251119,15.67,3.21,0.28,15.22,15.98,15.22,7.93,11.18,0.509,0.089,-0.88,71.539,-4.319,46.8,48,9.94,6.73,67.71,22.25,60.12
300655,20251120,15.52,3.65,-0.13,16.12,16.28,15.48,8.13,11.46,-0.12,0.095,-1.86,70.02,-4.884,45.477,48.23,9.77,6.12,62.71,16.07,60.59
300655,20251121,15.08,3.67,-0.23,15.13,15.9,15.01,9.54,13.46,0.117,0.004,2.39,58.513,-6.704,43.249,48.42,9.63,5.96,61.91,5.11,61.86
300655,20251124,15.74,3.66,0.61,15.21,16.02,15.13,10.11,14.25,0.695,0.156,5.01,79.65,-2.066,41.318,48.99,9.25,5.59,60.43,35,63.22
300655,20251125,15.68,3.88,-0.07,15.71,16.09,15.45,8.61,12.15,0.139,0.041,7.15,80.752,-2.179,41.337,49.01,9.07,5.19,57.2,31.48,63.41
300655,20251126,15.14,3.67,-0.52,15.55,15.56,15.1,6.94,9.78,-0.6,-0.13,1.9,69.626,-5.176,42.787,48.5,8.9,5.23,58.8,6.29,62.59
300655,20251127,15.46,3.87,0.35,15.12,15.96,15.08,9.87,13.92,1.095,0.153,6.73,80.097,-2.636,41.266,49.13,8.72,4.85,55.6,23.62,63.65
300655,20251128,15.39,4.08,-0.09,15.58,15.82,15.33,6.21,8.75,-0.523,0.014,4.65,79.961,-2.878,43.381,49.08,8.54,4.46,52.23,19.08,62.37
300655,20251201,16.47,4.12,1.09,15.29,16.58,15.21,12.9,18.19,1.674,0.277,8.74,93.859,3.9,39.146,50.34,8.19,4.07,49.75,73.81,65.29
300655,20251202,16.29,3.79,-0.09,16,16.47,15.91,8.74,12.32,-0.565,-0.073,5.3,93.031,2.548,39.848,50,7.65,3.86,50.5,69.46,65.16
300655,20251203,16.94,2.71,0.31,16.32,17.06,16.02,14.31,20.17,0.817,0.31,10.54,91.665,5.731,36.138,51,6.73,4.02,59.77,85.15,68.19
300655,20251204,16.17,2.05,-0.66,16.65,16.74,16.16,8.73,12.31,-1.328,-0.251,1.37,94.358,0.651,37.922,49.98,6.2,4.15,66.87,52.33,67.5
300655,20251205,16.01,2.06,-0.13,16.17,16.26,15.67,6.14,8.66,-0.341,-0.148,1.39,93.883,-0.357,41.163,49.59,6.06,4,66,45.67,65.57
300655,20251208,16.49,2.25,0.53,15.91,16.56,15.91,6.86,9.67,0.437,0.221,-3.53,97.09,2.555,42.93,49.98,5.96,3.71,62.26,72.37,64.34
300655,20251209,16.6,1.99,0.04,16.56,16.98,16.35,8.78,12.37,0.035,0.156,-0.12,97.899,2.872,42.522,50.13,5.83,3.84,65.85,74.34,64.42
300655,20251210,17.18,2.01,0.36,16.6,17.23,16.45,10.5,14.81,0.921,0.256,0.14,89.031,5.792,40.809,50.91,5.94,3.93,66.11,92.73,65.46
300655,20251211,16.54,1.87,-0.64,17.19,17.2,16.53,7.75,10.93,-0.903,-0.166,2.42,98.02,1.456,41.914,50.19,5.78,3.91,67.63,60.58,64.75
300655,20251212,17.78,3.04,0.61,16.48,18.43,16.45,14.39,20.29,2.095,0.41,13.55,72.445,8.052,37.409,51.54,7.53,4.49,59.59,91.97,67.93
300655,20251215,17.77,2.94,-0.19,17.68,18.48,17.58,14.35,20.23,-0.347,0.218,8.67,76.795,6.503,34.896,51.33,8.57,5.63,65.68,82.1,70.25
300655,20251216,18,2.25,0.09,17.78,18.15,17.29,11.56,16.29,0.41,0.047,8.88,73.128,6.762,35.311,51.36,8.29,6.04,72.85,86.89,70.58
300655,20251217,17.38,2.69,-0.37,17.7,17.74,16.77,10.49,14.78,-0.882,-0.24,2.16,90.376,2.54,36.362,50.7,8.22,5.53,67.25,68.07,70.3
300655,20251218,16.9,2.64,-0.4,17.03,17.67,16.9,6.86,9.68,-0.12,-0.056,4.73,98.563,-0.3,39.644,50.4,7.99,5.35,67,48.09,68.29
300655,20251219,16.69,2.63,-0.19,17,17.15,16.55,68,8.01,-0.623,-0.087,-5.77,98.209,-1.494,42.953,50,7.85,5.22,66.49,38.8,66
300655,20251222,17.39,2.81,0.66,16.79,17.5,16.73,8.15,11.49,0.457,0.237,-3.37,92.123,2.544,43.286,50.33,7.75,4.94,63.67,71.79,65.41
300655,20251223,17.48,3.06,0.02,17.31,17.83,17.25,7.93,11.18,0.188,0.11,-4.56,91.294,2.804,43.657,50.41,7.66,4.6,60,72.57,64.81
300655,20251224,17.49,3.14,-0.03,17.52,17.74,17.31,6.83,9.63,0.013,0.079,1.2,91.759,2.593,44.82,50.37,7.41,4.27,57.62,70.91,63.69
300655,20251225,17.57,15.04,0.09,17.36,17.65,17.13,7.36,10.38,-0.026,0.045,2.17,91.212,2.819,45.122,50.14,19,3.96,55.09,75.66,63.07
300655,20251226,17.06,3.45,-0.64,17.5,17.5,16.8,7.55,10.64,-1.263,-0.183,-1.51,97.849,-0.276,45.108,49.22,7.09,3.64,51.38,44.2,62.66
300655,20251229,16.4,3.35,-0.55,16.9,16.92,16.3,6.9,9.72,-1.23,-0.152,-11.66,94.856,-3.9,45.644,48.3,7.01,3.66,52.19,17.71,61.94
300655,20251230,16.08,2.76,-0.12,16.24,16.45,16,5.12,7.22,-0.505,-0.094,-18.13,86.897,-5.431,47.661,47.93,6.75,3.99,59.15,11.98,60.27
300655,20251231,16.13,2.71,0.04,16.22,16.38,16.02,3.9,5.49,-0.045,0.034,-21.67,89.679,-4.891,50.364,48.01,6.8,4.09,60.11,13.88,58.07
300655,20260105,16.66,2.57,0.45,16.25,16.86,16.23,5.52,7.77,0.373,0.098,-21.05,98.756,-1.545,50.566,48.25,6.56,3.99,60.88,35.71,57.21
300655,20260106,17.47,2.35,0.82,16.58,17.88,16.49,10.44,14.7,1.438,0.121,0.81,95.227,3.153,45.446,48.99,6.24,3.89,62.36,75.91,59.75
300655,20260107,19.19,3.98,0.27,18.3,20,18.26,22.23,31.31,1.927,0.298,15.32,51.101,9.962,32.787,49.49,10.13,6.15,60.73,89.3,69.19
300655,20260108,19.08,1.96,-0.31,19.48,20.18,18.9,17.72,24.96,0.213,-0.076,13.32,63.997,6.852,29.888,48.85,10.29,8.33,80.9,74.38,72.89
300655,20260109,18.95,2.47,-0.1,18.9,19.19,18.7,10.35,14.58,-0.237,-0.109,10.9,70.987,5.309,32.684,48.28,10.22,7.75,75.86,69.49,72.05
300655,20260112,19,2.65,0.04,18.95,19.1,18.72,9.44,13.29,-0.113,-0.089,8.62,73.14,4.91,35.238,48.07,10.12,7.47,73.77,71.55,70.96
300655,20260113,18.14,2.85,-0.58,19,19.36,18.06,10.52,14.81,-0.602,-0.232,2.72,90.569,-0.172,36.322,47.67,9.84,6.99,71.01,43.76,70.61
300655,20260114,18.45,3.09,0.09,18.04,19.08,18.04,9.52,13.4,0.465,0.197,-1.74,89.329,1.484,37.769,47.97,9.58,6.49,67.74,48.2,69.85
300655,20260115,19.62,3.29,0.86,18.21,19.8,18.19,17.27,24.32,1.808,0.219,4.3,72.319,7,33.543,49.61,9.23,5.94,64.34,91.09,73.11
300655,20260116,19.48,3.96,-0.22,19.75,20.08,19.2,12.95,18.23,-0.527,-0.155,2.94,78.697,5.073,33.824,49.09,8.69,4.73,54.41,80.14,73.42
300655,20260119,19.17,4.06,-0.33,19.51,19.74,19.03,17,10.09,-0.338,-0.066,2.38,85.121,3.006,37.717,48.68,8.56,4.5,52.61,64.17,71.02
300655,20260120,18.96,4.14,-0.22,19.09,19.18,18.53,8.09,11.39,0.065,-0.075,5.07,89.123,1.648,39.887,48.52,8.29,4.15,50.07,53.3,69.48
300655,20260121,20.3,5.27,0.82,18.72,21.16,18.38,17.09,24.07,1.514,0.174,7.35,79.21,7.793,35.015,49.99,9.56,4.29,44.91,94.44,72.77
300655,20260122,18.48,5.16,-1.49,19.53,19.7,18.37,16.98,23.91,-2.489,-0.359,-5.67,92.531,-2.056,32.386,47.87,8.82,3.66,41.46,22.95,75.02
300655,20260123,19.16,4.78,0.77,18.62,19.48,18.45,12.57,17.7,1.677,0.098,0.97,93.319,1.53,33.466,48.38,8.04,3.26,40.59,60.1,74.69
300655,20260126,18.05,4.22,-1,18.94,19.05,17.75,10.63,14.98,-1.891,-0.2,-3.26,90.67,-4.105,35.381,46.92,7.62,3.4,44.59,13.22,73.6
300655,20260127,18.08,3.21,0.11,17.86,18.12,17.48,6.31,8.89,0.1,-0.049,-3.23,91.622,-3.606,39.537,47.12,7.17,3.96,55.24,18.22,70.79
300655,20260128,18.41,2.89,0.26,18.14,18.44,17.89,7.31,10.29,0.373,0.101,-8.49,95.047,-1.617,41.859,47.56,7.04,4.15,58.9,30.5,68.91
300655,20260129,17.56,2.45,-0.48,18.16,18.22,17.52,6.41,9.03,-0.756,-0.158,-2.66,77.288,-5.813,44.196,47.09,6.75,4.3,63.79,7.88,66.9
300655,20260130,17.57,3.16,0.1,17.46,17.69,16.87,5.33,7.51,-0.022,0.002,-13.74,78.952,-5.369,46.777,46.95,7.7,4.54,59.01,12.35,64.62
300655,20260202,16.9,2.72,-0.19,17.37,17.55,16.89,4.05,5.7,-0.381,-0.049,-5.58,47.572,-8.607,49.853,46.79,7.77,5.05,65,3.24,61.95
300655,20260203,17.48,2.41,0.29,17.18,17.48,17.08,4.16,5.86,0.506,0.048,-2.35,77.244,-5.143,52.026,46.91,7.77,5.36,68.99,16.63,59.7
300655,20260204,17.22,2.09,-0.11,17.32,17.39,16.96,3.3,4.64,-0.364,-0.043,-11.32,65.929,-6.293,54.561,46.75,7.61,5.52,72.53,11.49,57.19
300655,20260205,16.71,2.2,-0.19,17.02,17.08,16.6,3.77,5.31,-0.432,-0.045,-7.86,46.235,-8.682,55.866,46.43,8.07,5.87,72.75,2.72,55.3
300655,20260206,16.63,2.39,0,16.55,16.9,16.5,2.49,3.5,-0.07,0.017,-10.11,45.307,-8.824,58.393,46.44,8.4,6.01,71.49,2.79,52.76
300655,20260209,17.16,2.23,0.31,16.99,17.27,16.91,3.46,4.88,0.206,0.014,-1.89,66.391,-5.623,58.933,46.57,8.25,6.02,73.04,17.12,51.2
300655,20260210,17.16,2.4,0.01,17.09,17.5,17.06,3.66,5.16,-0.277,0.012,-12.67,67.671,-5.334,58.919,46.69,8.27,5.87,70.99,17.43,49.98
300655,20260211,17.07,2.2,-0.08,17.03,17.39,16.98,2.42,3.41,0.031,0.012,-7.2,64.818,-5.633,60.611,46.78,8.09,5.89,72.76,13.79,47.97
300655,20260212,17.21,2.38,0.17,17.13,17.28,17.07,2.99,4.21,0.052,0.034,0.45,71.395,-4.645,60.915,46.96,8.12,5.74,70.68,21.89,46.63
300655,20260213,17.57,2.35,0.31,17.29,17.85,17.28,5.9,8.32,0.382,0.094,6.63,85.406,-2.358,56.486,47.43,7.94,5.59,70.34,36.57,47.78
300655,20260224,17.72,2.36,0.1,17.75,18.07,17.32,5.93,8.34,0.08,0.078,5.1,90.142,-1.4,53.308,47.58,7.81,5.45,69.78,41.36,48.77
300655,20260225,18.29,2.31,0.39,17.68,18.32,17.47,7.26,10.22,0.527,0.107,12.12,97.082,1.764,49.352,47.74,7.66,5.35,69.81,60.09,50.64
300655,20260226,18.28,2.31,0.01,18.21,18.38,17.9,5.84,8.23,0.099,-0.056,10.32,97.207,1.576,48.432,47.73,7.53,5.22,69.4,60.75,51.13
300655,20260227,18.12,2.48,-0.11,18.03,18.15,17.91,3.96,5.58,-0.255,-0.095,6.93,96.47,0.661,50.073,47.48,7.55,5.07,67.19,55.61,50.14
300655,20260302,17.69,2.47,-0.44,17.65,18.03,17.55,4.77,6.71,-0.164,-0.069,2.04,91.521,-1.599,50.223,47.15,7.4,4.93,66.71,34.65,49.89
300655,20260303,16.32,2.97,-0.73,17.63,17.9,16.3,6.63,9.34,-0.484,-0.096,-3.25,50.731,-8.719,47.976,46.65,7.9,4.93,62.45,0.63,51.09
300655,20260304,16.06,3.11,0,16.14,16.63,15.96,3.99,5.62,-0.32,-0.027,-12.08,39.26,-9.636,49.644,46.63,8.37,5.26,62.79,0.67,50.13
300655,20260305,16.38,3.11,0.08,16.54,16.78,16.24,3.79,5.34,0.135,0.008,-13.1,58.126,-7.444,51.112,46.72,8.63,5.52,63.94,4.21,49.14
300655,20260306,16.18,2.78,-0.05,16.2,16.42,16.16,2.79,3.93,-0.236,-0.057,-13.31,48.384,-8.24,53.541,46.74,8.81,6.03,68.48,1.86,47.51
300655,20260309,15.69,3.16,0.03,15.89,15.89,15.21,4.6,6.48,-0.356,-0.078,-15.84,31.118,-10.356,52.729,46.54,9.66,6.5,67.31,3.23,47.5
300655,20260310,16.22,3.16,0.14,15.98,16.24,15.91,2.99,4.22,0.263,0.009,-8.29,53.941,-6.98,54.399,46.68,10.1,6.94,68.75,9.69,46.21
300655,20260311,16.29,3.4,0.06,16.2,16.54,16.13,3.42,4.82,0.028,0.035,-3,58.727,-6.234,54.945,46.85,9.95,6.55,65.85,12.41,45.42
300655,20260312,16.12,3.38,-0.1,16.23,16.47,16.05,2.7,3.8,-0.047,-0.027,-6.22,53.172,-6.936,56.419,46.86,9.95,6.57,66.08,7.75,44.14
300655,20260313,16.14,3.39,0.03,15.98,16.43,15.91,2.79,3.93,0.252,0.004,1.45,55.086,-6.514,57.316,47.06,9.98,6.59,66.08,9.14,43.07
300655,20260316,16.3,3.37,0.19,16.03,16.3,15.68,3.12,4.4,0.224,-0.03,10.55,62.659,-5.281,57.35,46.98,10.2,6.83,66.93,18.19,42.41
300655,20260317,15.58,3.66,-0.34,16.35,16.38,15.56,2.94,4.14,-0.521,-0.082,-2.08,39.286,-9.148,57.601,46.86,10.46,6.8,65.05,2.31,41.66
300655,20260318,15.78,3.45,0.09,15.7,15.84,15.46,2.09,2.95,0.103,0.025,-1.39,47.099,-7.716,59.227,46.87,10.68,7.23,67.64,6.39,40.27
300655,20260319,15.19,3.8,-0.12,15.56,15.57,15.09,2.73,3.84,-0.143,-0.056,-3.43,35.08,-10.753,59.199,46.74,11.11,7.31,65.78,0.76,39.59
300655,20260320,14.81,3.75,-0.02,15.3,15.45,14.8,2.52,3.55,-0.078,-0.022,-10.06,26.182,-12.551,59.47,46.71,11.52,7.77,67.51,0.04,38.8
300655,20260323,14.01,4.2,0.01,14.52,14.75,13.89,3.75,5.28,-0.03,-0.021,-14.68,8.781,-16.43,57.222,46.59,12.44,8.24,66.22,0.57,39.2
300655,20260324,14.24,4.62,0.06,14.33,14.38,13.78,2.56,3.6,0.061,-0.013,-3.21,15.302,-14.499,57.762,46.54,13.18,8.56,64.97,3.33,38.48
300655,20260325,14.5,5.52,0.07,14.41,14.73,14.35,2.81,3.96,0.052,0.037,-3.83,22.58,-12.372,57.6,46.59,14.52,9,61.98,6.38,38.08
300655,20260326,14.19,5.73,-0.07,14.42,14.57,14.12,1.81,2.55,-0.021,-0.017,-0.96,18.633,-13.871,59.391,46.53,14.97,9.24,61.72,3.25,36.8
300655,20260327,14.53,5.27,0.15,13.94,14.64,13.9,2.37,3.34,0.244,0.053,6.65,26.723,-11.295,59.521,46.52,14.91,9.64,64.66,10.14,36.18
300655,20260330,14.5,4.89,0.02,14.28,14.54,14.21,1.67,2.35,0.031,-0.003,9.95,27.402,-11.151,61.06,46.49,14.97,10.08,67.3,10.86,34.96
300655,20260331,14.16,4.74,-0.15,14.4,14.55,14.12,1.86,2.62,-0.169,-0.035,4.38,23.039,-12.861,61.744,46.44,14.97,10.23,68.32,3.99,34.05
300655,20260401,14.5,3.86,0.2,14.5,14.6,14.36,2.15,3.03,0.131,0.043,7.12,30.394,-10.382,61.482,46.4,15.11,11.25,74.48,13.18,33.51
300655,20260402,14.04,3.91,-0.23,14.48,14.51,13.95,2.02,2.85,-0.288,-0.061,-1.14,24.646,-12.832,61.497,46.35,15.11,11.2,74.14,2.44,32.9
300655,20260403,14,3.55,0,14.08,14.19,13.99,1.62,2.28,0.025,-0.019,-10.34,25.296,-12.734,62.408,46.35,15.11,11.56,76.53,2.3,31.95
300655,20260407,14.36,3.62,0.23,14.09,14.4,14.09,2.04,2.87,0.183,0.06,-3.56,31.998,-10.09,61.948,46.39,15.18,11.56,76.18,13.05,31.51
300655,20260408,15.08,3.25,0.29,14.72,15.08,14.67,3.29,4.63,0.118,0.057,6.3,51.671,-5.179,58.443,46.5,14.92,11.67,78.23,26.33,32.37
300655,20260409,14.9,3.26,-0.04,14.93,15.21,14.8,2.7,3.81,0.004,-0.02,0,49.788,-6.006,57.276,46.47,14.72,11.46,77.85,24.67,32.55
300655,20260410,14.89,3.52,-0.01,15.1,15.18,14.87,2.43,3.42,-0.132,0.023,6.67,50.767,-5.829,57.013,46.49,14.72,11.2,76.09,24.43,32.44
300655,20260413,14.86,3.21,-0.01,14.81,15.02,14.75,1.96,2.77,0.025,-0.012,6.24,50.879,-5.794,57.847,46.54,14.47,11.26,77.81,24.13,31.88
300655,20260414,15.08,3.53,0.14,15.2,15.24,14.91,2.51,3.53,0.059,0.059,3.57,56.665,-4.209,57.144,46.6,14.53,11,75.67,30.81,31.92
300655,20260415,14.76,3.48,-0.21,15.15,15.19,14.72,2.28,3.21,-0.212,-0.031,-5.1,50.217,-6.029,57.125,46.6,14.53,11.05,76.03,20.82,31.73
300655,20260416,15.06,3.56,0.24,14.78,15.11,14.74,2.41,3.4,0.359,0.041,3.93,58.725,-3.887,56.755,46.66,14.4,10.84,75.25,32.21,31.69
300655,20260417,15.35,3.51,0.19,15.04,15.39,14.98,3.48,4.91,0.328,0.062,13.05,62.746,-1.831,54.038,46.95,14.14,10.63,75.15,40.91,32.72
300655,20260420,15.62,3.59,0.09,15.41,15.74,15.26,3.93,5.54,0.248,0.045,15.92,65.986,-0.044,51.308,47.25,14.01,10.42,74.35,45.32,34.07
300655,20260421,15.7,3.6,0.04,15.7,15.84,15.46,3.45,4.86,0.118,0,14.84,67.13,0.436,50.479,47.36,13.75,10.15,73.87,47.44,34.78
300655,20260422,15.76,3.5,0.03,15.77,15.97,15.56,3.51,4.94,0.007,0.008,16.86,68.225,0.761,49.868,47.35,13.49,9.99,74.06,48.98,35.46
300655,20260423,15.61,3.52,-0.13,15.96,16.16,15.53,4.52,6.37,0.026,-0.047,9.95,70.149,-0.277,47.731,47.49,13.29,9.77,73.55,42.98,37.02
300655,20260424,15.61,3.74,0.02,15.49,15.74,15.4,3.39,4.77,0.062,-0.029,5.74,71.2,-0.235,48.367,47.57,13.35,9.61,71.95,43.7,37.31
300655,20260427,15.96,4.42,0.25,15.67,16.22,15.66,5.62,7.91,0.23,0.154,6.26,71.798,1.887,45.272,48.12,13.15,8.73,66.37,55.64,39.63
300655,20260428,14.67,5.15,-0.81,15.08,15.08,14.25,7,10.01,0.195,-0.174,0,63.865,-5.747,41.642,47.92,12.95,7.8,60.21,16.61,42.93
300655,20260429,14.81,5.12,0.1,14.57,14.97,14.52,3.56,5.09,0.315,0.03,7.5,69.549,-4.502,44.177,47.83,12.69,7.57,59.67,21.61,42.7
300655,20260430,14.42,5.38,-0.23,14.77,15.01,14.33,4.55,6.51,-0.544,-0.084,1.92,59.733,-6.568,44.733,47.45,12.43,7.05,56.71,10.59,43.36
300655,20260506,15.26,5.67,0.68,14.71,15.54,14.71,5.67,8.11,0.559,0.076,6.99,77.775,-0.837,43.75,47.61,12.23,6.56,53.67,42.94,44.88
300655,20260507,15.7,5.67,0.32,15.35,15.74,15.12,4.01,5.74,0.294,0.057,7.3,79.909,1.958,45.433,47.73,11.97,6.3,52.67,58.28,44.79
300655,20260508,15.32,5.65,-0.31,15.49,15.57,15.23,3.53,5.04,-0.452,-0.059,2.49,79.721,-0.512,47.4,47.67,12.02,6.37,52.94,43.31,44.3
300655,20260511,15.84,6,0.46,15.54,16.02,15.46,4.85,6.94,0.539,0.103,5.79,81.536,2.7,46.997,47.86,11.82,5.82,49.23,65.25,44.99
300655,20260512,15.62,5.94,-0.21,15.83,15.83,15.45,3.58,5.12,-0.214,-0.068,9.46,82.765,1.15,48.575,47.74,11.82,5.88,49.71,55.12,44.52
300655,20260513,16.2,6.08,0.45,15.48,16.28,15.37,5.17,7.39,0.664,0.072,10.98,78.868,4.665,47.476,48.06,11.67,5.59,47.9,76.87,45.45
300655,20260514,15.92,5.92,-0.24,16.28,16.47,15.92,5.52,7.88,-0.215,-0.029,3.76,83.615,2.468,46.349,47.99,11.46,5.54,48.29,65.44,46.53
300655,20260515,16.27,5,0.17,16.43,16.87,16.08,7.89,11.27,0.382,0.034,11.19,81.503,4.008,42.768,48.43,11.05,6.05,54.74,73.73,49.38
300850,20250912,36.36,2.24,,37.35,37.41,36.33,5.88,8.52,-0.341,-0.102,0.45,97.942,-1.173,41.771,59.78,6.88,4.64,67.35,38.89,63.26
300850,20250915,35.75,2.22,-0.26,36.35,37.35,35.7,5.73,8.31,-0.096,-0.071,-1.81,92.197,-2.677,44.088,59.85,6.75,4.53,67.06,23.62,61.85
300850,20250916,35.43,2.22,-0.08,35.69,36.04,34.65,4.47,6.48,-0.299,-0.046,-1.88,88.469,-3.358,46.979,59.68,6.77,4.55,67.24,18.57,59.88
300850,20250917,36.59,2.36,0.51,35.42,37.08,35.15,6.5,9.43,0.963,0.079,5.13,99.065,-0.033,47.023,60.17,6.65,4.29,64.53,49.17,59.49
300850,20250918,38.3,2.1,0.45,36.43,40,36.13,13.83,20.05,1.757,0.141,8.61,95.395,4.235,40.144,60.82,6.63,4.53,68.27,76.67,63.95
300850,20250919,40,2.11,0.28,38.65,41,38.2,11.51,17.29,1.461,0.111,14.57,74.625,7.704,38.112,61.65,7.1,4.99,70.27,94.06,66.12
300850,20250922,38.75,2.03,-0.35,39.55,39.89,38.25,6.61,9.93,-0.01,-0.117,14.19,93.704,3.842,40.716,61.52,6.98,4.95,70.91,72.32,64.9
300850,20250923,38.52,2.03,-0.09,38.65,39.5,37.21,6.75,10.14,0.076,-0.069,14.46,95.592,2.908,42.484,61.65,6.85,4.82,70.37,66.85,63.97
300850,20250924,38.38,2.01,-0.06,38.2,38.94,37.81,6.1,9.16,-0.212,-0.032,10.5,96.424,2.341,44.325,61.61,6.71,4.7,69.99,62.99,62.8
300850,20250925,40.25,13.24,0.49,38.25,41.18,38.12,11.15,16.75,1.178,0.055,9.18,78.447,6.588,41.095,62.33,18,4.76,66.25,93.42,65.01
300850,20250926,40.73,3.08,-0.12,40.28,43.44,40.06,13.46,20.22,0.82,0.144,6.58,75.76,6.496,37.335,62.95,8.97,5.89,65.66,85.82,68.1
300850,20250929,42.4,2.2,0.1,42.1,42.87,41.2,12.39,18.61,0.355,0.023,7.13,62.231,9.035,35.977,63.36,9.19,6.99,76.08,92.41,69.77
300850,20250930,43.48,2.65,0.05,42.4,44.46,42.28,10.23,15.66,0.77,0.077,8.79,49.355,10.298,36.734,63.91,10.05,7.4,73.65,95.3,69.98
300850,20251009,44.11,2.68,-0.03,44.15,45.04,42.8,11.36,17.39,-0.283,0.042,7.51,49.211,9.987,36.511,64.39,10.85,8.17,75.34,93.21,70.75
300850,20251010,45.41,3.44,0.01,44.3,46.99,44.19,11,16.85,0.285,0.145,5.69,46.929,11.379,36.682,64.82,12.25,8.81,71.88,93.67,71.16
300850,20251013,45.24,3.78,-0.04,42.47,46.25,42.36,9.91,15.18,0.222,-0.1,3.89,53.394,9.913,37.611,64.78,12.47,8.69,69.69,91.05,70.89
300850,20251014,43.46,3.71,-0.39,45.05,46.9,43.23,9.42,14.42,0.099,-0.003,3.37,68.727,4.645,38.624,64.68,12.49,8.78,70.32,65.96,70.42
300850,20251015,43.82,3.81,0.08,43.69,44,42.36,5.61,8.59,0.081,0.001,1.5,68.109,5.104,42.214,64.47,12.26,8.45,68.94,71.16,68.01
300850,20251016,43.29,4.01,-0.13,43.5,44.05,42.48,4.62,7.08,0.166,-0.027,3.16,73.47,3.577,45.721,64.42,12.34,8.33,67.47,62.47,65.42
300850,20251017,41.66,4.14,-0.35,43.35,43.49,41.49,5.61,8.58,-0.046,-0.074,1.4,78.872,-0.449,47.41,64.26,12.11,7.97,65.78,39.82,63.79
300850,20251020,43.35,4.04,0.41,42.49,43.43,41.31,5.89,9.02,0.61,0.101,4.52,76.113,3.382,48.302,64.76,11.88,7.84,65.98,66.61,62.59
300850,20251021,44.4,4.32,0.2,43.95,45.34,43.4,7.4,11.34,0.47,0.091,7.36,73.07,5.328,47.363,65.17,11.7,7.38,63.13,79.94,62.56
300850,20251022,48.17,5.86,0.21,45.99,49.6,45.21,17.93,24.35,1.051,0.159,9,50.154,11.262,37.406,65.8,14.4,8.54,59.3,94.03,68.04
300850,20251023,53.19,8,0.03,47.57,55,47.01,18.11,24.59,1.737,0.271,11.24,22.965,18.452,32.289,55.62,18.2,10.2,56.07,95.8,71.95
300850,20251024,53.6,5.47,-0.06,52.02,54.36,51.45,15.09,20.49,0.913,-0.037,11.11,33.425,15.564,31.472,55.42,17,11.53,67.84,92.56,73.3
300850,20251027,52.14,4.79,-0.29,54,54,51.01,12.58,17.09,-1.07,-0.187,6.16,47.837,9.956,32.586,54.92,16.05,11.26,70.14,76.59,73.18
300850,20251028,49.77,4.66,-0.33,52.05,52.35,49.33,11.73,15.93,-0.094,-0.22,4.35,64.284,3.854,33.908,54.33,15.52,10.86,69.95,58.5,72.72
300850,20251029,52.55,4.44,0.41,49.79,54,49.63,11.99,16.28,0.729,0.035,3.9,58.756,8.571,34.677,55.08,14.18,9.74,68.7,80.89,72.48
300850,20251030,53.89,5.24,0.1,52.26,57.71,51.86,14.78,20.07,0.24,0.137,0.97,62.2,9.437,33.501,55,15.58,10.34,66.35,86.42,73.55
300850,20251031,52.8,5.7,-0.35,54.5,55.78,52.39,11.14,15.13,-0.087,-0.017,-1.05,69.202,5.934,35.031,54.66,15.26,9.56,62.64,67.28,72.75
300850,20251103,52.18,5.62,-0.14,52.5,52.75,50.5,8.19,11.12,0.24,-0.154,1.97,72.824,4.164,37.99,54.67,14.51,8.89,61.31,59.49,70.8
300850,20251104,50.06,6.33,-0.45,52.3,52.8,49.38,7.65,10.39,-0.531,-0.102,1.35,74.047,-0.274,40.465,54.13,13.96,7.63,54.65,35.1,68.96
300850,20251105,50.19,7.1,0.04,48.94,50.97,48.61,6.78,9.2,-0.186,0.051,-1.01,76.055,0.092,42.88,54.3,13.61,6.51,47.87,37.2,67
300850,20251106,49.82,7.1,-0.07,49.99,51.2,49.4,6.54,8.88,-0.194,-0.05,-3.63,76.783,-0.606,44.779,54.24,13.16,6.06,46.01,33.44,65.23
300850,20251107,49.7,7.65,-0.03,49.51,51,49.08,6.55,8.9,0.184,0.03,-2.99,78.036,-0.759,46.082,54.43,13.34,5.69,42.63,31.92,63.75
300850,20251110,48.01,7.3,-0.21,50.08,50.43,47.56,6.85,9.31,-0.137,-0.059,-4.45,70.519,-3.958,46.672,54.06,12.9,5.6,43.42,20.34,62.68
300850,20251111,47.78,6.78,-0.02,48.36,49.25,47.51,5.08,6.89,-0.147,-0.038,-2.56,69.658,-4.173,48.684,54.02,12.66,5.88,46.47,19.29,60.76
300850,20251112,49.47,6.55,0.36,47.67,49.89,46.7,8.63,11.72,0.392,0.039,0.14,82.865,-0.492,46.617,54.29,12.24,5.69,46.51,38.79,61.24
300850,20251113,49.8,6.19,0.13,48.88,50.38,48.3,6.92,9.39,-0.393,0.006,-0.53,85.005,0.24,46.74,54.11,11.71,5.52,47.13,45.72,60.61
300850,20251114,49.61,6.19,-0.09,48.85,51.97,48.65,7.6,10.32,0.143,0.084,-0.42,85.96,-0.051,46.112,54.39,11.36,5.17,45.51,40.89,60.49
300850,20251117,51.03,5.59,0.47,48.68,51.8,47.77,6.73,9.15,0.447,0.088,3,88.849,2.769,46.434,54.65,10.5,4.91,46.75,66.31,59.88
300850,20251118,47.44,5.18,-0.99,50.73,50.75,47.24,6.31,8.57,-0.824,-0.121,-0.46,78.193,-4.368,47.015,54.17,9.77,4.59,46.92,12.52,59.11
300850,20251119,46.85,4.57,-0.03,47.43,48.88,46.4,4.68,6.36,-0.305,-0.045,-4.28,73.801,-5.258,49.02,54,9.36,4.79,51.15,10.75,57.45
300850,20251120,45.95,4.07,-0.05,47.17,47.99,45.79,4.69,6.37,-0.273,-0.014,-4,64.141,-6.728,50.443,53.8,9.27,5.2,56.09,8.2,56.02
300850,20251121,45.24,4.05,-0.02,45.51,46.34,45.1,4.14,5.62,-0.088,-0.039,-6.86,53.323,-7.751,52.052,53.76,9.59,5.54,57.72,7.22,54.43
300850,20251124,46.24,3.17,0.13,45.33,46.77,45.33,4.25,5.78,0.093,0.089,-10.52,70.827,-5.336,53.04,53.9,9.15,5.98,65.38,14.1,53.11
300850,20251125,46.96,3.18,0.15,46.01,47.27,45.7,3.86,5.24,0.024,0.021,-4.03,79.055,-3.606,54.183,54.03,9,5.82,64.69,22.41,51.7
300850,20251126,47.03,3.39,0.03,46.6,47.8,46.1,3.63,4.93,0.031,-0.001,-1.2,80.426,-3.265,55.249,54.04,9.03,5.64,62.47,24.22,50.3
300850,20251127,46.41,3.38,-0.15,46.71,48.19,46.37,3.56,4.84,-0.069,-0.032,0.34,76.193,-4.329,56.043,54.12,8.81,5.43,61.71,16.28,49.02
300850,20251128,47.26,3.18,0.21,46.42,47.97,46.42,2.99,4.06,0.353,0.016,5,83.925,-2.428,57.366,54.17,8.63,5.45,63.22,27.85,47.47
300850,20251201,46.11,3.37,-0.28,47.26,47.36,45.6,4.06,5.52,-0.52,-0.066,-2.15,74.689,-4.593,56.673,53.87,8.66,5.29,61.14,12.73,46.92
300850,20251202,45.37,3.21,-0.13,46.13,46.2,45.01,2.88,3.91,-0.06,-0.064,-4.04,65.554,-5.905,57.83,53.71,8.5,5.29,62.24,5.95,45.52
300850,20251203,46.26,3.02,0.24,45.37,46.8,45.37,4.3,5.85,0.348,0.082,0.04,78.009,-3.744,56.385,53.85,8.35,5.33,63.81,18.99,45.41
300850,20251204,45.97,3.2,-0.07,45.8,46.36,45.41,2.81,3.82,0.056,-0.045,1.22,75.626,-4.159,57.529,53.83,8.35,5.15,61.65,15.31,44.14
300850,20251205,47.23,3.06,0.42,45.73,47.8,45.7,4.5,6.11,0.383,0.021,1.44,86.578,-1.319,55.621,54.02,8.04,4.98,61.97,38.2,44.36
300850,20251208,47.43,3.06,0.09,46.93,47.55,46.05,4.29,5.83,-0.071,0.011,6.47,88.079,-0.806,54.49,53.91,7.86,4.8,61.11,43.21,44.39
300850,20251209,47.1,3.05,-0.11,47.15,48.36,46.82,3.28,4.46,-0.09,-0.022,6.45,86.889,-1.423,55.147,54.02,7.89,4.84,61.32,37.16,43.61
300850,20251210,45.64,3.56,-0.49,47.5,47.55,43.5,6.34,8.61,-0.405,-0.158,-2.44,76.426,-4.238,50.95,53.59,8.38,4.82,57.54,10.73,45.4
300850,20251211,46.42,3.38,0.32,45.6,47.16,45.21,4.47,6.06,0.421,0.076,1.44,84.279,-2.365,50.743,53.81,8.22,4.84,58.82,28.09,45.43
300850,20251212,47.4,3.4,0.39,46.57,47.8,46.08,3.78,5.14,0.455,0.038,2.19,89.985,-0.234,51.544,53.97,8.07,4.67,57.91,49.12,44.92
300850,20251215,46.96,3.38,-0.19,47.35,48.28,46.7,3.11,4.23,0.021,-0.053,2.55,88.337,-1.123,53.087,54.04,7.89,4.51,57.14,38.92,43.94
300850,20251216,45.34,3.22,-0.59,46.8,46.81,44.99,2.86,3.88,-0.221,-0.058,1.23,76.81,-4.402,54.605,53.9,7.73,4.51,58.29,6.85,42.86
300850,20251217,45.83,3.67,0.19,45.44,45.87,44.05,2.89,3.93,0.008,0.001,7.52,81.845,-3.197,55.64,53.84,8.36,4.69,56.06,16.95,41.94
300850,20251218,43.5,3.95,-0.29,45.43,45.43,43.34,4.75,6.45,-0.83,-0.099,-7.28,61.829,-7.685,53.323,53.49,8.8,4.85,55.19,1.38,42.67
300850,20251219,42.69,4.07,0,43.64,43.94,42.35,5.84,7.93,-0.05,-0.071,-12.57,48.62,-8.681,50.067,53.22,9.62,5.55,57.68,1.64,44.19
300850,20251222,42.84,3.56,0.05,42.62,43.35,42.45,4.26,5.79,0.198,0.044,-10.13,53.896,-7.814,50.133,53.38,9.62,6.06,62.98,4.22,44.22
300850,20251223,42.77,3.12,0.02,42.85,43.33,42.37,3.86,5.24,0.053,0.044,-6.52,54.297,-7.509,50.764,53.45,9.46,6.34,67.05,5.08,43.92
300850,20251224,43.32,3.55,0.18,41,43.65,40.7,4.65,6.31,0.42,0.071,-1.94,65.667,-5.691,50.068,53.53,10.15,6.6,64.97,14.56,44.3
300850,20251225,43.11,3.55,-0.03,43.02,43.6,42.7,3.2,4.35,-0.048,-0.025,5.79,63.537,-5.841,51.682,53.41,9.95,6.4,64.26,13.08,43.46
300850,20251226,43.19,3.57,0.04,43.16,43.9,42.91,3.23,4.38,0.054,0.021,9.05,65.852,-5.379,52.82,53.46,9.79,6.22,63.53,15.03,42.74
300850,20251229,43.35,3.75,0.06,43.16,44.12,43.05,3.34,4.54,0.162,-0.007,8.27,69.359,-4.752,53.457,53.61,9.79,6.04,61.72,18.3,42.2
300850,20251230,42.57,3.76,-0.24,43.04,43.69,42.42,3.24,4.41,-0.18,-0.001,5.38,58.762,-6.163,54.04,53.56,9.63,5.87,60.93,5.35,41.64
300850,20251231,41.37,4.3,-0.08,42.79,42.81,41.26,4.02,5.46,-0.072,-0.011,-1.26,41.328,-8.361,53.161,53.4,10.34,6.04,58.44,1.29,41.8
300850,20260105,43.44,3.9,0.5,41.41,43.99,41.41,5.39,7.32,0.501,0.073,6.29,74.198,-3.255,50.397,53.61,10.17,6.27,61.6,27.98,43.08
300850,20260106,44.25,4.34,0.21,43.34,44.8,43.22,4.72,6.41,0.324,0.03,8.73,80.668,-1.261,49.53,53.9,10.21,5.87,57.43,39.28,43.63
300850,20260107,43.89,4.32,-0.07,44.27,44.58,43.6,3.96,5.38,-0.131,0.011,5.59,79.662,-1.958,50.04,53.86,10.01,5.69,56.82,35.34,43.49
300850,20260108,45.17,4.35,0.26,43.61,45.2,43.45,5.13,6.97,0.516,0.046,11.21,86.788,0.973,48.736,54.2,9.84,5.49,55.75,49.38,44.31
300850,20260109,44.78,4.36,-0.07,45.16,45.6,44.5,5.04,6.84,-0.26,-0.043,8.09,85.611,0.057,48.018,54.25,9.67,5.31,54.87,45.32,44.95
300850,20260112,44.57,4.36,-0.04,44.78,45.18,44.04,4.52,6.14,-0.203,-0.062,1.78,85.871,-0.399,48.268,54.09,9.51,5.15,54.15,43.18,45.08
300850,20260113,42.49,4.37,-0.67,44.57,44.57,42.43,5.9,8.01,-0.563,-0.106,-5.44,72.279,-4.799,46.647,53.76,9.34,4.97,53.19,7.09,46.29
300850,20260114,44.2,4.39,0.62,42.72,45.53,42.7,6.91,9.38,0.716,0.075,0.83,86.417,-0.679,44.411,54.17,9.17,4.78,52.19,40.88,48.1
300850,20260115,46.2,4.23,0.52,44.7,46.97,44.38,6.97,9.46,0.753,0.085,2.42,93.229,3.573,43.034,54.56,8.83,4.6,52.14,69.38,49.66
300850,20260116,45.36,4.25,-0.23,46.6,46.67,45.22,4.87,6.61,-0.209,-0.059,2.69,92.251,1.45,44.608,54.58,8.65,4.4,50.86,56.82,49.43
300850,20260119,47.59,3.76,0.51,45.59,47.81,45.42,7.92,10.76,0.538,0.105,7.03,87.938,5.892,42.352,55.1,8.14,4.38,53.9,85.12,51.47
300850,20260120,47.31,2.78,-0.1,47.6,48.66,46.81,6.63,9.01,0.124,-0.003,10.44,91.96,4.674,42.403,55.33,7.55,4.77,63.1,79.37,52.24
300850,20260121,47.88,2.4,0.1,46.84,48.48,46.54,6.81,9.25,0.205,0.005,7.66,86.234,5.413,42.363,55.56,7.35,4.95,67.3,84.86,53.01
300850,20260122,48.37,1.86,0.08,47.8,48.64,47.21,6.14,8.34,0.282,0.025,5.27,81.156,5.915,43.133,55.72,6.75,4.89,72.49,89.28,53.19
300850,20260123,49.7,2.17,0.09,48.23,50,47.67,7.82,10.61,0.49,0.051,8.11,67.597,7.918,42.027,56.08,7.44,5.27,70.79,94.31,54.5
300850,20260126,49.71,2.66,-0.13,51.94,51.94,48.73,12.17,16.53,-0.483,0.07,2.95,71.866,6.008,37.437,55.98,8.61,5.95,69.16,86.83,58.52
300850,20260127,48.18,2.26,-0.3,49.2,49.68,46.82,8.33,11.32,-0.138,-0.089,1.61,88.366,2.278,38.137,55.8,8.36,6.1,73.02,70.06,59.23
300850,20260128,47.53,2.42,-0.21,48,48.2,46.88,63,7.65,-0.182,-0.099,-0.2,94.578,0.785,41.067,55.44,8.24,5.82,70.67,58.56,58.14
300850,20260129,45.53,2.6,-0.52,47.2,47.31,45.5,6.5,8.82,-0.812,-0.174,-4.93,92.539,-3.304,42.426,54.99,8.14,5.54,68.1,29.94,57.75
300850,20260130,44.82,2.53,-0.09,45.31,45.75,43.8,4.81,6.54,0.027,-0.058,-8.07,87.122,-4.527,45.055,54.81,7.94,5.41,68.11,25.17,56.36
300850,20260202,43.21,2.38,-0.31,44.58,44.98,43.02,4.95,6.72,-0.51,-0.076,-12.03,65.663,-7.525,46.847,54.58,7.83,5.45,69.6,8.4,55.25
300850,20260203,44.48,2.52,0.35,43.8,44.59,43.02,4.67,6.34,0.148,0.013,-11.44,85.536,-4.445,48.446,54.64,7.85,5.33,67.94,27.38,54.11
300850,20260204,44.64,2.52,0.09,44.11,44.86,43.25,3.92,5.32,-0.089,-0.025,-11.46,87.7,-3.841,50.466,54.61,7.72,5.2,67.41,32.41,52.61
300850,20260205,43.03,2.38,-0.47,44.3,44.37,42.72,3.91,5.31,-0.385,-0.032,-8.59,67.342,-6.987,51.943,54.58,7.6,5.22,68.58,6.85,51.29
300850,20260206,42.37,2.4,-0.08,42.62,43.57,42.27,3.85,5.23,-0.026,-0.084,-9.9,57.851,-7.979,53.06,54.52,7.76,5.36,69.1,2.28,50.1
300850,20260209,42.8,2.25,0.1,42.96,43.28,42.41,3.71,5.04,0.106,0.069,-2.84,65.98,-6.684,54.01,54.68,7.62,5.37,70.48,7.58,48.95
300850,20260210,43.09,2.09,0.12,43.04,43.44,42.63,3.43,4.66,-0.04,0.022,-4.92,72.028,-5.748,55.027,54.68,7.49,5.4,72.09,14.04,47.75
300850,20260211,44.07,2.25,0.38,43.09,44.58,43,4.16,5.65,0.357,0.081,0.75,85.99,-3.313,54.659,54.97,7.53,5.28,70.15,34.75,47.23
300850,20260212,43.88,2.23,-0.05,44.26,44.32,43.5,3.2,4.34,-0.248,-0.086,1.6,84.689,-3.571,55.707,54.86,7.38,5.15,69.79,31.77,46.05
300850,20260213,43.27,2.38,-0.26,43.78,44.13,43.25,2.59,3.51,-0.096,-0.031,1.53,77.469,-4.741,57.363,54.85,7.4,5.02,67.84,17.7,44.53
300850,20260224,44.24,2.22,0.45,43.74,44.39,43.63,3.27,4.45,0.331,0.002,3.46,88.726,-2.444,57.432,54.93,7.26,5.04,69.42,42.44,43.72
300850,20260225,44.31,2.23,0.05,44.2,44.5,43.89,3.92,5.33,0.081,0.012,4.58,89.82,-2.141,56.332,54.98,7.15,4.92,68.85,45.16,43.53
300850,20260226,48.78,2.14,0.8,44.55,49.48,44.52,14.67,19.92,2.73,0.305,19.56,72.273,7.005,41.166,55.94,7.15,5.01,70,89.64,52.1
300850,20260227,47.7,1.78,-0.26,48,48.99,47,7.32,9.94,-0.382,-0.064,15.89,92.993,4.07,40.943,55.76,7.02,5.24,74.7,75.28,53.25
300850,20260302,46.12,1.79,-0.39,46.8,47.5,45.81,5.64,7.66,-0.271,-0.052,13.47,98.02,0.507,42.613,55.58,6.9,5.11,74.04,53.45,53.05
300850,20260303,46.99,1.54,0.13,46.3,49.12,46.3,9.37,12.72,0.822,0.055,13.67,98.679,2.171,40.137,56.11,6.76,5.22,77.22,60.71,55.47
300850,20260304,47.5,1.57,0.14,46.5,48.88,46.33,7.79,10.58,0.519,-0.03,13.91,96.201,3.024,40.204,56.67,6.77,5.2,76.84,68.7,56.36
300850,20260305,47.87,1.63,0.07,48.18,48.8,47.01,8.3,11.27,0.073,0.02,3.18,93.099,3.314,39.917,57.04,6.64,5.01,75.46,72.97,57.43
300850,20260306,47.22,1.63,-0.27,47.59,47.95,46.6,5.06,6.87,-0.086,-0.052,4.81,98.423,1.739,42.82,56.98,6.51,4.88,75.01,57.63,56.24
300850,20260309,47.24,1.58,0.04,46.1,47.86,44.08,7.37,10.01,-0.009,-0.052,5.68,98.456,1.722,42.689,56.79,6.36,4.78,75.09,60.02,56.73
300850,20260310,48.35,1.76,0.42,47.71,48.75,47.3,5.96,8.1,0.459,0.074,4.53,89.314,3.807,44.025,57.09,6.38,4.62,72.37,83.82,56.23
300850,20260311,50.06,14.04,0.2,48.17,50.6,48.17,11.9,16.16,1.018,0.086,6.41,74.249,6.509,39.38,57.92,19,4.96,68.99,95.46,59.68
300850,20260312,53.38,3.38,0,49.95,54.94,49.18,15.63,21.23,1.151,0.086,9.18,43.378,11.241,33.985,58.79,9.55,6.17,64.57,95.7,64.62
300850,20260313,53.26,3.95,-0.2,54.06,55.84,52.52,14.49,19.67,0.119,0.022,8.03,53.652,8.541,32.088,58.93,11.73,7.78,66.39,84.04,67.59
300850,20260316,52.8,3.45,-0.18,53.34,55.31,52.47,10.74,14.58,0.132,-0.013,7.8,65.15,6.386,33.587,58.71,11.42,7.97,69.77,73.67,67.87
300850,20260317,50.99,3.71,-0.21,51.68,53.94,50.5,8.92,12.11,0.253,-0.003,6.84,83.389,2.329,35.924,58.44,11.26,7.55,67.03,61.53,67.18
300850,20260318,50.15,3.62,-0.1,51.07,51.43,49.16,7.68,10.43,-0.148,-0.253,3.65,84.282,0.485,38.497,58.02,10.97,7.35,67.02,55.78,65.97
300850,20260319,49.08,3.79,-0.2,49.65,50.99,48.67,6.69,9.08,-0.151,-0.06,-0.16,81.188,-1.564,41.113,58.17,10.84,7.05,65.02,43.86,64.45
300850,20260320,48.88,4.08,-0.09,48.77,51.28,48.77,8.8,11.95,-0.141,0.042,-1.08,82.175,-1.729,41.256,58.29,10.71,6.63,61.89,38.58,64.33
300850,20260323,47.68,3.76,-0.22,48.35,49.4,46.95,7.58,10.29,0.512,-0.09,-0.07,76.399,-3.807,42.355,58.47,10.15,6.39,63.01,25.8,63.56
300850,20260324,47.19,3.28,-0.05,48.51,48.64,44.82,7.98,10.84,-0.326,-0.02,-2.68,77.331,-4.446,42.771,58.24,10,6.72,67.22,22.68,63.15
300850,20260325,47.38,3.65,0.06,47.39,48.23,46.78,6.21,8.43,-0.195,-0.007,-1.85,79.166,-3.738,44.581,58.15,9.93,6.28,63.27,26.2,61.81
300850,20260326,45.91,3.55,-0.26,46.95,48,45.68,5.98,8.13,0.021,-0.118,-1.34,70.337,-6.298,46.061,58.15,9.58,6.03,62.94,11.24,60.55
300850,20260327,44.14,3.94,-0.1,45.92,46.49,43.5,8.52,10.83,-0.443,-0.087,-3.44,52.666,-9.069,44.687,57.88,10.46,6.52,62.29,5.74,60.66
300850,20260330,43.21,3.79,-0.03,43.71,44.93,42.05,6.94,8.82,-0.275,-0.055,-7.31,41.846,-10.106,45.173,57.71,11.13,7.34,65.99,4.04,59.88
300850,20260331,44.28,3.81,0.2,43.66,46.28,42.51,9.9,12.58,0.183,0.039,-4.3,61.772,-6.83,42.777,58.09,11.26,7.45,66.2,15.59,60.9
300850,20260401,43.33,3.93,-0.14,44.3,44.75,43.11,7.15,9.09,-0.928,-0.132,-8.03,53.42,-8.141,43.604,57.84,11.13,7.2,64.67,7.31,60.19
300850,20260402,40.74,4.34,-0.13,42.8,43.95,40.68,7.5,9.53,-0.448,-0.244,-10.22,32.177,-12.625,43.856,57.34,11.93,7.59,63.66,0.14,59.8
300850,20260403,41.09,4.87,0.09,40.98,41.85,39.52,6.64,8.44,0.387,-0.026,-6.99,39.748,-10.918,44.802,57.33,13.36,8.49,63.55,5.34,58.98
300850,20260407,39.94,4.84,-0.07,41,41.29,39.87,4.6,5.85,-0.274,-0.148,-8.25,30.088,-12.738,47.405,57.37,13.75,8.91,64.81,1.44,57.11
300850,20260408,41.87,4.36,0.29,40.5,42,40.5,6.14,7.8,0.737,0.08,-6.26,51.963,-7.743,47.72,57.69,13.6,9.24,67.93,18.07,56.41
300850,20260409,40.92,4.34,-0.14,41.46,41.63,40.73,5.16,6.55,-0.356,-0.115,-2.63,48.497,-9.237,48.915,57.62,13.44,9.1,67.71,9.93,55.21
300850,20260410,41.99,4.61,0.28,41.36,42.38,41.3,5.83,7.41,0.536,0.063,6.52,58.437,-6.289,48.997,57.92,13.08,8.47,64.75,26.06,54.6
300850,20260413,41.85,4.43,-0.01,41.5,42.42,41.38,4.6,5.84,-0.041,-0.082,3.18,59.489,-6.178,50.355,57.98,12.76,8.33,65.26,25.43,53.29
300850,20260414,42.83,4.42,0.23,42.13,42.84,41.51,5.91,7.51,0.259,0.027,7.4,68.001,-3.598,49.788,58.1,12.61,8.19,64.96,39.02,53.01
300850,20260415,42.74,4.66,-0.02,43.22,43.87,42.3,5.54,7.04,-0.097,-0.042,1.11,69.109,-3.553,49.733,58.2,12.45,7.79,62.56,37.67,52.53
300850,20260416,42.33,4.61,-0.08,42.73,42.88,41.84,5.34,6.78,-0.353,-0.192,0.52,68.561,-4.185,49.866,57.97,12.25,7.64,62.43,32.83,51.98
300850,20260417,42.57,4.59,0.08,42.2,43.33,42.06,5.42,6.88,0.148,0.093,-1.85,71.287,-3.337,49.812,58.13,11.89,7.3,61.41,37.7,51.56
300850,20260420,41.63,4.73,-0.32,42.2,42.24,41.32,5.85,7.43,-0.447,-0.176,-5.07,68.653,-5.087,49.221,57.97,11.73,7,59.72,18.87,51.49
300850,20260421,41.26,4.89,-0.1,41.93,41.93,40.37,4.94,6.27,-0.162,-0.131,-9.53,68.716,-5.582,49.812,57.65,11.57,6.68,57.71,13.15,50.82
300850,20260422,41.45,5.29,0.11,41,41.66,40.81,4.09,5.2,0.256,0.04,-6.84,70.666,-4.826,51.217,57.63,11.61,6.32,54.43,19.49,49.67
300850,20260423,41.01,5.47,-0.15,41.66,42.11,40.78,4,5.09,-0.124,-0.1,-4.61,70.401,-5.553,52.314,57.53,11.45,5.98,52.24,10.89,48.6
300850,20260424,41.18,5.88,0.07,41.13,41.986,40.91,4.06,5.16,0.181,-0.019,-5.4,72.106,-4.861,52.981,57.69,11.25,5.37,47.76,14.93,47.71
300850,20260427,41.12,6.12,-0.02,41.24,42.23,40.93,4.61,5.86,-0.054,-0.009,-0.83,73.232,-4.68,52.669,57.73,11.13,5.01,45,13.87,47.32
300850,20260428,39.01,6,-0.24,40.59,41.19,39,5.48,6.96,-0.515,-0.183,0,64.082,-8.389,51.232,57.51,11.37,5.37,47.26,0.02,47.6
300850,20260429,41.66,7.16,0.84,38,42.38,37.99,11.16,14.18,1.66,0.145,5.99,80.351,-1.128,43.526,58.12,12.26,5.1,41.6,48.57,51.89
300850,20260430,42.84,7.47,0.42,41.74,43.38,41.26,8.29,10.2,0.453,0.09,9.11,84.618,1.628,41.991,49.44,11.91,4.44,37.25,69.28,53.01
300850,20260506,42.63,7.54,-0.06,43,43.1,41.86,6.55,8.06,-0.747,-0.132,3.42,85.317,0.981,42.769,49.16,11.55,4.01,34.74,66.18,53.05
300850,20260507,42.54,7.59,-0.08,42.54,43.51,42.41,4.82,5.93,-0.14,-0.03,2.84,85.941,0.713,45.115,49.22,11.37,3.78,33.22,62.07,51.99
300850,20260508,42.5,7.43,-0.01,42.36,42.83,41.8,4.74,5.83,-0.064,-0.023,5.78,86.798,0.587,46.932,49.1,11.01,3.58,32.47,61.81,51.03
300850,20260511,41.57,7.16,-0.53,42.49,42.6,41.31,5.33,6.57,-0.851,-0.136,-9.49,86.134,-1.573,47.576,48.82,10.52,3.36,31.93,36.06,50.57
300850,20260512,40.13,6.78,-0.55,41.77,41.77,39.56,6.65,8.19,-0.566,-0.136,-18.52,84.452,-4.702,46.542,48.44,10.15,3.37,33.21,9.2,51.05
300850,20260513,41.01,6.66,0.34,40.04,41.4,39.96,4.23,5.21,0.587,0.02,-9.49,87.184,-2.384,48.537,48.63,10.05,3.39,33.69,25.61,49.88
300850,20260514,38.69,6.35,-0.5,41.11,41.75,38.66,5.55,6.83,-1.025,-0.135,-16.01,70.982,-7.526,48.432,48.42,9.72,3.37,34.69,1.43,49.72
300850,20260515,38.05,6.33,0.02,38.9,39.05,37.28,4.99,6.14,-0.182,-0.099,-18.01,56.809,-8.513,48.987,48.24,10.05,3.72,37.04,2.53,49.22
300941,20250912,26.69,1.73,,25.79,27.32,25.74,9.45,12.58,1.245,0.196,16.44,92.819,-2.021,49.987,63.49,7.67,5.94,77.49,32.55,51.67
300941,20250915,26.18,1.75,-0.14,26.29,26.89,26.04,5.21,6.94,-0.177,-0.161,10.74,77.819,-3.625,49.989,63.32,7.55,5.8,76.83,23.77,51.33
300941,20250916,26.77,1.85,0.24,25.99,27.15,25.81,6.23,8.29,0.534,0.041,14.19,94.679,-1.198,48.741,63.39,7.57,5.72,75.63,38.88,51.74
300941,20250917,26.55,1.86,-0.07,26.54,26.84,26.23,4.57,6.09,-0.123,-0.115,10.05,91.42,-1.878,49.779,63.31,7.45,5.59,75.12,34.19,50.94
300941,20250918,25.89,1.67,-0.24,26.52,26.73,25.55,5.42,7.22,-0.239,-0.166,6.45,73.841,-4.077,49.468,63.21,7.31,5.64,77.19,18.98,50.85
300941,20250919,25.32,1.62,-0.21,25.89,26.12,25.32,3.23,4.31,0.085,-0.068,-3.05,66.462,-5.958,51.905,63.15,7.33,5.71,77.88,5.44,49.22
300941,20250922,25.35,1.57,0.02,25.27,25.54,25.19,2,2.66,0.064,-0.006,0.17,67.588,-5.676,55.42,63.13,7.33,5.76,78.58,6.9,46.89
300941,20250923,24.2,1.93,-0.08,25.28,25.36,23.6,5.56,7.41,-0.747,-0.078,-13.53,46.398,-9.351,52.966,62.79,7.96,6.03,75.7,1.92,47.48
300941,20250924,24.77,2.72,0.09,24.08,24.8,23.92,3.67,4.89,0.067,0.108,-10.28,61.097,-6.774,53.77,62.76,9,6.28,69.77,7.3,46.58
300941,20250925,24.65,2.25,-0.01,24.66,25.21,24.49,3.02,4.03,-0.132,0.038,-7.53,60.355,-6.913,55.246,62.74,8.83,6.58,74.54,6.94,45.29
300941,20250926,24.19,2.3,-0.06,24.65,25.09,24.18,2.64,3.51,0.021,-0.081,-8.92,51.278,-8.356,56.895,62.73,9,6.7,74.53,2.94,43.85
300941,20250929,24.49,2.25,0.08,24.19,24.87,23.77,2.97,3.96,0.19,0.019,-6.85,60.462,-6.879,57.532,62.7,9.31,7.06,75.75,7.79,42.83
300941,20250930,24.26,2.4,-0.04,24.59,24.75,24.23,2.33,3.11,-0.035,-0.018,2.77,56.062,-7.506,59.003,62.65,9.31,6.91,74.17,5.14,41.42
300941,20251009,24.42,2.39,0.06,24.26,24.62,24.05,2.41,3.21,0.09,-0.01,1.56,61.23,-6.632,59.919,62.68,9.34,6.95,74.38,9.04,40.21
300941,20251010,24.07,2.67,-0.09,24.39,24.39,24,2.54,3.38,0.013,-0.103,1.91,53.253,-7.686,60.283,62.66,9.51,6.84,71.86,3.51,39.24
300941,20251013,23.61,2.45,-0.01,22.03,23.69,22.03,2.88,3.83,0.247,0.063,9.39,44.129,-8.905,59.801,62.67,9.72,7.27,74.85,3.1,38.67
300941,20251014,23.55,2.6,0,23.59,24.13,23.51,2.63,3.5,0.15,0.064,10.69,44.617,-8.77,59.807,62.69,10.11,7.51,74.22,3.15,37.94
300941,20251015,23.66,2.61,0.03,23.54,23.94,23.36,1.95,2.6,-0.142,0.047,10.92,47.694,-8.081,61.045,62.62,10.3,7.69,74.69,5.05,36.72
300941,20251016,23.27,2.61,-0.04,23.79,23.79,23.09,1.86,2.48,-0.149,-0.013,4.86,40.587,-9.343,62.111,62.6,10.48,7.87,75.14,2.58,35.53
300941,20251017,22.86,2.76,-0.02,23.34,23.55,22.84,1.98,2.64,0.073,-0.055,9.47,32.815,-10.639,62.574,62.58,10.85,8.09,74.55,1.42,34.57
300941,20251020,23.53,2.93,0.11,23.12,23.68,23.12,2.43,3.24,0.221,0.083,11.13,49.017,-7.667,61.807,62.55,11.07,8.14,73.56,8.04,34.12
300941,20251021,23.88,3.09,0.11,23.53,23.88,23.4,2.02,2.68,0.019,-0.005,3.46,56.291,-6.056,62.056,62.52,11.07,7.98,72.12,15.07,33.33
300941,20251022,23.83,2.92,-0.01,23.7,24.06,23.68,1.54,2.05,0.014,0.031,9.94,55.959,-6.079,63.261,62.53,10.85,7.93,73.09,14.71,32.19
300941,20251023,24.02,3.08,0.07,23.72,24.06,23.53,71,2.27,0.162,0.007,25.66,60.813,-5.152,63.694,62.56,10.85,7.77,71.62,19.4,31.31
300941,20251024,24.15,3.24,0.07,24.06,24.25,24,2.4,3.14,0.018,0.044,25.81,64.536,-4.432,62.191,51.25,10.88,7.64,70.16,23.23,31.13
300941,20251027,24.62,3.4,0.21,24.34,24.75,24.27,2.86,3.74,0.35,0.061,28.42,72.735,-2.408,59.864,51.28,10.88,7.48,68.68,33.78,31.4
300941,20251028,25.35,3.57,0.28,24.74,25.46,24.36,10,9.31,0.947,0.04,34.06,80.654,0.58,49.483,51.58,10.7,7.13,66.62,47.97,35.6
300941,20251029,25.06,3.9,-0.11,25.29,25.29,24.89,4.39,5.76,-0.106,-0.141,21.97,79.186,-0.561,48.091,51.43,10.73,6.83,63.6,42.15,36.73
300941,20251030,24.77,4.11,-0.14,24.97,25.1,24.72,3.33,4.36,-0.074,-0.091,14.81,77.864,-1.634,49.003,51.35,10.77,6.66,61.87,34.79,36.78
300941,20251031,25,4.07,0.15,24.58,25.15,24.57,2.47,3.24,0.024,0.066,14.34,79.924,-0.651,51.183,51.34,10.55,6.48,61.4,42.47,36.09
300941,20251103,25.1,4.24,0.08,24.9,25.14,24.77,1.85,2.43,0.011,-0.043,8.87,81.053,-0.232,53.997,51.31,10.55,6.31,59.85,46.48,34.93
300941,20251104,25.65,4.25,0.28,25.03,25.87,24.8,6.76,8.85,1.148,0.134,12.34,85.101,1.865,47.293,51.89,10.4,6.15,59.13,61.21,38.25
300941,20251105,25.36,4.61,-0.14,25.19,25.7,25.11,4.82,6.31,0.131,-0.059,15.73,84.936,0.681,46.299,51.86,10.43,5.82,55.76,53.93,39.39
300941,20251106,24.97,4.82,-0.3,25.45,25.45,24.53,3.04,3.98,-0.385,-0.083,11.53,83.498,-0.872,48.423,51.7,10.47,5.65,53.98,38.58,38.89
300941,20251107,24.62,4.77,-0.24,24.92,24.92,24.54,2.56,3.35,-0.169,-0.021,8.17,81.952,-2.186,50.817,51.62,10.25,5.48,53.52,26.3,38.05
300941,20251110,24.82,4.77,0.16,24.62,24.94,24.58,1.97,2.58,0.018,0.025,8.93,83.543,-1.328,53.678,51.62,10.25,5.48,53.52,34.34,36.79
300941,20251111,24.52,4.94,-0.23,24.78,24.84,24.5,1.68,2.2,-0.058,-0.066,-11.52,82.074,-2.46,56.43,51.57,10.28,5.34,51.89,22.33,35.42
300941,20251112,25.03,5.12,0.44,24.54,25.57,24.54,4.54,5.94,0.441,-0.013,-5.46,85.89,-0.315,52.96,51.76,10.1,4.98,49.32,45.07,36.69
300941,20251113,25.84,5.34,0.53,24.93,26.1,24.72,6.91,9.06,1.052,0.053,17.06,88.769,2.772,46.849,51.98,9.95,4.61,46.33,72.46,39.86
300941,20251114,25.61,5.64,-0.16,25.49,26.38,25.45,6.86,8.99,0.44,0.011,19.34,89.856,1.662,43.444,52.26,10,4.36,43.63,63.91,42.48
300941,20251117,26.65,4.81,0.39,25.5,26.7,25.4,10.47,13.72,0.512,0.175,16.25,89.402,5.153,37.518,52.6,8.96,4.15,46.31,84.62,47.55
300941,20251118,26.27,4.37,-0.18,26.3,26.76,25.9,7.39,9.69,-0.382,-0.067,11.29,91.142,3.195,37.634,52.56,8.33,3.96,47.5,75.22,49.33
300941,20251119,25.85,4.23,-0.28,26.21,26.35,25.65,4.81,6.31,-0.01,-0.025,8.75,92.211,1.368,40.565,52.41,8.01,3.78,47.17,60.42,48.97
300941,20251120,25.86,4.24,0,26.15,26.27,25.38,5.12,6.71,0.035,-0.044,3.47,92.623,1.242,42.45,52.35,7.85,3.61,46.02,60.29,48.88
300941,20251121,24.73,3.94,-0.78,25.47,25.96,24.56,5.08,6.66,-0.023,-0.127,0.37,91.875,-3.045,43.924,52.26,7.39,3.45,46.63,19.7,48.77
300941,20251124,25.67,3.58,0.7,24.73,25.8,24.43,5.37,7.03,0.079,0.049,-3.83,93.859,0.744,44.715,52.2,7.04,3.46,49.14,56.48,48.88
300941,20251125,26.3,3.21,0.45,25.75,26.51,25.7,6.08,7.97,0.654,0.024,5.09,93.619,3.005,44.518,52.36,6.48,3.27,50.47,80.18,49.5
300941,20251126,26.04,2.82,-0.26,26.17,26.78,25.97,5.5,7.21,0.009,-0.043,4.93,94.705,1.789,45.118,52.3,6.27,3.45,54.98,66.81,49.6
300941,20251127,25.75,3.02,-0.28,26.06,26.3,25.72,3.45,4.52,-0.238,-0.089,2.57,95.147,0.586,48.01,52.09,6.29,3.27,51.96,52.19,48.24
300941,20251128,25.98,2.83,0.23,25.62,25.98,25.38,3.18,4.16,0.146,0.02,5.45,95.139,1.444,50.549,52.11,6.11,3.28,53.72,64.27,46.84
300941,20251201,25.65,2.67,-0.34,25.91,25.96,25.55,3.35,4.39,-0.084,-0.001,3.92,96.116,0.119,52.208,52.06,5.78,3.11,53.75,46.64,45.72
300941,20251202,27.01,2.57,0.86,25.59,27.31,25.34,15.68,20.54,2.985,0.118,16.97,92.989,4.769,38.555,53.51,5.84,3.27,55.92,92.91,54.08
300941,20251203,27.56,2.26,0.03,27,27.87,26.35,16.84,22.07,0.812,0.001,15.34,86.972,5.434,31.623,53.85,6.04,3.78,62.63,94.68,60.97
300941,20251204,28.54,2.73,0.02,27,28.91,26.86,22.37,29.31,1.196,0.356,15.44,71.366,7.198,25.466,55.34,7.41,4.68,63.08,95.9,69.1
300941,20251205,28.69,4.12,-0.29,27.9,31.29,27.3,27.25,35.71,0.311,-0.157,10.48,75.471,5.518,21.073,55.67,10.68,6.56,61.46,79.61,76.71
300941,20251208,29.38,2.39,-0.2,29.03,30.94,28.88,28.72,37.63,1.333,0.38,10.21,73.312,5.397,19.169,56.02,10.07,7.68,76.29,68.55,81.8
300941,20251209,29.81,3.63,0.17,27.66,30.25,27.66,28.6,37.48,1.532,-0.284,6.74,78.713,5.867,18.783,56.33,9.41,5.78,61.43,78.09,84.68
300941,20251210,28.83,4.06,-0.61,29.36,30.65,28.66,21.02,27.54,-0.921,-0.158,4.2,90.637,1.577,21.524,56.37,8.71,4.65,53.41,43.57,84.18
300941,20251211,28.35,4.04,-0.18,28.76,29.48,27.84,15.56,20.39,0.024,-0.421,2.1,95.902,-0.222,25.398,56.2,8.22,4.18,50.87,33.24,82.25
300941,20251212,27.22,2.78,-0.27,27.8,28.2,26.66,13.58,17.8,-1.067,-0.17,0.52,83.633,-3.721,28.842,55.57,7.55,4.77,63.11,18.08,80.21
300941,20251215,26.06,2.19,-0.2,26.81,27,25.88,10.03,13.15,-0.285,-0.274,-3.25,53.927,-7.12,32.94,55.09,7.92,5.73,72.31,7.31,77.45
300941,20251216,29.76,2.63,1.22,26.01,31.27,25.09,38.69,50.69,6.476,0.227,4.98,78.978,6.349,21.391,58.67,8.79,6.16,70.06,78.95,85.95
300941,20251217,29.72,3.29,-0.02,29.92,30.1,28.32,28.73,37.64,0.23,-0.189,6.21,86.805,4.048,20.533,58,8.05,4.76,59.17,77.73,87.11
300941,20251218,28.96,3.8,-0.54,29.31,29.85,28.85,15.98,20.93,0.004,-0.245,6.49,95.196,1.029,24.802,57.83,7.55,3.75,49.64,46.37,84.51
300941,20251219,29.25,3.95,0.18,29.06,29.96,28.58,18.73,24.54,-0.285,0.091,7.48,94.809,1.678,26.433,58.66,6.82,2.87,42.13,56.81,83.41
300941,20251222,28.87,4.23,-0.34,28.89,29.48,28.61,13.59,17.8,-0.714,-0.213,6.75,97.223,0.297,29.725,58.44,6.56,2.33,35.58,36.94,81.09
300941,20251223,23.1,3.91,-0.64,24.3,25.9,23.1,25.16,32.97,-2.707,-0.783,-6.81,21.756,-15.567,26.38,57.36,11.77,7.86,66.79,0,83.14
300941,20251224,22.83,3.49,0.27,21.98,23,21.68,17.41,22.82,0.834,-0.242,-7.42,33.601,-13.501,27.945,57.63,15.24,11.75,77.12,15.32,82.05
300941,20251225,23.59,2.42,0.32,22.91,23.65,22.87,16.49,21.61,0.632,0.25,-5.75,51.3,-8.602,29.337,57.41,14.78,12.36,83.6,33.59,80.98
300941,20251226,23.16,2.32,-0.19,23.46,23.7,23.02,11.88,15.56,0.339,-0.173,-5.72,54.036,-9.079,32.47,56.97,14.31,11.99,83.79,22.93,78.68
300941,20251229,23.43,1.97,0.26,23.08,23.72,22.64,12,15.72,0.582,0.043,-2.43,62.107,-6.902,34.511,57.28,13.89,11.92,85.78,37.83,76.93
300941,20251230,23.81,2.1,0.15,23.55,25.45,23.45,16.51,21.63,0.752,0.135,8.05,70.09,-4.321,33.271,57.87,13.52,11.42,84.44,46.39,77.28
300941,20251231,23.61,4.16,-0.14,23.88,24.19,23.5,10.85,14.22,-0.106,-0.033,6.8,73.897,-4.574,35.606,57.73,13.37,9.21,68.91,38.11,75.42
300941,20260105,23.19,7.46,-0.28,23.62,23.74,22.91,10.86,14.23,-0.84,-0.206,1.68,74.925,-5.623,37.16,57.32,13.26,5.8,43.74,22.26,73.94
300941,20260106,23.27,7.87,0.11,23.1,23.42,22.96,9.05,11.86,-0.075,-0.007,1.02,77.617,-4.722,39.327,57.57,13.1,5.23,39.93,28.72,72.02
300941,20260107,22.82,8.29,-0.34,23.25,23.25,22.7,8.89,11.65,-1.031,-0.3,-5.21,76.525,-5.996,40.9,57.47,12.73,4.44,34.91,9.04,70.38
300941,20260108,22.97,9.14,0.2,22.7,23.05,22.52,6.78,8.88,-0.425,0.194,-11.3,79.482,-4.914,43.487,57.32,13.03,3.89,29.87,20.54,68.08
300941,20260109,23.34,9.57,0.46,22.88,23.41,22.78,9.99,13.09,0.169,0.141,-9.49,84.29,-2.869,42.785,57.43,12.87,3.3,25.63,47.22,67.71
300941,20260112,24.71,9.05,0.6,23.49,24.75,23.4,16.68,21.85,-0.056,0.421,-3.18,87.126,2.771,37.331,57.04,12.33,3.28,26.63,81.24,70.69
300941,20260113,23.87,5.2,-0.41,24.71,24.85,23.78,12.51,16.39,0.095,-0.337,-3.35,90.094,-0.875,36.817,57.35,8.67,3.47,40.02,57.85,70.95
300941,20260114,24.5,3.43,0.23,24.13,24.95,24.08,15.28,20.02,0.728,0.175,3.1,90.953,1.56,34.713,57.53,7.08,3.65,51.53,71.01,72.4
300941,20260115,23.67,2.56,-0.55,24.4,24.48,23.47,10.36,13.57,-0.794,-0.174,0.96,92.481,-1.836,36.466,57.65,6.01,3.45,57.47,39.42,71.33
300941,20260116,23.5,1.96,-0.1,23.71,24,23.21,8.25,10.81,-0.103,-0.136,-0.49,94.203,-2.334,39.056,57.82,4.98,3.02,60.61,33.56,69.54
300941,20260119,23.49,1.77,0.01,23.28,23.66,23.23,4.82,6.31,0.116,-0.025,-1.59,94.481,-2.212,43.406,57.93,4.8,3.03,63.19,34.33,66.45
300941,20260120,22.97,1.57,-0.4,23.49,23.6,22.8,5.81,7.61,-0.538,-0.179,-4.11,93.814,-4.146,45.865,57.92,4.61,3.04,65.97,10.88,64.28
300941,20260121,23.33,1.56,0.34,22.93,23.5,22.84,4.76,6.24,0.534,0.137,-7.89,94.902,-2.438,48.56,58.15,4.43,2.87,64.8,30.41,61.87
300941,20260122,23.66,1.57,0.37,23.48,23.67,23.3,5,6.56,0.631,0.111,4.72,95.445,-0.966,50.282,58.29,4.44,2.87,64.57,51.95,59.92
300941,20260123,23.82,1.57,0.13,23.67,23.89,23.52,4.99,6.53,-0.231,0.127,6.16,95.679,-0.256,51.491,58.24,4.26,2.69,63.29,59.7,58.23
300941,20260126,23.39,1.72,-0.46,23.97,24.04,23.06,6.3,8.26,-0.314,-0.208,0.66,96.961,-1.988,50.877,58.31,4.19,2.47,58.95,32.81,57.57
300941,20260127,23.24,1.72,-0.12,23.2,23.4,22.6,4.99,6.54,0.164,-0.119,6.98,96.987,-2.44,51.717,58.39,4.19,2.47,58.95,26.05,56.21
300941,20260128,22.88,1.73,-0.31,23.1,23.43,22.88,4.21,5.51,-0.078,-0.164,-0.58,96.326,-3.76,53.123,58.44,4.21,2.48,58.95,8.06,54.54
300941,20260129,22.58,1.71,-0.08,22.78,23.2,22.11,4.54,5.94,0.09,-0.063,-6.89,94.165,-4.749,53.689,58.45,4.37,2.66,60.85,3.38,53.3
300941,20260130,22.25,1.9,-0.01,22.51,22.6,22.06,3.82,5.01,-0.286,-0.105,-10.34,88.035,-5.861,54.88,58.29,4.74,2.84,60,2.75,51.74
300941,20260202,22.49,2.12,0.07,22.35,22.94,22.25,4.44,5.82,0.272,0.045,-2.53,93.496,-4.539,54.879,58.3,4.96,2.84,57.35,6.92,50.8
300941,20260203,23.04,2.12,0.37,22.6,23.05,22.6,3.63,4.76,0.25,0.029,0.1,97.841,-2.045,55.818,58.27,4.96,2.84,57.35,28.41,49.42
300941,20260204,22.96,2.13,-0.06,23.01,23.14,22.81,3.28,4.29,-0.093,-0.151,0.09,97.75,-2.279,56.916,58.33,4.98,2.85,57.35,24.63,47.95
300941,20260205,23.48,2.11,0.56,22.97,23.54,22.88,5.93,7.77,0.389,0.147,5.88,98.495,0.033,53.937,58.56,4.79,2.68,55.95,57.36,48.59
300941,20260206,23.52,2.16,0.05,23.23,23.8,23.16,4.91,6.44,0.083,0.109,11.19,99.309,0.233,53.095,58.65,4.69,2.53,53.84,60.39,48.41
300941,20260209,23.8,2.16,0.23,23.71,23.97,23.51,3.89,5.1,0.147,0.112,10.53,99.388,1.355,53.774,58.62,4.5,2.34,51.94,74.12,47.5
300941,20260210,23.91,2.18,0.06,23.8,24.06,23.78,10,5.37,0.312,0.112,11.53,99.414,1.725,53.904,58.51,4.52,2.34,51.77,77.5,46.86
300941,20260211,23.73,2.18,-0.2,23.86,24,23.72,3.37,4.41,0.127,-0.037,14.46,99.435,0.896,54.957,58.45,4.52,2.34,51.77,65.99,45.76
300941,20260212,23.7,2.07,-0.03,23.68,23.88,23.45,2.95,3.87,0.034,0.021,12.46,100,0.735,56.293,58.39,4.42,2.35,53.01,64.52,44.48
300941,20260213,23.68,1.97,-0.06,23.72,24.02,23.67,3.53,4.62,-0.14,0.107,10.86,100,0.61,56.326,58.42,4.32,2.35,54.36,61.18,43.78
300941,20260224,23.66,2.09,-0.05,24,24,23.59,3.34,4.37,0.025,-0.061,7.06,100,0.46,56.558,58.55,4.34,2.25,51.94,58.51,43.02
300941,20260225,23.68,1.78,-0.04,23.99,24.29,23.64,6.6,8.65,0.212,0.036,3.89,100,0.422,51.687,58.65,4.13,2.35,56.73,56.36,44.92
300941,20260226,23.46,1.79,-0.26,23.87,23.99,23.35,4.48,5.87,0.186,-0.115,3.46,99.963,-0.536,51.36,58.7,4.04,2.25,55.76,41.13,44.91
300941,20260227,23.53,1.9,0.09,23.35,23.65,23.26,3.23,4.23,0.226,0.042,5.38,99.993,-0.208,52.885,58.65,4.06,2.16,53.29,46.35,43.93
300941,20260302,22.29,1.79,-0.75,23.19,23.19,22.15,5.45,7.14,-0.322,-0.126,1.27,95.751,-5.18,50.743,58.71,4.13,2.34,56.68,2.59,44.79
300941,20260303,21.39,2.05,-0.04,22.39,22.7,21.36,5.07,6.64,0.004,-0.045,1.31,52.341,-8.511,49.79,58.67,4.59,2.54,55.33,0.12,45.24
300941,20260304,21.14,2.58,0.01,21.13,21.6,21.05,3.16,4.14,0.006,-0.103,-2.3,38.778,-9.145,51.747,58.64,5.21,2.63,50.48,0.51,44.17
300941,20260305,21.73,2.94,0.1,21.55,21.97,21.52,3.93,5.14,0.069,0.125,-1.18,80.345,-6.201,52.064,58.6,5.87,2.93,49.86,6.52,43.82
300941,20260306,22.25,2.77,0.14,21.67,22.27,21.6,2.98,3.91,0.332,0.083,0.36,95.947,-3.717,53.671,58.64,5.88,3.11,52.87,14.79,42.78
300941,20260309,22.17,2.48,0.01,22.02,22.23,21.82,3.31,4.34,-0.149,0.01,4.88,95.087,-3.837,54.32,58.57,5.88,3.4,57.84,15.61,42.11
300941,20260310,22.41,2.27,0.08,22.37,22.7,22.24,2.74,3.59,-0.13,-0.013,3.54,97.636,-2.67,55.672,58.55,5.78,3.51,60.79,20.58,41.06
300941,20260311,22.32,2.28,-0.03,22.49,22.6,22.2,2.87,3.76,-0.103,0.018,3.81,96.916,-2.937,56.408,58.6,5.79,3.51,60.67,19.05,40.24
300941,20260312,22.32,2.17,0,22.56,22.64,22.23,2.97,3.9,-0.018,0.041,1.23,97.011,-2.821,56.707,58.69,5.69,3.52,61.88,19.2,39.59
300941,20260313,21.63,1.97,-0.24,22.2,22.2,21.6,3.34,4.37,-0.455,-0.144,-14.8,77.34,-5.583,56.218,58.6,5.69,3.72,65.35,4.86,39.32
300941,20260316,21.99,1.89,0.18,21.55,22.03,21.51,2.83,3.71,0.18,0.129,-8.46,93.185,-3.782,56.683,58.56,5.7,3.81,66.83,15.14,38.66
300941,20260317,21.7,1.69,-0.13,21.99,22.2,21.66,2.49,3.26,0.09,0.031,-4.23,82.664,-4.871,57.589,58.63,5.6,3.91,69.81,7.29,37.78
300941,20260318,21.98,1.48,0.18,21.8,21.98,21.54,2.3,3.02,-0.024,0.099,-1.26,93.301,-3.488,58.554,58.58,5.6,4.12,73.5,17.93,36.84
300941,20260319,21.77,1.37,-0.13,21.78,22.19,21.68,2.95,3.87,0.041,-0.006,-1.12,87.27,-4.193,57.937,58.63,5.61,4.24,75.57,10.43,36.56
300941,20260320,20.62,1.6,-0.18,21.82,21.95,20.59,4.11,5.39,-0.062,-0.139,6.87,43.403,-8.822,55.215,58.62,5.97,4.37,73.29,0.09,37.32
300941,20260323,19.55,2.27,0.2,20.21,20.38,19.26,4.46,5.85,0.023,-0.03,0.57,9.864,-12.737,52.688,58.64,6.91,4.64,67.12,12,38.28
300941,20260324,20.33,3.36,-0.08,19.94,20.36,19.6,3.4,4.46,0.216,0.022,2.18,40.303,-8.707,52.728,58.6,8.14,4.78,58.73,7.47,38.22
300941,20260325,20.31,4.34,0.01,20.33,20.56,20.17,2.94,3.86,-0.068,0.009,0.01,41.599,-8.384,53.543,58.57,9.25,4.91,53.06,8.14,37.78
300941,20260326,19.72,4.57,-0.1,20.31,20.48,19.69,2.85,3.73,0.036,-0.002,-0.05,23.142,-10.609,54.291,58.58,9.61,5.04,52.41,2.57,37.3
300941,20260327,20.08,4.43,0.1,19.69,20.19,19.57,2.13,2.79,0.077,-0.002,5.45,37.721,-8.634,56.144,58.55,9.61,5.18,53.9,8.15,36.26
300941,20260330,20.18,4.3,0.05,20.05,20.27,19.81,2.01,2.63,0.055,-0.022,7.66,42.148,-7.895,57.764,58.57,9.61,5.31,55.24,11.22,35.23
300941,20260331,19.66,4.01,-0.15,20.22,20.41,19.64,2.63,3.44,0.009,-0.036,1.44,26.756,-9.88,57.675,58.61,9.61,5.6,58.24,2.18,34.84
300941,20260401,20.01,2.11,0.13,20.16,20.16,19.84,2.36,3.09,0.114,-0.028,5.15,40.404,-7.958,58.091,58.64,9.64,7.53,78.08,10.04,34.26
300941,20260402,19.66,1.8,-0.12,20.01,20.07,19.41,2.16,2.83,-0.131,-0.006,0.87,30.154,-9.248,58.762,58.66,9.8,8,81.68,2.89,33.56
300941,20260403,19.12,1.86,-0.05,19.94,19.94,19.1,2.05,2.69,0.049,-0.015,-0.32,26.017,-11.404,59.443,58.7,9.9,8.04,81.17,0.05,32.83
300941,20260407,19.66,1.75,0.11,19.09,19.7,19.09,2.28,2.98,0.147,0.041,3.92,32.904,-8.498,59.371,58.69,10.24,8.49,82.86,6.27,32.39
300941,20260408,20.48,1.52,0.38,19.98,20.48,19.96,3.3,4.32,0.398,0.077,17.54,57.232,-4.332,56.982,58.68,10.08,8.56,84.93,28.36,32.92
300941,20260409,20.01,1.72,-0.21,20.42,20.42,20,2.33,3.05,-0.251,-0.051,6.78,47.633,-6.295,57.31,58.68,10.11,8.39,83,15.78,32.51
300941,20260410,20.34,1.51,0.2,20.12,20.61,20.12,3.26,4.27,0.182,0.047,13.5,57.318,-4.437,55.495,58.7,9.97,8.46,84.93,27.77,33
300941,20260413,20.22,1.7,-0.06,20.12,20.35,20.11,2.06,2.69,-0.086,-0.024,10.18,55.598,-4.803,56.714,58.69,9.97,8.27,82.99,23.97,32.34
300941,20260414,20.29,1.63,0.06,20.43,20.52,20.12,1.86,2.44,-0.07,-0.008,4.67,58.065,-4.329,58.036,58.68,9.97,8.34,83.67,27.33,31.56
300941,20260415,20,1.82,-0.23,20.4,20.44,19.98,2.11,2.77,-0.139,-0.053,-12.04,52.238,-5.51,58.403,58.73,9.97,8.15,81.74,14.06,31.1
300941,20260416,20.29,1.61,0.26,20.12,20.35,20,2.32,3.04,0.266,-0.002,3.26,60.236,-3.94,58.14,58.72,9.82,8.21,83.65,29.35,30.87
300941,20260417,20.12,1.73,-0.16,20.24,20.4,20.08,2.19,2.87,-0.258,-0.021,-12.25,57.186,-4.559,58.197,58.75,9.82,8.09,82.37,19.69,30.54
300941,20260420,20.19,1.86,0.09,20.22,20.26,20.1,1.97,2.58,-0.026,0.049,-8.3,59.597,-4.069,58.708,58.79,9.82,7.96,81.09,24.91,30.05
300941,20260421,19.81,1.86,-0.28,20.3,20.34,19.68,2.75,3.6,-0.362,0.015,-14.56,51.858,-5.628,57.163,58.77,9.84,7.98,81.09,8.31,30.34
300941,20260422,19.92,1.98,0.08,19.82,19.93,19.63,2.34,3.06,0.076,0.025,-5.82,55.893,-4.864,56.973,58.77,9.84,7.86,79.8,13.2,30.21
300941,20260423,18.69,2.19,-0.21,19.92,19.98,18.5,6.21,8.14,0.19,-0.193,-8.14,48.131,-9.884,48.668,58.63,10.41,8.22,79.02,0.82,33.75
300941,20260424,18.28,3.75,0.04,18.48,18.68,17.87,6,7.86,0.302,0.07,1.39,31.947,-10.704,44.438,58.48,12.48,8.73,69.97,3.01,36.57
300941,20260427,18.13,4.91,0.11,17.8,18.19,16.88,6.67,10.31,0.201,-0.012,2.45,27.212,-10.485,41.064,58.38,14.25,9.34,65.55,9.25,40.59
300941,20260428,17.61,5.55,-0.07,17.97,17.99,17.44,3.62,5.59,-0.016,-0.074,0,19.374,-12.302,43.04,60.64,15.02,9.47,63.03,4.91,40.96
300941,20260429,17.76,5.01,0.06,17.52,17.88,17.41,3.03,4.68,0.132,-0.04,4.63,23.382,-10.918,45.52,60.65,15.39,10.38,67.46,8.59,40.72
300941,20260430,17.76,3.9,0.02,17.76,17.89,17.48,2.58,3.99,-0.227,-0.036,2.84,25.427,-10.425,48.173,60.61,15.39,11.49,74.7,10.09,40.08
300941,20260506,17.95,2.73,0.08,17.83,18.28,17.83,3.63,5.6,-0.039,0.018,-1.64,31.949,-8.84,48.4,60.62,15.25,12.52,82.05,15.14,40.52
300941,20260507,18.1,2.92,0.07,18.02,18.1,17.81,2.6,4.01,-0.049,-0.009,-7.03,37.598,-7.691,50.407,60.65,15.31,12.39,80.91,19.62,39.92
300941,20260508,18.41,3.1,0.09,18.05,18.5,17.95,3.15,4.87,0.408,0.06,5.08,51.784,-5.703,50.924,60.65,15.31,12.21,79.74,25.38,39.93
300941,20260511,18.38,3.46,0,18.53,18.73,18.27,3.12,4.83,-0.157,-0.056,-1.45,52.198,-5.543,51.384,60.65,15.31,11.85,77.4,25.25,39.9
300941,20260512,18.01,3.29,-0.14,18.38,18.44,18,2.19,3.39,-0.039,-0.04,1.76,40.881,-7.186,53.469,60.69,15.09,11.8,78.24,16.88,38.97
300941,20260513,17.89,3.47,-0.07,18.03,18.15,17.81,2.81,4.34,-0.353,-0.06,-5.26,40.141,-7.424,53.825,60.68,15.09,11.62,77.05,12.83,38.75
300941,20260514,17.21,3.88,-0.19,17.97,17.99,17.21,2.93,4.52,0.035,-0.073,-4.57,36.962,-10.481,53.846,60.67,15.37,11.49,74.74,1.25,38.68
300941,20260515,17.1,3.83,0,17.35,17.56,17.05,2.7,4.18,0.193,-0.014,-10.6,38.456,-10.558,54.29,60.73,15.6,11.77,75.43,1.09,38.39
301032,20250912,13.79,2.92,,13.71,14.33,13.68,4.8,9.35,0.038,0.107,3.87,94.147,-0.967,57.965,60.99,7.45,4.53,60.82,45.84,49.59
301032,20250915,13.54,2.73,-0.3,13.7,13.79,13.47,2.87,5.59,-0.217,-0.089,-1.69,88.914,-2.662,58.214,60.8,7.28,4.55,62.46,27.51,48.81
301032,20250916,13.79,2.92,0.35,13.51,13.8,13.45,2.92,5.68,0.298,0.06,4.87,94.468,-0.775,58.22,60.67,7.34,4.42,60.32,48.59,48.17
301032,20250917,13.84,13.71,0.05,13.79,13.95,13.76,2.62,5.11,0.043,0.084,6.9,95.293,-0.389,58.671,60.68,18,4.29,59.79,51.78,47.3
301032,20250918,13.83,2.89,-0.07,13.72,14.24,13.64,5.17,10.08,0.594,0.152,10.77,95.405,-0.388,54.347,60.86,7.07,4.18,59.1,47.38,49.34
301032,20250919,13.41,3.05,-0.53,13.82,13.9,13.3,3.27,6.37,-0.242,-0.025,7.95,87.784,-3.31,54.519,60.84,7.1,4.05,57.07,14.96,49.02
301032,20250922,13.34,2.9,-0.05,13.41,13.54,13.2,2.06,4,-0.08,-0.118,10.21,86.428,-3.695,56.725,60.74,6.96,4.06,58.38,11.87,47.44
301032,20250923,13.01,3.1,-0.12,13.31,13.4,12.67,3.55,6.92,-0.273,-0.113,0.96,74.89,-5.792,55.616,60.62,7.45,4.35,58.34,4.58,47.68
301032,20250924,13.02,3.02,0.03,13,13.12,12.8,2.45,4.76,-0.129,-0.014,-2.58,75.76,-5.488,56.76,60.6,7.47,4.45,59.61,6.27,46.68
301032,20250925,12.82,2.64,-0.07,12.9,13.06,12.79,2.4,4.68,0.137,-0.091,-15.91,71.222,-6.68,57.65,60.72,7.34,4.7,64.07,2.18,45.75
301032,20250926,12.65,2.83,-0.03,12.79,12.98,12.62,2.1,4.08,0.124,-0.026,-10.84,62.865,-7.664,58.864,60.68,7.6,4.77,62.83,0.18,44.59
301032,20250929,12.78,2.99,0.05,12.65,12.92,12.46,2.26,4.39,-0.003,0.031,-6.26,70.911,-6.443,59.386,60.73,7.86,4.87,61.93,3.45,43.74
301032,20250930,12.72,2.98,-0.02,12.84,12.99,12.7,1.85,3.61,0.115,-0.012,2.5,68.734,-6.68,60.567,60.85,7.86,4.88,62.1,2.5,42.53
301032,20251009,12.67,2.84,1.22,12.7,12.86,12.66,2.21,4.29,-0.151,-0.023,1.9,66.285,-6.785,60.604,60.84,7.72,4.88,63.21,77,41.87
301032,20251010,12.68,2.83,-1.22,12.67,12.83,12.6,1.97,3.84,-0.003,-0.019,0.84,67.556,-6.48,61.067,60.83,7.88,5.05,64.03,2.84,41.01
301032,20251013,12.68,3.16,0.05,12,12.72,11.62,3.26,6.35,0.471,-0.042,6.88,68.47,-5.968,58.405,60.93,8.42,5.26,62.46,5.92,41.79
301032,20251014,12.83,3.37,0.12,12.75,13.18,12.7,3.63,7.07,0.727,0.082,19.69,76.034,-4.524,55.682,61.17,8.47,5.1,60.22,13.2,42.92
301032,20251015,13.18,3.37,0.26,12.83,13.18,12.65,3.63,7.08,0.699,0.073,26.21,84.73,-1.707,53.77,61.3,8.3,4.93,59.4,29.02,43.89
301032,20251016,13.05,3.19,-0.08,13.21,13.38,13,2.48,4.82,-0.066,0.022,28.77,81.678,-2.583,54.68,61.32,8.12,4.93,60.66,24.29,43.39
301032,20251017,12.48,3.41,-0.36,13.06,13.15,12.46,2.67,5.2,-0.236,-0.104,21.72,59.627,-6.62,54.935,61.3,8.35,4.94,59.21,2.4,43.17
301032,20251020,12.81,3.18,0.2,12.64,12.87,12.62,1.94,3.79,0.023,0.063,20.17,78.016,-3.981,56.606,61.32,8.12,4.94,60.86,14.62,42.13
301032,20251021,13.18,3.43,0.32,12.88,13.19,12.77,2.55,4.96,-0.033,0.044,8.05,86.164,-1.095,56.534,61.17,8.2,4.77,58.17,34.39,41.92
301032,20251022,13.34,3.21,0.1,13.14,13.5,13.1,2.6,5.07,0.332,0.114,3.39,90.04,0.137,56.317,61.19,8,4.79,59.82,40.81,41.8
301032,20251023,13.35,3.45,0.02,13.35,13.37,13.1,2.01,3.91,0.036,-0.036,4.06,90.41,0.204,57.415,61.23,8.05,4.6,57.1,42.01,40.99
301032,20251024,13.49,3.22,0.12,13.6,13.68,13.37,3.6,7.02,0.155,0.143,15.11,92.347,1.138,54.709,61.89,7.85,4.63,58.94,49.72,42.2
301032,20251027,13.54,3.44,0.06,13.49,13.65,13.42,2.41,4.69,-0.033,0.067,12.53,93.016,1.45,55.293,61.81,7.88,4.44,56.37,53.21,41.82
301032,20251028,13.7,3.25,0.18,13.56,13.75,13.44,2.91,5.66,0.388,0.056,18.5,94.681,2.526,54.651,61.94,7.71,4.46,57.83,64.44,42.08
301032,20251029,13.52,3.26,-0.22,13.6,13.7,13.43,2.21,4.3,-0.006,-0.003,11.82,93.205,1.114,55.653,62.02,7.73,4.47,57.83,50.54,41.47
301032,20251030,13.27,3.23,-0.27,13.45,13.52,13.27,1.66,3.23,-0.085,-0.029,11.17,90.418,-0.753,57.602,62.04,7.53,4.3,57.06,33.56,40.27
301032,20251031,13.36,3.26,0.08,13.23,13.45,13.22,74,3.38,-0.019,0.074,8.28,91.863,-0.06,58.88,62.08,7.56,4.3,56.87,38.45,39.3
301032,20251103,13.48,3.25,0.17,13.42,13.5,13.32,1.66,3.23,-0.044,0.057,9.34,93.202,0.817,59.993,62.12,7.56,4.31,57.06,49.04,38.34
301032,20251104,13.41,3.45,-0.11,13.48,13.52,13.32,1.31,2.55,0.084,0.009,1.29,92.668,0.278,61.705,62.17,7.58,4.13,54.42,42.41,37.03
301032,20251105,13.42,3.25,0.01,13.34,13.48,13.27,79,3.5,0.069,0.056,6.22,92.892,0.351,61.635,62.19,7.39,4.14,56.06,42.91,36.49
301032,20251106,14.2,2.94,0.57,13.44,14.9,13.43,15.52,30.23,2.58,0.395,25.47,91.063,5.189,35.905,64.34,7.71,4.77,61.91,79.7,53.73
301032,20251107,14.05,2.87,-0.07,14.01,14.18,13.8,10.54,20.53,-0.158,-0.143,15.59,96.102,3.342,32.209,63.66,7.39,4.52,61.26,74.96,59.94
301032,20251110,13.8,2.87,-0.27,14.03,14.05,13.7,6.73,13.1,-0.482,-0.1,10.79,97.148,1.234,34.255,63.21,7.24,4.37,60.39,57.91,61.19
301032,20251111,13.73,3.04,-0.1,13.84,13.96,13.66,19,8.16,-0.117,0.105,9.65,96.924,0.641,38.433,63.1,7.24,4.2,58.06,51.6,60.03
301032,20251112,13.63,3.06,-0.12,13.68,13.79,13.52,3.47,6.75,-0.1,0.008,8.51,96.496,-0.097,42.44,63.13,7.09,4.03,56.91,43.93,58.42
301032,20251113,13.54,3.24,-0.09,13.55,13.67,13.38,3.42,6.65,-0.281,-0.016,-8.18,95.778,-0.716,45.576,63.1,7.09,3.85,54.37,38.43,56.99
301032,20251114,13.5,3.23,-0.06,13.46,13.78,13.41,2.6,5.07,0.161,0.099,-7.27,95.347,-0.958,49.064,63.14,6.92,3.69,53.32,34.56,55.02
301032,20251117,13.56,3.22,0.09,13.51,13.66,13.46,2.11,4.11,-0.139,0.074,-2.78,96.239,-0.492,52.495,63.13,6.92,3.7,53.49,40.21,52.81
301032,20251118,13.2,3.41,-0.36,13.5,13.75,13.07,3.37,6.57,0.088,-0.051,-2.38,90.987,-3.018,53.108,63.17,6.94,3.53,50.92,17.4,52.11
301032,20251119,12.87,3.05,-0.14,13.25,13.25,12.83,2.6,5.07,-0.17,-0.063,-4.98,85.079,-5.266,54.791,63.06,6.77,3.72,55.03,8.75,50.73
301032,20251120,12.86,2.87,0,12.96,13.11,12.79,1.63,3.18,0.029,-0.018,0.51,84.952,-5.202,57.747,63.06,6.77,3.9,57.7,8.73,48.52
301032,20251121,12.27,3.04,-0.12,12.76,12.99,12.26,2.86,5.57,-0.089,-0.043,-7.73,39.56,-9.189,57.688,63.02,7.11,4.07,57.28,0.88,47.86
301032,20251124,12.51,3.4,0.05,12.43,12.56,12.29,1.95,3.79,0.065,0.007,-5.05,63.313,-7.158,59.322,63.05,7.66,4.26,55.59,3.77,46.3
301032,20251125,12.56,3.23,0.02,12.65,12.76,12.48,1.67,3.25,0.068,0.008,-5.22,68.382,-6.601,61.098,63.1,7.66,4.43,57.82,4.83,44.59
301032,20251126,12.33,3.23,-0.05,12.56,12.73,12.31,1.86,3.63,-0.201,-0.028,-5.15,48.769,-8.071,61.975,63.04,7.63,4.4,57.63,1.58,43.3
301032,20251127,12.54,3.31,0.08,12.31,12.64,12.27,1.89,3.68,0.082,0.071,-1.37,68.021,-6.257,62.499,63.08,7.88,4.57,57.95,6.71,42.18
301032,20251128,12.84,3.11,0.18,12.52,12.86,12.41,2.07,4.04,0.15,0.032,7.52,86.024,-3.815,62.363,63.16,7.88,4.77,60.52,18.25,41.4
301032,20251201,12.89,2.94,0.04,12.79,13.07,12.73,75,3.42,0.08,0.026,9.09,87.899,-3.314,62.916,63.31,7.71,4.77,61.91,20.82,40.32
301032,20251202,12.79,2.96,-0.07,12.89,12.92,12.68,1.21,2.35,0.049,-0.01,8.54,84.75,-3.98,64.622,63.35,7.73,4.77,61.7,16.61,38.7
301032,20251203,12.65,2.94,-0.11,12.85,12.85,12.57,0.98,1.91,0,-0.01,19.73,77.154,-4.95,66.526,63.34,7.73,4.79,61.91,9.54,36.95
301032,20251204,12.51,2.96,-0.05,12.55,12.67,12.42,1.41,2.74,0.001,0.008,14.59,67.777,-5.843,66.718,63.38,7.73,4.77,61.7,6.49,35.91
301032,20251205,12.83,2.79,0.24,12.45,12.86,12.44,1.43,2.79,0.024,0.014,10.69,86.605,-3.294,66.663,63.39,7.56,4.77,63.15,21.49,35.02
301032,20251208,12.89,2.81,0.06,12.89,12.93,12.73,1.29,2.51,-0.08,0.02,1.03,88.61,-2.767,66.942,63.44,7.58,4.77,62.94,25.41,34.02
301032,20251209,12.81,2.79,-0.08,12.93,13.15,12.81,16,2.27,0.08,-0.001,3.78,86.308,-3.3,67.433,63.47,7.58,4.79,63.15,20.48,32.96
301032,20251210,12.73,2.79,-0.07,12.76,12.93,12.66,1.31,2.55,0.06,0.001,7.24,83.161,-3.8,67.214,63.53,7.58,4.79,63.15,16.16,32.2
301032,20251211,12.34,2.61,-0.22,12.75,12.8,12.34,1.54,3,-0.192,0.005,-3.22,57.121,-6.582,66.156,63.47,7.4,4.79,64.66,2.04,31.83
301032,20251212,12.28,2.44,-0.02,12.41,12.58,12.28,1.41,2.75,-0.019,0.008,-5.19,52.989,-6.845,65.657,63.47,7.43,4.99,67.22,1,31.32
301032,20251215,12.28,2.47,0.01,12.28,12.39,12.22,15,2.23,-0.002,0.046,-0.37,53.55,-6.679,66.06,63.47,7.43,4.96,66.78,1.49,30.5
301032,20251216,11.95,2.76,-0.01,12.21,12.28,11.92,75,3.41,0.096,-0.034,-1.15,39.531,-8.89,64.169,63.45,7.91,5.15,65.12,0.58,30.6
301032,20251217,12,3.01,0.03,11.91,12.05,11.7,1.99,3.87,0.061,0.035,-0.01,42.205,-8.139,61.884,63.51,8.34,5.33,63.89,2.53,31.02
301032,20251218,12.04,3.35,0.01,11.98,12.22,11.9,18,2.3,0.018,0.022,8.06,43.891,-7.629,62.775,63.51,8.66,5.31,61.28,3.46,30.28
301032,20251219,12.21,3.6,0.04,12.03,12.23,12.03,1.07,2.08,0.014,0.007,9.89,51.321,-6.159,63.778,63.5,9.08,5.48,60.4,6.06,29.45
301032,20251222,12.32,3.4,0.05,12.21,12.4,12.21,72,3.34,0.031,0.011,8.58,60.037,-5.093,62.181,63.49,8.87,5.47,61.65,9.36,29.62
301032,20251223,12.2,3.22,-0.04,12.29,12.32,12.19,1,2.07,0.004,-0.016,6.97,52.039,-5.881,63.206,63.48,8.9,5.68,63.83,6.53,28.85
301032,20251224,12.29,3.31,0.05,12.27,12.36,12.13,1.42,2.77,-0.1,0.056,2.08,58.856,-5.014,62.608,63.42,8.93,5.62,62.98,9.79,28.66
301032,20251225,12.35,2.82,0.05,12.33,12.39,12.28,1.27,2.47,-0.03,-0.008,-1.46,63.451,-4.413,62.649,63.39,8.71,5.89,67.65,13.15,28.27
301032,20251226,12.14,2.85,-0.13,12.4,12.44,12.13,79,3.49,-0.096,-0.041,-6.6,51.422,-5.83,60.708,63.37,8.74,5.89,67.42,5.05,28.68
301032,20251229,12.15,2.67,0.02,12.16,12.24,12,1.58,3.08,-0.086,-0.022,-11.98,52.58,-5.541,59.973,63.35,8.56,5.89,68.86,6.22,28.74
301032,20251230,12.19,2.49,0.03,12.15,12.27,12.04,1.08,2.11,0.001,0.036,-10.42,54.981,-5.091,61.159,63.41,8.56,6.07,70.95,8.02,28.08
301032,20251231,12.03,2.49,-0.06,12.19,12.25,11.9,77,3.44,-0.153,-0.02,-14.87,50.873,-6.099,59.535,63.35,8.56,6.07,70.95,4.08,28.47
301032,20260105,12.31,2.49,0.21,12.03,12.33,12.03,2.33,4.54,0.102,0.073,-5.87,64.267,-3.633,56.451,63.36,8.56,6.07,70.95,17.55,29.62
301032,20260106,12.38,2.29,0.07,12.28,12.53,12.28,1.88,3.66,-0.017,0.026,-1.48,68.903,-2.927,55.779,63.4,8.38,6.09,72.73,22.06,30
301032,20260107,12.36,2.29,-0.01,12.38,12.43,12.19,1.42,2.76,-0.023,0.02,1.39,68.268,-2.98,56.772,63.46,8.38,6.09,72.73,21.64,29.69
301032,20260108,12.57,2.3,0.16,12.31,12.68,12.3,1.93,3.75,0.173,0.051,6,80.601,-1.219,55.87,63.52,8.41,6.11,72.73,31.74,30.13
301032,20260109,12.73,2.5,0.11,12.57,12.85,12.51,1.92,3.75,0.236,-0.001,16.46,87.719,0.067,55.261,63.61,8.41,5.91,70.35,38.85,30.52
301032,20260112,12.8,2.27,0.07,12.73,12.81,12.57,2.15,4.19,0.015,0.012,12.88,90.144,0.599,54.171,63.67,8.2,5.93,72.4,43.39,31.18
301032,20260113,12.7,2.27,-0.09,12.93,12.94,12.64,2.08,4.06,-0.023,0.018,13.87,87.188,-0.224,53.658,63.68,8.22,5.95,72.4,37.36,31.67
301032,20260114,12.79,2.48,0.09,12.71,12.95,12.6,2.72,5.3,0.141,0.075,15.45,90.388,0.471,51.591,63.77,8.25,5.77,69.98,43.39,32.99
301032,20260115,12.88,2.48,0.1,12.79,12.91,12.71,1.87,3.63,0.068,-0.023,11.1,92.402,1.14,52.563,63.81,8.25,5.77,69.98,50.05,32.98
301032,20260116,12.89,2.25,0.01,12.87,12.96,12.75,1.83,3.57,0.121,0.007,8.26,92.733,1.166,53.418,63.85,8.04,5.79,72.04,51,32.93
301032,20260119,13.07,2.47,0.11,12.87,13.1,12.81,2.24,4.36,0.093,0.071,10.11,94.01,2.477,52.971,63.85,8.07,5.6,69.33,58.26,33.43
301032,20260120,13.1,2.47,0.01,13.15,13.24,13,2.55,4.97,-0.05,0.062,9.82,94.329,2.527,51.903,63.78,8.1,5.63,69.57,58.7,34.29
301032,20260121,13.6,2.47,0.15,13.3,14.46,13.3,12.65,24.64,1.665,0.235,16.9,89.498,4.963,33.091,64.99,8.38,5.91,70.59,68.63,48.5
301032,20260122,13.92,2.41,0.19,13.7,14.22,13.31,11.89,23.16,1.053,0.069,15.92,80.382,5.85,28.013,65.21,8.09,5.68,70.21,81.24,57.56
301032,20260123,13.43,2.35,-0.45,13.65,13.69,13.36,9.62,18.74,-0.489,-0.247,9.52,95.595,1.603,28.422,65.33,7.76,5.41,69.77,51.77,61.91
301032,20260126,14.21,2.71,0.59,13.43,14.47,13.28,15.51,30.22,2.794,0.558,15.7,75.789,6.275,25.224,67.37,7.98,5.27,65.95,91.79,70.1
301032,20260127,13.72,2.71,-0.39,13.81,14.07,13.55,8.89,17.33,-1.419,-0.208,9.94,90.657,2.184,28.641,66.86,7.74,5.03,65.07,65.9,70.82
301032,20260128,13.52,2.82,-0.29,13.6,13.95,13.45,6.51,12.68,-0.5,-0.158,4.26,96.219,0.593,32.952,66.74,7.6,4.78,62.84,46.52,69.77
301032,20260129,13.13,2.95,-0.26,13.35,13.54,13.01,6.11,11.91,-0.701,-0.134,-1.21,98.455,-2.17,36.498,66.17,7.47,4.52,60.54,29.53,68.64
301032,20260130,13.26,2.93,0.07,13.11,13.4,13.02,5.02,9.78,-0.157,0.067,0.87,98.865,-1.065,40.126,65.8,7.33,4.4,60.05,34.22,66.94
301032,20260202,13.16,3.08,-0.07,13.2,13.56,13.16,5.5,10.72,-0.401,0.135,-16.81,99.073,-1.671,42.377,65.44,7.2,4.12,57.2,29.54,65.89
301032,20260203,13.45,3.21,0.3,13.26,13.52,13.21,3.19,6.21,0.161,0.083,-9.91,97.681,0.507,46.473,65.42,7.22,4.01,55.58,48.93,63.25
301032,20260204,13.55,3.31,0.14,13.49,13.72,13.41,3.88,7.56,0.129,0.075,-5.12,96.597,1.19,48.811,65.48,7.07,3.76,53.2,58.09,61.53
301032,20260205,13.41,3.47,-0.24,13.47,13.6,13.36,3.29,6.42,-0.074,0.016,0.32,98.165,0.125,51.269,65.51,7.1,3.63,51.17,42.64,59.57
301032,20260206,13.56,3.42,0.26,13.29,13.8,13.27,4.14,8.06,0.074,0.122,2.94,96.68,1.229,51.975,65.5,6.93,3.51,50.6,59.49,58.62
301032,20260209,13.89,3.58,0.38,13.69,13.89,13.57,3.77,7.34,0.334,0.134,10.39,91.514,3.507,52.939,65.55,6.97,3.39,48.67,84.22,57.48
301032,20260210,13.85,3.52,-0.07,13.92,14.04,13.84,3.49,6.8,-0.182,0.066,6.36,92.269,3.007,53.985,65.33,6.79,3.27,48.14,79.43,56.25
301032,20260211,13.89,3.71,0.03,13.86,14.04,13.8,3,5.84,0.188,0.049,7.33,92.052,3.142,55.424,65.3,6.85,3.14,45.84,81.09,54.73
301032,20260212,13.93,3.58,0.03,13.91,14.11,13.78,3.32,6.48,-0.028,0.007,7.28,91.833,3.249,55.939,65.34,6.72,3.14,46.75,83.07,53.72
301032,20260213,13.83,3.7,-0.16,13.89,14.01,13.83,2.31,4.51,-0.124,0.067,5.53,93.108,2.399,57.864,65.22,6.72,3.02,44.9,72.58,51.86
301032,20260224,14.11,3.53,0.32,13.95,14.18,13.9,3.2,6.24,0.14,0.037,2.63,89.669,4.254,57.763,65.17,6.54,3.01,46.03,93.25,51.13
301032,20260225,13.66,3.53,-0.58,14.09,14.11,13.62,4.5,8.76,-0.799,-0.185,-6.96,96.005,0.737,55.441,64.64,6.41,2.88,44.94,55.62,51.82
301032,20260226,13.75,3.39,0.11,13.67,13.81,13.62,3.03,5.91,-0.032,0.066,-9.22,94.738,1.344,56.077,64.52,6.28,2.89,46.09,62.99,50.91
301032,20260227,13.98,3.38,0.34,13.7,14,13.61,3.36,6.55,0.186,0.129,-5.66,92.53,2.92,55.925,64.55,6.15,2.77,45.06,85.21,50.47
301032,20260302,13.58,3.37,-0.63,13.85,13.98,13.41,4.31,8.39,0.142,0.01,-2.93,97.416,-0.095,54.185,64.43,6.02,2.65,43.98,44.58,51.07
301032,20260303,12.91,3.24,-0.49,13.71,13.73,12.85,2.71,5.28,0.098,-0.069,-5.07,96.674,-4.932,55.5,64.43,5.89,2.65,44.95,12.74,49.93
301032,20260304,12.58,3.13,-0.08,12.82,12.92,12.45,3.65,7.1,-0.019,-0.049,6.13,72.428,-6.984,54.838,64.47,6.02,2.89,47.98,7.71,49.92
301032,20260305,12.61,2.79,0.02,12.82,13.09,12.53,3.81,7.42,0.487,0.027,12.04,76.596,-6.395,54.033,64.35,6.05,3.26,53.9,8.68,50.08
301032,20260306,15.13,3.19,1.35,12.55,15.13,12.47,15.2,29.61,4.421,0.147,23.06,48.516,11.575,38.281,67.43,7.12,3.93,55.22,99.97,62.15
301032,20260309,14.46,3,-0.15,14.38,14.6,14.12,21.27,41.43,0.031,-0.574,13.18,84.526,4.603,27.353,67.54,7.06,4.06,57.55,89.83,75.03
301032,20260310,14.62,2.97,0.07,14.46,14.71,14.34,13.13,25.59,0.355,0.456,12.39,83.857,4.765,28.12,68.32,7.01,4.04,57.7,94.49,77.13
301032,20260311,14.6,2.92,-0.11,14.7,14.84,14.43,12.12,23.61,0.407,-0.2,11.01,86.093,3.767,29.595,68.34,7.07,4.15,58.7,86.91,78
301032,20260312,14.22,3.05,-0.48,14.5,14.59,14.16,8.04,15.66,-1.08,-0.212,6.99,92.531,0.838,33.375,67.64,6.94,3.89,56.03,54.46,76.38
301032,20260313,13.95,3.05,-0.2,14.14,14.35,13.88,5.49,10.69,0.092,-0.039,-1.82,96.53,-1.046,37.982,67.84,6.82,3.77,55.27,40.99,73.66
301032,20260316,13.9,3.03,-0.03,13.85,14.04,13.75,4.38,8.54,0.326,-0.138,-0.04,97.205,-1.306,42.373,68.01,6.67,3.64,54.61,38.76,70.73
301032,20260317,13.2,2.63,-0.39,13.91,13.91,13.15,5.26,10.24,-0.37,-0.134,-5.92,82.297,-6.017,44.892,67.6,6.41,3.78,58.96,12.13,68.84
301032,20260318,13.64,2.36,0.28,13.24,13.67,13.18,4.53,8.82,0.626,0.031,-6.03,98.548,-2.615,47.454,67.59,6.28,3.92,62.36,30.78,66.76
301032,20260319,13.14,2.1,-0.29,13.54,13.59,13,3.88,7.56,-0.396,-0.035,-0.13,78.325,-5.936,50.033,67.41,6.28,4.18,66.58,11.13,64.53
301032,20260320,12.57,2.57,-0.12,13.33,13.43,12.56,4.46,8.69,-0.465,-0.107,-5.44,45.002,-9.592,51.262,67.36,6.87,4.3,62.54,3,63.08
301032,20260323,11.74,3.03,-0.03,12.57,12.57,11.58,4.9,9.54,0.162,-0.018,-5.98,13.568,-14.799,51.583,67.49,7.76,4.73,60.96,0.83,62.21
301032,20260324,12.14,3.9,0.08,12,12.27,11.72,3.81,7.42,0.286,0.095,1.68,28.526,-11.28,53.066,67.44,8.88,4.98,56.11,6.24,60.59
301032,20260325,12.22,4.45,0.04,12.19,12.4,12.01,3.05,5.94,0.007,-0.003,-5.75,34.837,-10.255,55.102,67.46,9.56,5.11,53.43,8.77,58.54
301032,20260326,11.86,4.32,-0.09,12.18,12.33,11.79,3.05,5.94,-0.056,-0.01,-1.73,23.791,-12.426,56.59,67.55,9.68,5.36,55.4,2.93,56.77
301032,20260327,11.94,4.34,0.05,11.69,11.98,11.64,2.58,5.03,0.146,-0.008,8.82,27.353,-11.387,58.328,67.6,10.11,5.77,57.01,6.43,54.8
301032,20260330,12.12,3.29,0.1,11.79,12.13,11.7,2.82,5.5,0.155,-0.011,10.13,35.578,-9.604,59.205,67.71,10.49,7.2,68.58,13.23,53.3
301032,20260331,12.06,3.26,-0.03,12.12,12.55,12.05,3.51,6.84,0.167,0.024,6.88,35.571,-9.562,58.645,67.75,10.26,7,68.22,11.17,52.67
301032,20260401,12.27,2.44,0.09,12.31,12.51,12.1,3.51,6.84,0.505,-0.016,14.4,46.478,-7.585,58.105,67.92,10.32,7.88,76.39,17.09,52.13
301032,20260402,12.03,2.15,-0.1,12.41,12.41,11.92,2.55,4.97,-0.109,0.007,14.25,38.434,-9.096,59.178,67.92,10.34,8.19,79.14,10.18,50.7
301032,20260403,11.58,1.97,-0.15,12.11,12.11,11.58,2.55,4.97,-0.148,-0.058,8.68,32.628,-12.114,59.903,67.88,10.49,8.52,81.18,0,49.44
301032,20260407,12.18,1.77,0.31,11.6,12.27,11.6,3.6,7.01,0.168,0.05,9.44,47.337,-7.026,58.484,67.82,10.67,8.9,83.43,21.08,49.45
301032,20260408,12.59,1.96,0.21,12.5,12.62,12.26,2.94,5.74,0.223,0.015,10.21,63.626,-3.698,58.48,67.8,10.67,8.71,81.62,35.07,48.76
301032,20260409,12.63,1.97,0.03,12.49,12.76,12.33,3.56,6.93,0.051,0.03,3.72,66.59,-3.167,57.285,67.9,10.49,8.52,81.18,36.78,48.82
301032,20260410,13.18,1.85,0.12,12.69,13.72,12.65,6.18,12.03,0.418,0.017,9.21,82.569,1.135,52.019,68.23,10.52,8.67,82.44,44.76,51.68
301032,20260413,12.97,1.84,-0.07,13.21,13.44,12.84,3.56,6.93,-0.077,-0.045,9.24,79.075,-0.503,52.506,68.23,10.34,8.5,82.18,39.92,51.33
301032,20260414,13.08,1.97,0.05,13.14,13.15,12.85,2.24,4.37,0.018,0.04,8.15,81.403,0.32,54.955,68.24,10.34,8.37,80.96,43.17,49.68
301032,20260415,12.97,2.1,-0.05,13.18,13.27,12.94,2.37,4.61,0.003,0.012,5.82,80.017,-0.535,56.582,68.23,10.37,8.27,79.75,39.48,48.35
301032,20260416,13.16,2.1,0.11,13.02,13.18,12.86,2.11,4.1,0.017,0.072,6.56,83.809,0.908,58.252,68.19,10.37,8.27,79.75,46.83,46.91
301032,20260417,13.15,2.1,0,13.19,13.19,12.94,2.14,4.16,-0.142,-0.012,-2.06,83.93,0.794,59.414,68.16,10.2,8.1,79.44,47.11,45.66
301032,20260420,13.38,2.23,0.14,13.12,13.48,13.02,2.62,5.11,0.471,0.117,12.63,87.014,2.483,59.239,68.32,10.2,7.97,78.2,56.95,45.1
301032,20260421,13.46,2.35,0.05,13.25,13.58,13.15,2.8,5.45,0.183,0.003,13.51,86.052,2.979,58.666,68.41,10.22,7.87,76.97,60.66,44.82
301032,20260422,13.51,2.35,0.04,13.38,13.53,13.33,2.23,4.35,0.153,0.016,15.43,85.349,3.244,59.309,68.44,10.22,7.87,76.97,63.3,43.92
301032,20260423,13.08,2.48,-0.35,13.48,13.58,13.02,3.08,6,-0.17,0.015,10.17,84.4,-0.125,57.953,68.27,10.05,7.57,75.35,39.66,44.11
301032,20260424,13,2.49,-0.05,13.13,13.15,12.81,2.6,5.24,-0.091,0.048,12.2,83.618,-0.724,57.871,69.37,10.08,7.59,75.36,35.86,43.93
301032,20260427,13.09,2.61,0.09,12.98,13.23,12.72,2.82,5.68,0.261,0.015,7.18,85.365,-0.014,57.292,69.39,10.1,7.49,74.1,42.06,43.93
301032,20260428,12.87,2.6,-0.13,13,13.12,12.76,2.01,4.06,-0.036,-0.023,0,82.609,-1.65,58.476,69.37,9.9,7.3,73.69,32.73,42.96
301032,20260429,13.08,2.74,0.15,12.87,13.22,12.78,2.91,5.86,0.031,0.071,2.33,86.007,0,57.394,69.41,9.93,7.19,72.41,43.05,43.19
301032,20260430,12.95,3,-0.14,13.09,13.29,12.93,3.39,6.83,-0.247,0.008,0.75,84.936,-0.965,55.567,69.22,9.95,6.95,69.82,33.51,43.97
301032,20260506,13.19,2.99,0.27,13.08,13.32,13,3.45,6.96,0.095,0.068,4.01,88.607,0.841,54.124,69.28,9.75,6.76,69.35,51.9,44.73
301032,20260507,13.27,3.27,0.1,13.19,13.27,12.93,2.96,5.98,-0.107,0.019,-1.82,90.138,1.389,54.032,69.31,9.81,6.54,66.71,58.78,44.8
301032,20260508,13.28,3.4,0.03,13.23,13.28,13.04,3,6.04,0.017,-0.126,-2.3,90.525,1.393,53.89,69.28,9.81,6.41,65.39,60.62,44.89
301032,20260511,13.43,3.38,0.12,13.34,13.47,13.2,3.28,6.61,-0.032,0.058,-3.19,90.364,2.401,53.244,69.29,9.63,6.25,64.84,68.96,45.31
301032,20260512,13.13,3.72,-0.36,13.48,13.49,13.13,3.36,6.78,-0.187,-0.05,-3.36,89.063,0.023,52.628,69.23,9.69,5.97,61.63,44.09,45.77
301032,20260513,13.6,3.67,0.48,13.11,13.69,13.11,4.3,8.68,0.62,0.065,3.53,88.36,3.461,50.511,69.43,9.49,5.82,61.37,77.09,47.26
301032,20260514,13.08,3.88,-0.59,13.6,13.65,13.08,3.49,7.04,-0.332,-0.07,-0.29,89.394,-0.59,50.524,69.25,9.54,5.66,59.34,36.22,47.6
301032,20260515,13.06,3.99,-0.03,13.09,13.36,13,2.87,5.79,0.099,0.007,2.22,89.52,-0.709,51.66,69.34,9.34,5.35,57.32,34.15,47.18
301171,20250910,31,2.23,,30.75,31.57,30.62,5.41,7.97,0.155,-0.063,2.15,88.72,-3.29,49.474,53.18,6.75,4.52,67.05,22.66,59.81
301171,20250911,31.62,2.33,0.36,30.96,31.65,30.48,6.06,8.93,0.459,-0.008,5.37,96.789,-1.164,49.433,53.27,6.67,4.34,64.97,41.93,59.21
301171,20250912,32.29,2.37,0.21,31.5,33.73,31.5,9.77,14.39,1.04,0.119,10.11,100,0.971,45.547,53.89,6.61,4.24,64.1,53.45,61.18
301171,20250915,31.38,2.35,-0.41,31.91,32.12,31.2,6.17,9.09,-0.649,-0.108,5.81,94.915,-1.79,46.405,53.4,6.4,4.05,63.26,31.39,60.43
301171,20250916,33.48,2.31,0.98,32.37,33.49,32.09,13.18,19.39,1.982,0.187,14.75,96.804,4.232,40.481,54.48,6.25,3.94,63.1,84.77,64.36
301171,20250917,32.85,2.32,-0.33,33,33.28,32.4,8.84,13.02,-0.131,-0.051,12.05,99.64,1.973,40.526,54.24,6.06,3.74,61.71,66.78,64.69
301171,20250918,31.5,2.32,-0.73,32.6,33.11,31.01,9.54,14.04,-0.736,-0.128,6.1,97.191,-2.155,40.027,53.65,5.77,3.45,59.73,27.83,65.37
301171,20250919,33.04,2.36,0.9,31.5,33.28,31.5,10.91,16.06,1.961,0.191,9.44,99.202,2.594,38.671,54.7,5.62,3.26,57.95,77.03,66.71
301171,20250922,32.9,2.27,-0.13,33.26,33.36,32.41,6.59,9.69,-0.387,-0.092,10.1,99.603,1.92,41.228,54.78,5.43,3.16,58.19,69.9,65.3
301171,20250923,31.64,2.18,-0.77,32.99,33.13,30.63,7.98,11.75,-0.679,-0.121,-0.41,98.609,-1.994,41.894,54.33,5.24,3.06,58.44,28.07,64.95
301171,20250924,32.35,1.97,0.4,31.1,32.71,30.93,6.11,9,0.654,0.054,3.22,100,0.346,43.962,54.3,5.04,3.07,60.83,49.53,63.55
301171,20250925,33.8,2.11,0.73,32.25,34.55,32.12,13.71,20.17,1.4,0.208,11.95,97.324,4.39,38.906,55.32,5.36,3.25,60.74,89.94,67
301171,20250926,32.25,2.13,-0.97,33.47,33.75,32.23,7.9,11.63,-0.802,-0.155,0.59,100,-0.55,40.383,54.85,5.28,3.15,59.7,36.66,66.29
301171,20250929,30.41,2.51,-0.5,30.8,30.93,29.5,10.96,16.14,-0.173,-0.191,1.1,86.478,-5.469,38.999,54.25,6.43,3.92,60.96,9.41,67.45
301171,20250930,34.52,3.04,1.48,31.04,36.08,31.04,18.62,27.41,3.324,0.301,13.98,83.916,6.832,32.806,55.86,7.3,4.26,58.39,92.09,72.61
301171,20251009,34.92,2.13,-0.06,34.53,35.44,34.37,14.34,21.11,-0.367,0.122,9.43,81.203,6.652,32.226,55.26,7.29,5.16,70.76,88.51,73.98
301171,20251010,33.23,2.38,-0.56,34.92,34.92,32.98,8.64,12.71,-0.391,-0.106,4.53,97.34,1.047,35.476,54.92,7.2,4.82,66.99,57.93,72.32
301171,20251013,31.19,1.83,-0.73,30.48,32.15,30.4,12.38,18.23,-0.207,-0.098,6.01,78.945,-4.237,35.303,54.75,7.24,5.41,74.69,18.12,72.82
301171,20251014,30.26,2.03,-0.23,31.25,31.89,29.9,8.73,12.85,-0.485,-0.14,5.55,67.833,-6.524,37.657,54.62,7.46,5.43,72.8,5.68,71.43
301171,20251015,30.48,2.14,0.12,30.25,30.65,29.92,5.1,7.51,-0.198,0.05,-6.42,73.469,-5.465,41.971,54.77,7.63,5.49,71.9,12.34,68.49
301171,20251016,29.87,2.24,-0.18,30.39,30.47,29.75,4.6,6.78,-0.361,-0.087,-9.47,62.095,-6.996,45.639,54.62,7.63,5.39,70.59,2.61,65.72
301171,20251017,28.88,2.36,-0.04,29.88,29.98,28.7,4.77,7.01,-0.278,-0.057,-9.41,44.597,-9.598,48.238,54.55,8.09,5.73,70.79,0.66,63.42
301171,20251020,28.76,2.67,0.01,29.23,29.38,28.5,3.45,5.08,-0.074,-0.031,-11.86,44.021,-9.589,51.462,54.49,8.66,5.99,69.19,1.4,60.65
301171,20251021,28.8,2.87,0.06,28.9,28.9,28.42,4.22,6.21,0.023,-0.055,-9.71,47.597,-8.981,53.046,54.63,9.54,6.67,69.96,4.74,58.72
301171,20251022,28.26,2.56,-0.08,28.55,28.8,28.21,3.62,5.32,-0.119,-0.071,-10.79,39.748,-10.232,54.848,54.63,9.86,7.3,74,0.3,56.64
301171,20251023,28.44,2.81,0.1,28.21,28.5,27.52,4.04,5.95,0.021,-0.041,-6.82,45.02,-9.148,55.591,54.58,10.33,7.52,72.83,5.6,55.12
301171,20251024,28.61,2.79,0.09,28.47,29.05,28.27,4.101,5.91,-0.005,0.033,-3.34,50.115,-8.147,56.069,54.79,10.35,7.56,73.04,10.35,53.78
301171,20251027,29.15,2.77,0.21,28.95,29.28,28.76,4.31,6.35,0.236,0.071,1.06,61.342,-6.025,55.906,55.02,10.2,7.43,72.85,21.73,52.84
301171,20251028,29.5,3.04,0.11,29.25,30.2,28.65,8.19,11.59,0.353,0.069,4.56,69.648,-4.31,50.729,52.6,10.08,7.04,69.85,27.44,54.71
301171,20251029,29.37,3.2,0.01,29.26,29.65,28.97,4.94,6.98,-0.236,-0.123,2.96,69.597,-4.401,51.03,52.48,10.11,6.91,68.36,28.07,53.96
301171,20251030,29.07,3.47,-0.15,29.25,30.41,29.03,7.65,10.83,0.248,0.029,4.47,68.476,-4.854,48.005,53.04,9.99,6.52,65.25,20.23,55.24
301171,20251031,30.84,3.87,0.7,29.02,31.6,28.96,13.43,18.99,2.483,0.182,15.25,89.287,1.321,40.264,54.24,9.74,5.87,60.22,58.08,60.3
301171,20251103,31.37,3.84,0.11,31.77,32.07,30.77,9.16,12.95,0.389,0.046,13.55,91.599,2.585,39.621,54.18,9.39,5.55,59.07,64.21,61.41
301171,20251104,31.06,3.86,-0.11,30.71,31.4,30.45,5.74,8.12,0.228,-0.059,13.25,91.188,1.492,42.242,54.05,9.12,5.26,57.74,58.37,60.2
301171,20251105,31.3,3.9,0.14,30.54,31.45,30.15,6.12,8.66,0.483,0.025,16.24,92.324,2.187,43.804,54.28,8.86,4.96,56.01,65.92,59.41
301171,20251106,31.35,3.48,-0.01,32,32.34,30.68,16,10.13,0.214,-0.014,15.8,93.088,2.006,43.925,54.36,8.61,5.13,59.55,65.36,59.42
301171,20251107,31.32,3.38,0,30.7,31.73,29.9,9.01,12.75,0.483,-0.028,8.01,93.614,1.795,42.293,54.81,8.21,4.83,58.85,65.37,60.6
301171,20251110,31.43,3,-0.02,31.68,32.5,31.32,8.06,11.41,0.875,0.053,10.36,94.25,1.866,42.118,55.31,7.95,4.95,62.27,64.02,60.97
301171,20251111,30.86,3.18,-0.31,30.9,31.4,30.31,5.64,7.97,-0.767,-0.013,6.15,93.713,0.012,44.245,54.99,7.82,4.64,59.34,46.99,59.76
301171,20251112,29.83,3.22,-0.47,30.5,30.88,29.72,4.23,5.98,-0.473,-0.078,1.6,89.651,-3.198,47.191,54.82,7.69,4.47,58.1,21.27,57.85
301171,20251113,31.32,3.21,0.79,29.83,31.52,29.41,5.45,7.71,0.14,-0.018,1.3,94.979,1.697,48.059,55.07,7.56,4.35,57.49,65.01,56.99
301171,20251114,29.19,3.06,-0.97,30.29,30.48,29.13,6.74,9.54,-1.158,-0.125,-8.2,84.561,-4.91,47.258,55.06,7.3,4.24,58.02,11.47,57.13
301171,20251117,31.38,2.68,1.02,29.6,32.5,29.46,12.99,18.37,2.877,0.155,3.1,96,2.347,40.607,56.47,6.76,4.08,60.33,68.98,61.42
301171,20251118,33.42,3.41,0.35,31.45,34.44,31.1,20.14,28.49,1.718,0.14,10.18,76.921,7.373,31.714,57.63,8.12,4.71,58.03,89.43,69.03
301171,20251119,33.03,2.28,-0.18,33.52,34.08,32.49,13.17,18.63,-0.02,0.084,10.03,86.179,4.896,31.822,57.57,7.9,5.62,71.17,78.87,70.48
301171,20251120,33.31,2.15,-0.02,33.58,34.51,32.62,12.13,17.16,0.819,0.079,10.8,84.014,4.78,32.723,58.38,7.8,5.65,72.41,77.42,71.05
301171,20251121,39.97,3.05,0.36,35.2,39.97,35.2,39.04,55.23,6.454,0.336,16.38,33.459,16.075,19.438,62.37,14.1,11.05,78.33,99.95,84.59
301171,20251124,43.08,4.43,-0.29,42,46.38,37.8,45.72,64.67,-2.144,0.029,6.84,47.648,11.85,13.428,60.83,20.57,16.14,78.5,82.01,92.26
301171,20251125,45.9,8.38,-0.03,42.14,48.95,42.14,39.25,55.52,3.378,0.189,7.8,57.953,12.378,13.499,63.06,20.04,11.66,58.19,80.03,93.4
301171,20251126,44.67,10.04,-0.38,44.68,46.3,44.11,29.16,41.24,0.672,-0.216,7.17,73.784,6.241,16.449,62.53,17.75,7.71,43.44,56.04,91.9
301171,20251127,44.51,8.38,-0.15,43.99,46.56,43.52,28.99,41,0.139,0.034,6.01,82.896,4.16,18.15,62.24,12.62,4.24,33.62,46.93,91.05
301171,20251128,42.02,6.9,-0.49,43.79,45.47,41.69,30.02,42.47,0.206,-0.278,1.85,83.884,-1.795,18.768,60.67,10.87,3.97,36.52,16.92,90.82
301171,20251201,40.48,3.42,-0.06,41.46,42.09,40.13,20.83,29.46,-0.739,-0.343,3.11,61.261,-4.48,22.15,59.51,8.8,5.38,61.14,13.12,88.6
301171,20251202,39.57,2.56,-0.01,40.27,40.58,38.6,15,21.22,-0.194,-0.139,-0.87,53.955,-5.728,26.425,59.27,8.74,6.18,70.7,12.66,85.65
301171,20251203,37.55,2.53,-0.15,39.7,39.86,37.27,15.03,21.26,-1.081,-0.207,-3.3,43.891,-9.337,29.23,58.22,9.97,7.44,74.66,3.84,83.51
301171,20251204,36.65,2.08,-0.04,37.3,37.99,36.61,11.98,16.94,-0.746,-0.106,-5.8,41.52,-10.216,32.501,57.76,10.72,8.64,80.63,1.35,80.97
301171,20251205,37.4,2.47,0.3,36.91,37.7,36.13,14.52,20.54,-0.788,0.092,-8.92,56.795,-7.008,33.335,57.98,11.32,8.85,78.23,18.83,79.93
301171,20251208,38.18,3.64,0.35,36.95,38.52,36.8,17.24,24.38,-0.775,0.182,-8.45,69.486,-3.83,32.338,58.3,11.02,7.38,67,39.13,80.17
301171,20251209,36.75,4.29,-0.56,37.8,37.95,36.52,13.73,19.42,-0.568,-0.255,-10.05,65.063,-6.538,33.511,57.16,10.75,6.46,60.11,7.36,79.05
301171,20251210,36.99,4.76,0.17,36.71,37.88,36.44,10.26,14.52,-0.151,0.027,-8.08,70.411,-5.222,36.181,57.07,10.4,5.64,54.25,16.83,76.9
301171,20251211,35.25,5.66,-0.3,36.66,36.91,35.25,11.93,16.88,-0.232,-0.128,-6.97,64.002,-8.682,36.962,56,11.5,5.84,50.81,0,75.88
301171,20251212,35.6,6.13,0.16,35.54,35.78,35,7.92,11.2,0.183,0.042,-5,68.917,-7.094,39.969,55.86,11.76,5.63,47.89,8.69,73.4
301171,20251215,34.65,6.56,-0.14,35.33,35.6,34.52,7.25,10.25,-0.021,-0.069,-4.33,64.669,-8.886,42.56,55.53,12.26,5.7,46.52,0.84,71.06
301171,20251216,33.45,6.49,0.17,34.65,34.75,33.18,6.23,8.81,0.1,-0.021,-1.21,37.724,-11.34,45.162,55.38,13.33,6.84,51.33,10,68.62
301171,20251217,34.12,7.28,-0.01,33.54,34.26,33.33,6.57,9.3,0.028,0.023,-0.51,59.916,-8.801,46.717,55.67,13.71,6.43,46.93,9.42,66.75
301171,20251218,33.33,7.1,-0.13,33.55,34.1,33.33,5.77,8.16,-0.442,-0.019,-1.12,42.818,-10.225,48.456,55.53,13.53,6.43,47.55,2.37,64.75
301171,20251219,33.42,6.94,0.06,33.75,34.03,33.18,7.47,10.56,-0.277,0.04,-4.27,49.517,-9.167,48.066,55.72,13.17,6.23,47.25,5.45,64.02
301171,20251222,33.78,6.61,0.2,33.5,34.01,33.45,6.5,9.19,0.445,0.069,-0.3,60.622,-7.533,48.566,55.98,12.63,6.02,47.62,16.47,62.85
301171,20251223,33.72,6.28,0.01,33.82,34.23,33.22,6.89,9.74,-0.311,0.006,-2.78,62.317,-7.075,48.444,55.98,12.09,5.81,48.03,17.11,62.11
301171,20251224,34.22,5.94,0.35,33.58,34.28,33.35,7.54,10.67,0.644,0.098,1.65,73.949,-5.089,47.623,56.46,11.54,5.6,48.51,36.97,61.88
301171,20251225,35.47,4.32,0.26,34.35,35.88,34.11,15.94,22.54,-0.22,0.181,3.01,87,-0.988,39.6,57.66,9.47,5.15,54.4,52.18,66.79
301171,20251226,34.95,4.02,-0.14,35,35.4,34.46,10.83,15.32,-0.554,-0.151,0.78,87.163,-2.123,38.841,57.24,8.81,4.79,54.38,44.25,67.53
301171,20251229,35.2,3.71,0.11,34.95,35.65,34.71,9.34,13.22,0.044,0.135,-0.5,89.032,-1.216,39.472,57.6,8.13,4.42,54.38,50.48,67.31
301171,20251230,36.74,1.81,0.35,36,37.62,35.51,19.69,27.85,0.444,0.204,2.47,94.647,2.593,32.673,58.19,6.4,4.59,71.67,70.63,72.68
301171,20251231,40.5,3.92,0.3,36.49,42.27,36.49,27.92,40.42,2.182,0.52,6.51,51.763,10.37,24.991,59.77,9.98,6.06,60.65,88.41,80.39
301171,20260105,43.18,3.9,-0.09,39.9,46.73,39.21,34.01,49.24,0.975,0.098,6.94,48.351,11.98,19.441,60.29,14.47,10.57,73.06,83.21,86.91
301171,20260106,41.35,4.76,-0.3,41.92,42.13,40.53,23.22,33.62,-0.121,-0.513,5.77,64.444,5.05,21.134,59.75,13.71,8.95,65.27,65.15,86.87
301171,20260107,41.47,4.77,-0.11,41.57,43.12,40.82,21.46,31.06,0.37,0.082,5.46,71.884,3.986,22.9,59.49,12.79,8.02,62.71,58.39,86.34
301171,20260108,43.91,7.28,0.45,41,45.5,40.05,26.94,39,2.621,0.026,7.57,76.697,8.024,21.906,61.05,12.87,5.59,43.48,85.94,87.62
301171,20260109,52.69,7.28,0.22,44.26,52.69,44.26,31.68,45.86,4.406,0.269,8.66,20.173,21.527,19.784,64.61,16.99,9.71,57.16,100,89.65
301171,20260112,63.23,9.78,0,60,63.23,60,16.2,23.46,0.633,0.157,8.33,16.832,35.63,24.258,65.06,22.95,13.17,57.36,100,86.8
301171,20260113,70.01,3.91,-0.68,75.88,75.88,70.01,43.53,63.02,-1.009,0.102,4.77,46.06,18.838,16.744,63.11,29.68,25.77,86.82,56.78,92.65
301171,20260114,81.32,9.12,0.57,70.07,83.95,70.07,38.84,56.22,0.592,0.248,4.18,43.949,23.525,15.383,62.49,33.49,24.37,72.77,92.3,93.66
301171,20260120,65.06,9.05,-0.99,65.06,65.06,65.06,70,2.47,-0.314,0,2.92,19.27,-1.152,26.1,62.36,32.97,23.92,72.54,30.7,86.79
301171,20260121,59.59,13.51,0.07,57,62.46,55.45,30.92,44.76,0.918,-0.156,0.8,37.355,-5.859,22.432,62.58,29.14,15.63,53.65,35.22,89.02
301171,20260122,60.52,11.91,0.15,58.15,62.1,57.69,21.59,31.25,-0.232,0.037,0.03,51.306,-2.961,24.049,62.54,26.08,14.17,54.35,44.81,87.74
301171,20260123,66,7.37,0.31,61.5,69.76,58.5,25.81,37.36,0.103,0.141,1.56,54.543,5.171,23.334,62.86,18.88,11.51,60.94,64.25,88.09
301171,20260126,63,7.07,-0.18,66.29,67.28,59.8,18.64,26.98,-0.387,-0.243,-0.28,68.529,-0.223,25.713,62.22,17.02,9.95,58.44,53.34,86.36
301171,20260127,65.86,8.02,0.22,63.6,67.2,62.47,19.37,28.04,0.667,0.169,1.52,72.021,3.749,26.853,62.69,15.08,7.06,46.8,67.01,85.4
301171,20260128,64.11,5.95,-0.35,65.7,69.69,63.5,19.05,27.58,0.223,-0.024,0.9,80.476,0.517,27.649,62.57,13.25,7.3,55.09,45.2,84.67
301171,20260129,70.32,4.96,0.55,63,75.55,61.66,25.71,37.22,1.423,0.166,3.71,65.542,8.863,25.176,63.59,12.65,7.69,60.81,80.3,86.29
301171,20260130,71.6,3.36,-0.05,67.8,75.2,67.23,21.6,31.27,0.378,0.058,4.05,67.483,8.798,25.524,63.55,11.44,8.08,70.67,76.82,86.01
301171,20260202,69.01,3.76,-0.38,71.06,74.56,67.81,19.52,28.27,-0.713,0.061,3.74,84.602,3.428,26.59,63.07,10.73,6.97,64.89,53.15,85.22
301171,20260203,70.36,4.2,0.15,71,72.67,67,19.4,28.08,-0.483,0.059,1.79,83.991,4.123,27.274,62.66,10.08,5.88,58.33,62.54,84.66
301171,20260204,63.85,3.08,-0.73,68.15,68.9,62.51,18.8,27.22,-1.384,-0.299,-0.94,69.244,-5.048,27.929,60.87,9.43,6.35,67.37,17.95,84.09
301171,20260205,60.97,2.79,-0.19,61.75,63.99,60.7,13.49,19.54,0.059,-0.131,-4.11,48.122,-8.111,30.775,60.28,9.78,6.99,71.39,6.54,82
301171,20260206,58.86,2.88,-0.04,60.06,61.36,58.4,11.24,16.27,0.03,-0.132,-5.96,42.186,-10.096,33.811,59.95,10.91,8.03,73.61,3.9,79.65
301171,20260209,62.31,2.89,0.48,60.87,63.27,59.1,14.5,20.99,0.6,0.074,-3.74,70.808,-3.881,34.027,60.65,10.31,7.42,71.92,33,79.08
301171,20260210,60.62,3.41,-0.26,62.98,64.4,59.8,16.27,23.55,-0.293,-0.093,-3.79,66.886,-5.668,33.116,60.42,10.07,6.66,66.15,17.04,79.35
301171,20260211,59.47,3.32,-0.16,61.44,61.79,58.9,9.82,14.22,-0.24,-0.146,-0.63,66.08,-6.829,36.1,59.83,9.7,6.38,65.82,7.49,77.05
301171,20260212,61.14,4.05,0.43,58.61,62.77,58.48,13.81,19.99,0.576,0.057,1.29,76.59,-3.249,35.711,60.53,9.4,5.35,56.85,33.71,76.9
301171,20260213,58.27,4.51,-0.56,60.12,61.55,58.23,10.21,14.78,-0.484,-0.178,-0.19,69.4,-7.086,37.588,59.84,9.18,4.67,50.89,0.35,75.27
301171,20260224,58.25,4.87,0.13,58.66,58.88,56.52,9.69,14.02,-0.119,0.008,-2.51,72.086,-6.387,39.17,59.34,10.39,5.52,53.12,7.78,73.76
301171,20260225,56.07,4.91,-0.11,58.24,58.31,55.76,10.65,15.42,-0.54,-0.123,-3.7,57.641,-8.947,39.542,58.58,10.75,5.84,54.3,1.36,73.01
301171,20260226,56.21,4.89,0.09,56.31,56.68,55.31,6.86,9.94,0.391,-0.014,-1.38,61.879,-8.06,42.401,58.73,10.9,6.01,55.11,6.58,70.63
301171,20260227,56.49,4.93,0.1,56,57.5,55.76,8.18,11.84,0.051,0.06,-3.77,67.448,-6.856,43.408,58.9,10.61,5.68,53.57,12.64,69.32
301171,20260302,54.41,6.33,-0.15,54.39,56.41,53,9.7,14.04,0.389,-0.045,0.21,49.608,-9.17,42.837,58.52,12.45,6.12,49.13,4,69.04
301171,20260303,50.83,6.84,-0.06,54.84,55,50.5,9.58,13.87,-0.382,-0.075,-1.04,22.319,-13.945,42.452,57.71,14.4,7.56,52.47,0.75,68.76
301171,20260304,50.89,5.63,0.05,50.35,51.79,50.28,6.31,9.13,0.11,0.093,2.7,27.722,-12.86,44.724,57.71,14.38,8.75,60.88,3.91,66.81
301171,20260305,51.24,5.17,0.05,52.5,52.59,50.88,5.18,7.5,-0.011,-0.014,0.92,35.846,-11.61,47.311,57.7,14.2,9.03,63.62,7.05,64.55
301171,20260306,51.42,4.9,0.06,51.21,51.96,50.88,4.65,6.74,-0.03,0.031,0.43,41.274,-10.685,49.68,57.8,14.01,9.11,65.04,10.68,62.3
301171,20260309,51.8,5,0.18,50.5,51.93,49.47,6.83,9.88,0.089,-0.04,-1.42,48.567,-9.125,49.198,57.71,14.21,9.21,64.83,20.97,61.71
301171,20260310,51.88,4.69,0.02,52.19,53.58,51.41,7.08,10.24,-0.484,0.004,-1.8,53.334,-8.245,48.5,57.78,13.43,8.74,65.08,22.07,61.37
301171,20260311,50.02,4.01,-0.35,51.92,52.01,49.97,6.22,9.01,-0.584,-0.116,-8.05,42.718,-10.814,48.756,57.41,12.83,8.82,68.75,2.14,60.56
301171,20260312,48.71,4.43,-0.02,50,50.56,48.3,6.08,8.81,-0.077,-0.048,-8.53,41.603,-12.298,48.991,57.16,13.4,8.97,66.92,1.08,59.78
301171,20260313,47.22,4.95,-0.01,48.24,48.67,47,5.16,7.47,0.064,-0.065,-8.59,34.642,-14.143,50.036,56.99,14.5,9.55,65.9,0.7,58.53
301171,20260316,48.01,4.12,0.12,47.29,48.09,46.29,5.26,7.61,0.219,0.013,-8.15,44.782,-11.866,50.614,57.12,15,10.88,72.56,7.57,57.53
301171,20260317,47.47,4.08,-0.04,48.01,49.25,47.45,63,8.16,0.432,0.03,-1.27,44.992,-12.019,50.53,57.21,14.77,10.69,72.4,5.21,56.93
301171,20260318,48.28,4.64,0.17,48.32,48.55,47,4.34,6.28,0.019,0.011,5,51.711,-9.951,51.857,57.21,14.77,10.13,68.59,14.88,55.53
301171,20260319,46.79,4.35,-0.22,47.56,47.76,46.5,4.2,6.08,0.018,-0.051,6.48,41.79,-12.109,52.931,57.01,14.54,10.19,70.06,2.43,54.22
301171,20260320,45.46,4.78,-0.04,47.11,47.29,45.35,4.38,6.35,-0.207,-0.035,4.58,31.259,-13.909,53.41,56.82,14.96,10.18,68.02,0.25,53.22
301171,20260323,42.7,6.34,0.01,45,45.42,42.41,5.7,8.25,0.014,-0.026,2.19,13.409,-18.009,52.018,56.8,17.89,11.55,64.58,0.54,53.32
301171,20260324,43.43,5.95,0.11,43.42,43.53,42.3,5.12,7.41,0.117,0.001,-1.854,26.284,-15.58,51.659,56.69,18.09,12.14,67.14,6.63,52.98
301171,20260325,44.25,4.97,0.08,43.4,45.19,43.4,5.47,7.17,0.316,0.005,1.37,37.24,-12.973,50.899,56.9,18.09,13.12,72.57,11.13,52.57
301171,20260326,43.6,5.26,-0.07,44.26,45.07,43.36,4.06,5.33,0.068,-0.03,2.21,35.024,-13.558,52.03,38.39,18.09,12.83,70.94,8.29,51.27
301171,20260327,44.06,5.29,0.13,43.1,44.43,43.04,3.76,4.93,0.237,-0.006,7.78,41.058,-11.984,53.2,38.46,17.83,12.54,70.32,13.46,49.92
301171,20260330,44.5,6.19,0.18,43.86,44.55,43.2,3.87,5.07,0.354,-0.001,12.91,45.682,-10.502,53.853,38.48,17.83,11.64,65.29,20.29,48.82
301171,20260331,45.93,7.36,0.29,44.2,47.12,44.12,12.48,16.36,0.763,0.06,14.55,58.777,-6.05,43.634,39.19,17.28,9.92,57.42,31.69,54.05
301171,20260401,45.07,7.65,-0.15,46.74,46.88,44.5,11.31,14.83,-0.59,-0.114,4.73,60.822,-6.909,39.285,39.14,16.69,9.04,54.2,25.73,57.32
301171,20260402,42.4,7.12,-0.63,44.96,44.96,42.18,9.3,12.19,-0.321,-0.101,1.64,47.453,-11.305,38.594,38.65,16.28,9.16,56.26,1.36,58.65
301171,20260403,41.3,7.38,-0.04,42.94,42.95,41.3,6.11,8.01,0.097,-0.061,0.58,41.025,-12.723,41.014,38.54,16.96,9.58,56.46,0,57.81
301171,20260407,41.93,7.34,0.1,41.74,43.25,41.33,4.8,6.29,0.244,0.052,0.23,48.99,-10.693,44.024,38.53,16.42,9.08,55.31,3.72,56.3
301171,20260408,48.88,7.73,1.78,43.69,48.99,43.19,20.12,26.38,0.925,0.137,1.14,63.055,4.506,32.911,39.49,14.94,7.21,48.22,73.93,64.64
301171,20260409,46.13,7.09,-0.73,47,47.69,45.7,15.67,20.54,0.089,-0.058,3.82,81.786,-1.285,30.754,39.34,13.3,6.21,46.68,45.31,67.95
301171,20260410,45.88,6.63,-0.16,46.4,46.97,45.82,8.83,11.57,-0.341,-0.123,3.55,83.94,-1.678,33.958,39.31,12.02,5.39,44.84,39.05,67.04
301171,20260413,45.5,6.25,-0.09,45,46.26,44.51,6.96,9.13,0.084,-0.026,3.56,84.263,-2.223,37.563,39.36,11.37,5.12,45.04,35.4,65.36
301171,20260414,47.96,5.44,0.98,46.42,49.02,46.41,15.79,20.7,1.26,0.202,6.66,84.296,2.772,33.867,40.2,10.48,5.04,48.1,74.98,68.54
301171,20260415,46.1,5.39,-0.96,48.21,48.26,45.82,9.93,13.01,-0.169,-0.149,3.08,89.771,-1.345,35.63,39.65,9.82,4.43,45.13,36.92,68.05
301171,20260416,47.58,4.15,0.8,46.81,48.48,46.81,10.83,14.2,1.024,0.147,8.06,89.803,1.683,36.265,40.05,8.1,3.95,48.72,68.9,68.1
301171,20260417,48.94,3.65,0.5,46.82,49.16,46.5,12.89,16.9,0.887,0.078,12.57,86.528,4.197,35.358,40.68,7.33,3.68,50.18,89.44,69.13
301171,20260420,50.89,4.24,-0.04,48.71,52.6,48.48,17.03,22.32,-0.461,0.122,8.75,78.806,6.994,32.278,40.96,9.15,4.91,53.71,87.93,71.89
301171,20260421,49.22,3.8,-0.37,50.89,50.89,48.8,11.25,14.75,-0.318,-0.249,2.82,90.151,2.736,34.01,40.67,8.7,4.9,56.29,73.05,71.32
301171,20260422,48.74,3.73,-0.25,49.11,49.92,48.03,9.16,12,-0.349,-0.126,2.28,92.741,1.49,36.544,40.36,8.31,4.58,55.1,63,69.94
301171,20260423,47.6,3.82,-0.57,49.2,49.48,47.49,10.97,14.38,-0.708,-0.137,-4.16,95.509,-0.989,37.093,40.23,7.94,4.12,51.84,40.17,69.65
301171,20260424,45.66,3.24,-0.62,46.89,47,44.96,9.83,12.88,-0.353,-0.189,-9.49,88.596,-4.588,38.243,39.74,7.43,4.19,56.33,15.42,68.89
301171,20260427,44.71,2.81,-0.15,45.26,45.65,44.25,5.98,7.84,-0.021,-0.026,-11.18,77.706,-6.149,41.813,39.61,7.38,4.57,61.88,9.48,66.45
301171,20260428,32.2,3.61,-0.2,33.01,33.72,32.01,8.15,10.68,0.157,-0.076,0,32.283,-11.088,42.682,39.03,8.85,5.24,59.15,1.75,65.47
301171,20260429,33.47,2.91,0.31,32.01,33.92,32.01,7.07,9.26,0.267,0.046,-5.85,61.625,-6.773,44.129,44.35,9.14,6.23,68.11,15.63,64.09
301171,20260430,33.47,2.58,0.04,33.31,33.98,32.94,4.52,5.92,-0.179,-0.025,-2.7,63.605,-6.389,47.348,44.22,9,6.42,71.35,17.33,61.58
301171,20260506,35.83,2.62,0.68,33.99,37.02,33.99,9.82,12.87,1.608,6.993,8.29,94.701,0.514,44.78,44.67,8.62,6,69.57,47.87,62.4
301171,20260507,43,3.79,1.11,36.51,43,35.81,19.09,25.01,3.854,0.107,19.74,16.822,17.389,35.741,47.13,10.8,7.01,64.89,99.98,68.2
301171,20260508,42.9,3.38,-0.67,45.05,46.28,42.81,30.13,39.47,-1.878,0.001,6.65,43.425,9.277,25.036,46.08,15.53,12.15,78.25,69.23,77.58
301171,20260511,42.89,3.76,-0.23,43.01,44.39,42.65,17.57,23.03,0.534,-0.017,6.16,53.97,7.166,26.27,46.2,15.11,11.35,75.11,58.82,78.15
301171,20260512,42.72,3.89,-0.09,42.54,43.68,41.89,12.89,16.89,-0.369,0.009,5.21,60.953,5.693,29.394,45.91,14.43,10.54,73.03,54.57,76.84
301171,20260513,43.18,4.38,0.28,42.37,43.56,41.01,15.09,19.77,-0.301,0.005,2.87,66.249,5.736,30.379,45.95,13.92,9.54,68.58,67.26,76.68
301171,20260514,39.94,4.94,-0.82,44.38,44.68,39.9,15.5,20.3,-1.152,-0.235,-6.66,70.81,-2.771,30.843,44.86,13.28,8.34,62.78,30.39,76.71
301171,20260515,43.7,6.36,0.98,40.51,46,40,23.25,30.46,2.29,0.178,2.36,78.44,5.674,27.241,46.34,12.25,5.89,48.07,75.77,79.7
301329,20250912,21.03,2.58,,21.2,21.26,20.93,3.54,4.2,0.036,-0.004,7.77,93.858,0.472,54.479,62.4,6.45,3.87,60,57.57,39.12
301329,20250915,21.09,2.21,0.04,20.99,21.25,20.79,3.53,4.19,0.51,0.04,14.18,93.762,0.726,54.396,62.47,5.97,3.76,62.97,60.25,38.78
301329,20250916,21.31,1.99,0.21,20.99,21.31,20.92,2.85,3.38,0.116,-0.016,16.9,92.784,1.767,55.402,62.45,5.75,3.76,65.44,73.67,37.97
301329,20250917,21.36,2.01,0,21.37,21.64,21.27,3.41,4.05,0.247,0.051,16.82,92.868,1.862,55.142,62.49,5.65,3.64,64.49,73.88,37.68
301329,20250918,21.02,1.92,-0.35,21.39,21.68,20.93,5.26,6.23,0.369,-0.047,17.99,94.823,0.139,51.879,62.52,5.45,3.53,64.84,51.91,38.85
301329,20250919,20.93,1.92,-0.09,21.12,21.38,20.72,3.14,3.73,0.004,-0.018,18.78,95.321,-0.298,52.942,62.52,5.34,3.42,64,46.44,38.25
301329,20250922,20.98,1.92,0.05,21.01,21.23,20.71,2.56,3.04,0.025,0.038,13.26,95.421,-0.061,54.664,62.53,5.23,3.31,63.27,49.34,37.27
301329,20250923,20.59,1.69,-0.25,21,21.08,19.9,4.73,5.61,0.107,-0.037,11.29,96.799,-1.843,52.272,62.6,5,3.31,66.1,33.88,38.08
301329,20250924,20.98,1.81,0.3,20.6,21.05,20.35,3.62,4.3,0.007,-0.02,7.58,96.029,0.072,52.371,62.56,5.01,3.2,63.76,52.54,37.94
301329,20250925,20.58,1.81,-0.32,20.91,21.02,20.54,3.73,4.42,-0.556,0.007,-7.92,97.146,-1.769,52.264,62.46,4.9,3.09,62.98,32.5,37.89
301329,20250926,20.18,1.82,-0.25,20.64,20.64,20.06,2.9,3.44,-0.107,-0.095,-10.69,99.108,-3.553,53.511,62.48,4.91,3.09,62.84,16.69,37.22
301329,20250929,20.49,1.56,0.23,20.18,20.56,19.99,2.8,3.32,0.097,0.023,-9.24,97.939,-1.935,54.586,62.48,4.8,3.24,67.46,30.84,36.53
301329,20250930,20.35,1.68,-0.11,20.46,20.59,20.26,2.78,3.3,0.354,-0.035,-5.5,98.861,-2.493,55.38,62.55,4.81,3.13,65,23.85,35.91
301329,20251009,20.19,1.57,-0.12,20.47,20.58,20.14,3.57,4.23,0.127,-0.03,-3.35,99.381,-3.101,54.517,62.6,4.7,3.13,66.69,16.56,35.98
301329,20251010,20.01,1.45,-0.1,20.19,20.22,19.91,3.59,4.25,0.128,-0.048,6.29,98.212,-3.749,53.831,62.73,4.59,3.14,68.46,10.44,36.05
301329,20251013,19.81,1.92,-0.02,19.81,19.95,18.88,4.81,5.71,-0.052,0.036,8.12,94.579,-4.33,51.259,62.76,5.26,3.34,63.6,9.14,37.08
301329,20251014,19.61,2.06,-0.02,20.1,20.1,19.56,4.61,5.47,0.099,-0.074,6.52,89.157,-4.981,49.863,62.89,5.49,3.43,62.52,7.8,37.82
301329,20251015,19.63,1.84,0.03,19.61,19.83,19.45,4.58,5.42,0.37,0.072,7.9,90.369,-4.511,49.005,62.93,5.61,3.77,67.23,9.65,38.45
301329,20251016,19.68,1.75,0.04,19.7,19.96,19.45,3.75,4.44,0.306,0.005,10.74,92.291,-4.004,49.693,62.93,5.52,3.77,68.28,11.88,38.35
301329,20251017,19.18,1.72,-0.13,19.6,19.73,19.18,3.73,4.42,0.083,-0.07,9.75,73.781,-6.113,50.236,63.01,5.72,4,69.89,3.49,38.26
301329,20251020,19.58,1.76,0.16,19.48,19.7,19.21,3.6,4.26,0.246,0.076,15.06,89.792,-3.89,50.853,63.02,5.88,4.12,70.01,13.42,38.07
301329,20251021,19.95,1.87,0.26,19.66,19.98,19.56,3.6,4.27,-0.025,0.044,14.49,98.001,-1.903,51.296,62.95,5.89,4.02,68.14,29.56,37.91
301329,20251022,20.04,1.88,0.07,19.95,20.26,19.78,3.65,4.33,0.255,0.068,13.13,99.198,-1.354,51.532,62.94,5.78,3.9,67.41,34.24,37.81
301329,20251023,21.85,1.69,0.93,20.16,22.13,20.1,22.22,26.34,4.712,0.532,26.21,88.249,6.33,30.253,64.66,5.76,4.07,70.64,94.42,52.05
301329,20251024,20.79,1.58,-0.73,21.73,21.8,20.65,20.32,24.09,-1.279,-0.497,11.61,100,0.179,24.798,64.28,5.41,3.83,70.69,47.74,60.56
301329,20251027,20.86,1.84,0.09,20.89,21,20.43,12.38,14.68,0.568,-0.045,10.7,100,0.416,27.185,64.26,5.34,3.5,65.62,53.65,62.38
301329,20251028,20.69,2.01,-0.16,20.7,20.85,20.52,8.16,9.67,0.159,-0.181,10.03,100,-0.36,31.521,64.06,5.25,3.24,61.79,43.61,61.68
301329,20251029,20.39,2.09,-0.3,20.7,20.75,20.33,6.04,7.16,-0.384,-0.268,7.57,100,-1.719,36.154,63.98,5.17,3.08,59.58,24.23,60.02
301329,20251030,21.03,2.24,0.62,20.68,21.6,20.45,16.12,18.73,1.531,0.312,-0.18,99.936,1.253,32.341,67.72,4.91,2.67,54.42,66.01,63.76
301329,20251031,21.12,2.21,0.04,21.03,21.38,20.8,9.25,10.74,0.113,0.057,6.39,99.841,1.504,34.789,67.65,4.73,2.52,53.23,68.72,63.27
301329,20251103,21.22,2.29,0.09,21.04,21.29,20.72,7.77,9.03,0.198,0.15,6.33,99.75,1.821,37.588,67.64,4.65,2.36,50.71,75.07,62.16
301329,20251104,21.22,2.2,-0.04,21.22,21.46,21.07,6.87,7.99,0.401,-0.071,7.66,99.767,1.652,40.289,67.59,4.47,2.27,50.79,72.61,60.78
301329,20251105,21.48,2.12,0.23,21.08,21.56,20.96,7.47,8.68,0.473,0.138,11.46,98.994,2.698,41.744,67.78,4.3,2.18,50.78,88.47,59.92
301329,20251106,21.9,1.83,0.12,21.48,22,21.37,8.96,10.41,1.057,0.147,11.52,95.829,4.246,41.524,67.87,4.26,2.43,56.92,96.69,59.96
301329,20251107,21.47,1.68,-0.29,21.82,21.88,21.38,6.84,7.95,-0.609,-0.16,7.96,99.181,1.916,43.141,67.53,4.18,2.5,59.76,77.24,58.9
301329,20251110,21.41,1.59,-0.09,21.47,21.59,21.3,5.14,5.97,-0.357,-0.1,4.73,99.415,1.506,45.797,67.32,4.01,2.42,60.29,71.27,57.09
301329,20251111,21.63,1.51,0.14,21.5,22.2,21.47,9.83,11.42,0.756,0.097,6.73,98.698,2.247,43.357,67.59,4.16,2.65,63.82,80.74,58.1
301329,20251112,21.53,1.53,-0.15,21.7,21.93,21.44,5.14,5.97,-0.269,-0.02,3.05,99.171,1.62,45.909,67.5,4.08,2.55,62.59,70.89,56.4
301329,20251113,21.5,1.53,-0.04,21.44,21.64,21.29,4.46,5.18,-0.194,-0.062,-5.88,99.286,1.396,48.444,67.4,4,2.47,61.75,67.92,54.55
301329,20251114,21.75,1.41,0.24,21.38,22.14,21.3,6.4,7.43,0.708,0.06,4.24,98.254,2.421,48.26,67.44,3.91,2.5,64,84.18,54.04
301329,20251117,21.62,1.5,-0.13,21.73,21.74,21.45,4.33,5.03,-0.126,-0.116,5.68,99.038,1.682,50.242,67.36,3.92,2.42,61.76,75.27,52.4
301329,20251118,22.95,3.52,0.25,21.6,23.74,21.37,21.66,25.17,3.85,0.38,16.99,87.377,6.495,35.184,69.18,6.73,3.21,47.74,92.5,61.37
301329,20251119,22.56,1.86,-0.19,22.71,23.12,22.27,16.39,19.05,0.872,-0.204,15.12,95.549,3.593,31.899,69.21,6.15,4.29,69.79,79.59,64.91
301329,20251120,22.18,2.06,-0.26,22.6,22.98,22.1,13.86,16.1,0.253,-0.046,13.69,97.548,1.35,31.784,69.36,5.92,3.86,65.16,61.3,66.37
301329,20251121,21.78,2.04,-0.24,21.74,23.2,21.5,14.17,16.46,0.485,-0.131,11.2,99.047,-0.378,31.701,69.39,5.67,3.63,63.99,44.91,67.64
301329,20251124,22,2.14,0.05,22.2,22.6,21.82,13.01,15.12,0.722,0.121,11.72,98.598,0.453,32.468,69.9,5.44,3.3,60.62,48.53,68.12
301329,20251125,22.45,2.12,0.26,22.13,22.77,22.1,14.66,17.04,0.611,0.299,6.29,98.005,2.181,32.092,70.2,5.09,2.97,58.37,66.86,69.2
301329,20251126,21.66,2.07,-0.6,22.45,22.68,21.6,12.97,15.07,-0.79,-0.362,2.69,99.735,-1.475,32.944,69.61,4.76,2.69,56.4,24.75,69.32
301329,20251127,22.15,1.97,0.34,21.58,22.6,21.53,13.32,15.48,0.169,0.104,2.86,99.49,0.843,33.349,69.53,4.45,2.48,55.76,48.49,69.56
301329,20251128,22.57,1.88,0.46,22.11,22.62,21.8,11.41,13.25,1.197,0.02,5.06,99.702,2.512,34.808,69.68,4.12,2.24,54.4,80.49,68.95
301329,20251201,23.15,1.68,0.17,22.57,23.5,22.46,17.75,20.63,0.612,0.207,4.58,97.273,4.295,31.973,70.3,4.48,2.8,62.48,92.14,71.15
301329,20251202,23.67,2.04,-0.03,23,24.27,22.8,22.92,26.63,2.173,0.237,6.96,95.3,5.187,27.717,71.24,5.66,3.62,63.86,90.29,74.82
301329,20251203,23.74,2.25,-0.28,23.52,25.2,23.33,29.12,33.84,0.075,0.495,7.88,97.524,3.773,22.91,71.45,6.98,4.73,67.79,70.42,79.53
301329,20251204,23.29,2.49,-0.27,23.63,23.74,23.06,17.72,20.59,0.448,-0.266,7.27,99.713,1.285,25.339,70.92,6.72,4.23,62.93,51.28,78.89
301329,20251205,24.12,2.38,0.47,23.44,24.35,22.61,18.86,21.92,1.585,0.071,7.31,96.165,4.132,26.415,71.59,6.11,3.73,61.05,84.61,78.77
301329,20251208,23.8,2.4,-0.15,23.71,24.02,23.21,17.26,20.06,-0.774,-0.19,5.05,99.683,2.237,27.834,71.52,5.69,3.29,57.72,74.23,78.19
301329,20251209,25.42,3.43,0.09,23.8,27.07,23.62,39.16,45.51,2.502,0.737,5.25,85.795,6.577,19.349,73.7,8.93,5.5,61.54,80.61,84.84
301329,20251210,24.88,3.37,-0.25,25.64,25.82,24.24,27.96,32.49,-2.29,-0.584,1.53,95.454,2.466,19.816,72.67,8.18,4.81,58.82,62.67,85.36
301329,20251211,25.6,2.04,0.17,24.44,26.66,23.88,34.83,40.47,0.816,0.456,2.41,93.645,4.241,17.867,73.16,6.78,4.74,69.86,75.39,87.37
301329,20251212,25.78,2.28,0.02,25.02,26.41,24.25,31.24,36.3,-0.233,-0.051,0.66,95.766,3.782,18.176,72.88,6.13,3.85,62.8,76.75,87.68
301329,20251215,24.71,2.32,-0.57,25.4,25.4,24.51,20.08,23.33,-0.775,-0.389,0.45,100,-0.712,22.005,72.49,5.54,3.22,58.17,35.09,85.38
301329,20251216,22.5,2.49,-0.44,24.1,24.17,22.16,22.24,25.85,-0.871,-0.667,-4,51.351,-8.175,23.555,71.09,7.3,4.81,65.95,3.88,84.29
301329,20251217,22.09,2.3,0.03,22.62,22.76,21.61,15.17,17.62,-0.11,-0.176,-1.79,45.991,-8.51,27.264,70.81,8.61,6.31,73.28,6.24,81.72
301329,20251218,22.43,2.18,0.17,22,23.28,21.73,14.15,16.44,0.82,0.104,-3.03,61.939,-5.918,30.145,70.59,8.64,6.46,74.75,18.06,79.47
301329,20251219,24.28,2.45,0.53,22.78,25.2,22.78,27.33,31.76,3.562,0.146,2.42,96.682,2.244,25.77,70.94,8.08,5.63,69.76,55.67,81.82
301329,20251222,23.87,2.73,-0.17,24.25,24.44,23.6,16.69,19.39,-0.562,-0.189,3.28,97.489,0.272,27.966,70.72,7.76,5.03,64.85,43.91,80.27
301329,20251223,23.81,3.12,-0.05,23.79,24.49,23.5,14.23,16.54,0.289,0.035,6.86,97.417,0.024,30.481,71.37,7.54,4.42,58.64,40.21,78.38
301329,20251224,24.17,3.2,0.27,23.7,24.37,23.42,12.91,15,0.394,0.318,8.7,98.584,1.455,32.771,71.79,7.17,3.97,55.36,59.89,76.5
301329,20251225,23.75,3.4,-0.37,23.94,24.21,23.73,12.45,14.46,-0.487,-0.229,5.83,97.713,-0.321,34.507,71.42,6.78,3.38,49.87,33.58,74.86
301329,20251226,24.7,3.41,0.63,23.76,25.17,23.5,22.71,26.39,2.428,0.241,4.45,96.264,3.217,29.967,72.46,6.23,2.82,45.3,79.47,77.26
301329,20251229,23.86,3.23,-0.63,24.69,24.8,23.71,14.35,16.67,-2.058,-0.39,1.24,99.2,-0.528,31.565,71.8,5.74,2.51,43.79,33.91,76.1
301329,20251230,23.26,2.88,-0.33,23.58,24.51,23.23,12.3,14.3,-0.801,-0.116,-1.16,97.479,-2.704,33.665,71.89,5.29,2.41,45.57,10.48,74.5
301329,20251231,23.54,2.41,0.1,23.67,24.59,23.27,13.05,15.16,0.645,0.201,-0.91,98.657,-1.345,34.613,71.94,4.73,2.32,49.04,17.77,73.5
301329,20260105,23.72,2.07,0.17,23.96,24.14,23.36,11.71,13.61,-0.653,0.084,-0.62,99.175,-0.579,35.974,71.84,4.18,2.11,50.42,29.65,72.22
301329,20260106,23.91,1.75,0.26,23.65,24.18,23.27,14.97,17.39,0.639,-0.061,-5.91,99.632,0.275,34.869,72.11,3.76,2.01,53.5,48.54,72.47
301329,20260107,23.2,1.65,-0.57,23.9,23.9,23.1,12.89,14.98,-2.37,-0.232,-6.31,98.612,-2.521,35.351,71.94,3.68,2.03,54.98,7.53,71.85
301329,20260108,24.05,1.61,0.86,23.02,24.27,22.93,17.88,20.77,2.472,0.286,2.37,99.956,1.285,32.705,71.75,3.53,1.92,54.4,69.04,73.32
301329,20260109,25.49,2.82,0.21,24.48,26.77,24.24,30.51,35.46,1.968,0.378,4.36,97.055,5.45,24.781,71.76,6.38,3.56,55.73,84.32,79.14
301329,20260112,26.4,1.18,0.15,25.81,26.46,25.42,23.41,27.21,0.701,0.374,5.76,75.57,6.97,24.173,72.18,6.23,5.05,81.01,95.16,80.38
301329,20260113,25.14,1.25,-0.61,26.14,26.45,25.05,15.65,18.19,-1.253,-0.447,2.59,99.04,1.17,27.157,71.48,6.14,4.89,79.66,51.58,78.89
301329,20260114,25.46,1.33,0.07,25.34,26.23,24.89,14.37,16.7,1.025,0.11,7.02,99.302,2.088,29.701,71.88,5.86,4.53,77.2,56.34,77.36
301329,20260115,25.47,1.57,-0.02,25.2,26.06,24.95,11.91,13.84,0.694,-0.024,4.82,99.812,1.908,32.612,72.58,5.76,4.19,72.85,55.07,75.37
301329,20260116,26.78,2.77,0.58,25.67,26.89,25.25,24.28,28.21,0.941,0.641,4.13,82.941,5.718,28.06,74.76,6.08,3.31,54.47,98.33,78.15
301329,20260119,25.75,3.19,-0.58,26.11,26.21,25.5,16.52,19.19,-1.423,-0.235,0.11,99.031,1.204,29.248,74.49,5.81,2.62,45.03,55.17,77.49
301329,20260120,25.36,3.27,-0.31,25.7,25.95,25,11.57,13.45,-0.783,-0.363,1.1,100,-0.374,32.464,74.18,5.67,2.4,42.29,32.03,75.36
301329,20260121,25.47,3.3,0.13,25.1,25.55,24.92,8.15,9.47,-0.158,0.029,-1.13,100,0.122,36.584,74.18,5.62,2.32,41.37,41.38,72.44
301329,20260122,26.98,2.68,0.69,25.32,27.5,25.22,26.81,31.15,4.063,0.329,4.75,91.568,5.16,28.622,75.7,5.35,2.67,49.84,93.74,77.19
301329,20260123,26.93,1.74,0,26.84,26.94,26.12,20.69,24.04,-1.535,-0.556,-0.77,93.902,3.8,27.551,75.28,4.47,2.73,61.21,93.94,78.16
301329,20260126,25.7,2.2,-0.85,27.71,28.2,25.52,18.32,21.29,-1.476,-0.119,-0.69,99.731,-1.54,28.061,74.7,5.02,2.82,56.11,30.33,78.08
301329,20260127,25.46,2.66,-0.06,25.72,25.73,24.24,11.96,13.9,-0.123,-0.2,0.52,98.789,-2.197,31.441,74.33,5.8,3.14,54.06,26.24,75.96
301329,20260128,24.82,2.22,-0.22,25.5,25.55,24.71,8.31,9.65,-0.83,-0.283,-0.9,93.541,-4.346,35.744,74.19,5.59,3.37,60.37,9.9,73
301329,20260129,24.04,2.15,-0.1,24.6,25.18,24,8.81,10.23,-0.444,-0.188,-11.33,74.713,-6.746,38.527,74.14,5.85,3.7,63.22,2.54,70.72
301329,20260130,24.38,2.38,0.13,24.34,24.49,23.57,6.75,7.84,-0.351,0.09,-10.37,86.927,-5.006,41.862,74.17,6.37,3.99,62.58,12.35,68
301329,20260202,23.89,1.86,-0.11,24.01,24.55,23.85,6.03,7.01,-0.137,0.039,-8.76,72.873,-6.458,44.807,74.14,6.35,4.49,70.64,4.03,65.38
301329,20260203,24.47,1.72,0.26,24.17,24.47,24.02,6.28,7.3,0.206,0.072,-7.76,90.819,-3.832,46.717,74.1,6.13,4.41,71.86,23.21,63.25
301329,20260204,25.21,1.71,0.3,24.4,25.27,24.21,9.96,11.58,1.815,0.167,5.49,98.193,-0.616,44.876,74.5,5.92,4.21,70.99,45.81,63.2
301329,20260205,24.51,1.7,-0.28,24.84,24.98,24.4,5.51,6.4,-0.671,-0.182,5.27,93.018,-3.193,47.247,74.43,5.8,4.1,70.74,24.81,61.01
301329,20260206,24.5,1.82,0.01,24.4,24.85,24.12,4.61,5.36,-0.085,0.05,7.07,93.166,-3.037,49.771,74.36,5.83,4.01,68.86,25.63,58.65
301329,20260209,24.87,1.75,0.2,24.79,24.97,24.56,4.55,5.29,-0.133,0.129,8.21,96.656,-1.472,51.658,74.32,5.55,3.8,68.46,40.67,56.57
301329,20260210,24.6,1.84,-0.18,24.86,24.95,24.59,4.32,5.02,-0.128,-0.136,5.51,94.827,-2.429,53.236,74.38,5.56,3.72,66.85,27.17,54.61
301329,20260211,24.25,1.94,-0.21,24.59,24.67,24.21,4.47,5.19,-0.479,-0.083,-13.68,89.587,-3.637,54.147,74.24,5.47,3.53,64.63,11.36,52.99
301329,20260212,24.48,2.03,0.19,24.25,24.66,24.11,3.84,4.47,-0.11,-0.014,-8.96,94.268,-2.562,55.449,74.23,5.48,3.45,62.99,25.47,51.19
301329,20260213,24.2,2.12,-0.21,24.48,24.7,24.1,4.04,4.69,-0.128,-0.041,-10.14,89.505,-3.509,56.079,74.05,5.38,3.26,60.65,9.74,49.73
301329,20260224,24.7,2.22,0.43,24.46,24.87,24.35,4.98,5.78,0.121,0.092,-7.62,96.304,-1.38,55.222,73.95,5.4,3.18,58.87,41.83,49.03
301329,20260225,25,2.32,0.24,24.7,25.02,24.57,5.33,6.2,0.118,0.053,-3.48,98.237,-0.124,54.016,73.96,5.31,2.99,56.41,59.38,48.65
301329,20260226,25.81,2.23,0.27,25.01,25.84,24.78,10.44,12.13,0.751,0.326,7.04,100,2.888,47.071,74.11,5.12,2.89,56.44,79.18,51.59
301329,20260227,25.74,2.16,-0.01,25.5,25.75,25.21,16,8.32,-0.284,-0.155,4.29,100,2.394,46.111,74.01,5.05,2.89,57.31,78.52,51.98
301329,20260302,24.57,2.06,-0.71,25.31,25.55,24.14,7.96,9.25,-0.614,-0.166,1.13,96.743,-2.176,44.641,73.85,4.86,2.8,57.61,26.38,52.79
301329,20260303,23.18,2.75,-0.34,24.59,24.79,22.98,8.95,10.4,-0.527,-0.189,-2.45,74.73,-7.154,42.735,73.74,5.7,2.95,51.71,1.03,54.06
301329,20260304,23.09,3.66,0.03,22.9,23.32,22.82,78,5.55,-0.025,-0.105,-3.77,72.492,-7.032,45.445,73.71,6.8,3.14,46.12,3.26,52.69
301329,20260305,23.77,3.1,0.12,23.46,24.19,23.46,6.93,8.06,0.471,0.092,-7.08,89.655,-3.841,45.244,73.7,6.57,3.47,52.87,11.96,52.77
301329,20260306,24,3.01,0.1,23.58,24.05,23.55,3.91,4.54,0.046,0.015,-5.49,92.554,-2.711,48.205,73.7,6.6,3.59,54.34,19.18,51.04
301329,20260309,23.68,2.66,-0.07,23.77,24,23.16,5.31,6.17,-0.209,-0.029,-2.59,89.888,-3.733,48.838,73.61,6.5,3.84,59.19,14.29,50.38
301329,20260310,24.63,2.56,0.52,23.79,24.68,23.79,7.09,8.24,0.188,0.201,4.09,97.952,0.287,47.275,73.37,6.19,3.63,58.73,52.77,50.91
301329,20260311,24.5,2.55,-0.12,24.56,25.32,24.37,5.48,6.37,0.191,-0.076,5.65,97.651,-0.233,47.913,73.38,6.08,3.53,57.99,44.09,50.37
301329,20260312,23.83,2.43,-0.38,24.51,24.51,23.77,5,5.81,0.234,-0.138,2.91,92.82,-2.852,48.877,73.58,5.85,3.42,58.49,16.29,49.6
301329,20260313,23.45,2.3,-0.12,23.72,23.97,23.41,3.99,4.63,-0.133,-0.086,1.06,90.245,-4.189,50.713,73.49,5.73,3.43,59.81,7.48,48.3
301329,20260316,23.7,2.19,0.12,23.45,23.73,23.29,2.86,3.33,-0.047,-0.016,2.51,92.316,-3.018,53.459,73.52,5.76,3.57,62.09,16.07,46.43
301329,20260317,23.03,2.06,-0.2,24,24.19,22.99,4.16,4.83,0.007,-0.138,-1.8,82.085,-5.541,53.766,73.66,5.64,3.58,63.52,1.69,45.62
301329,20260318,23.71,1.94,0.27,23.21,23.73,23.04,3.79,4.41,0.324,0.143,1.52,92.98,-2.544,54.41,73.7,5.52,3.58,64.86,21.66,44.66
301329,20260319,23.06,2.07,-0.25,23.4,23.65,22.9,4.21,4.89,-0.382,-0.038,-4.14,84.233,-4.944,54.215,73.65,5.65,3.58,63.38,3.04,44.1
301329,20260320,22.15,2.32,-0.04,23.29,23.37,22.13,4.58,5.32,-0.092,-0.018,-2.86,52.55,-8.292,53.474,73.69,6.13,3.81,62.08,0.08,43.86
301329,20260323,20.55,4.38,0.01,21.68,21.8,20.33,6.28,7.29,-0.315,-0.019,-4.94,8.35,-13.894,50.58,73.67,8.66,4.28,49.42,0.95,44.83
301329,20260324,21.65,5.78,0.13,20.98,21.73,20.66,5.31,6.17,-0.065,0.043,-3.87,40.503,-8.503,49.815,73.5,10.36,4.58,44.18,10.48,45
301329,20260325,22.21,5.06,0.06,21.83,22.3,21.7,17,4.85,-0.192,0.026,-9.96,62.725,-5.722,50.712,73.46,10.14,5.08,50.06,14.97,44.37
301329,20260326,23.26,4.26,0.23,22.21,23.5,21.8,10.26,11.92,2.081,0.058,10.5,89.342,-0.739,43.925,74.32,9.84,5.58,56.7,32.42,48
301329,20260327,22.35,3.91,-0.21,23.26,24.34,22.18,13.72,15.94,0.155,-0.062,8.2,76.602,-4.122,36.934,74.58,9.25,5.34,57.7,16.96,53.18
301329,20260330,22.24,3.55,0.03,22.04,22.37,21.85,6.22,7.23,-0.283,0.075,8.5,75.023,-4.168,39.519,74.19,9.1,5.55,61.01,18.91,52.77
301329,20260331,22.04,3.3,-0.05,22.14,22.64,22.04,4.73,5.5,0.437,0.063,10.96,70.567,-4.718,42.822,74.22,8.91,5.61,62.9,15.21,51.53
301329,20260401,22.53,3.28,0.18,22.5,22.73,22.22,4.82,5.61,0.648,0.044,15.01,85.064,-2.419,45.2,74.25,8.73,5.45,62.38,28.87,50.51
301329,20260402,22,3.09,-0.22,22.5,22.6,21.83,3.66,4.25,-0.225,-0.093,4.89,71.885,-4.529,48.233,74.16,8.55,5.46,63.92,12.22,48.89
301329,20260403,21.63,2.88,-0.08,22.11,22.27,21.6,2.65,3.08,-0.042,-0.08,6.69,62.805,-5.946,51.737,74.16,8.34,5.46,65.53,6.18,46.82
301329,20260407,21.92,2.89,0.08,21.92,22.18,21.72,2.26,2.62,-0.057,0.015,12.39,71.222,-4.532,54.974,74.16,8.37,5.48,65.54,11.97,44.71
301329,20260408,23.25,2.89,0.54,22.64,23.26,22.43,5.1,5.92,0.329,0.005,8.61,93.348,1.266,53.41,74.19,8.21,5.32,64.79,52.01,44.75
301329,20260409,22.89,2.74,-0.12,22.95,23.23,22.69,4.26,4.95,-0.413,-0.063,-8.95,92.688,-0.291,53.362,74,7.9,5.16,65.26,43.45,44.21
301329,20260410,22.97,2.74,0.02,23.09,23.25,22.88,2.96,3.44,0.004,0.024,-3.92,93.481,0.043,55.09,74,7.72,4.98,64.45,45.13,42.85
301329,20260413,22.57,2.94,-0.19,22.9,22.96,22.26,4.94,5.74,-0.772,-0.099,-11.8,90.191,-1.626,53.42,62.78,7.75,4.81,62.13,33.46,43.02
301329,20260414,22.85,2.94,0.18,22.81,22.87,22.56,3.58,3.95,0.19,0.033,-7.98,93.289,-0.378,54.105,62.84,7.57,4.63,61.24,44.52,41.94
301329,20260415,22.8,2.74,-0.05,22.86,23.24,22.78,3.68,4.06,0.1,0.075,-10.56,93.26,-0.569,54.407,62.89,7.41,4.67,62.95,41.18,41.2
301329,20260416,23.2,2.94,0.29,22.98,23.29,22.74,3.05,3.36,0.227,0.101,-1.2,95.306,1.141,55.516,62.91,7.44,4.5,60.52,59.67,40.11
301329,20260417,23.46,2.58,0.13,23.2,23.6,22.97,4.1,4.52,0.52,0.014,4.87,96.691,2.161,54.635,62.98,6.92,4.34,62.67,67.75,39.87
301329,20260420,23.77,2.79,0.11,23.44,23.81,23.4,3.28,3.62,0.243,0.055,21.34,96.034,3.358,55.193,63.03,6.94,4.15,59.85,74.87,39.09
301329,20260421,23.84,2.8,0.04,23.6,23.85,23.44,3.24,3.58,0.079,0.03,20.67,95.966,3.491,55.6,63.03,6.76,3.96,58.59,77.16,38.37
301329,20260422,23.8,2.82,-0.02,23.76,23.85,23.5,2.93,3.24,0.016,-0.014,19.12,96.2,3.157,56.344,63.01,6.78,3.96,58.39,76.1,37.51
301329,20260423,23.26,3,-0.34,23.8,23.89,23.18,3.19,3.52,-0.053,-0.086,12.24,96.944,0.711,56.396,62.9,6.78,3.78,55.76,54.73,36.92
301329,20260424,23.3,2.82,0.03,23.55,23.55,22.95,3.25,3.58,0.232,-0.039,8.2,97.116,0.806,56.253,62.93,6.6,3.78,57.28,56.48,36.45
301329,20260427,23.64,3.03,0.24,23.3,23.67,23.12,3.11,3.43,-0.061,0.15,4.44,96.967,2.195,56.31,62.95,6.63,3.6,54.4,71.28,35.92
301329,20260428,23.25,2.94,-0.3,23.56,23.73,23.22,3.1,3.42,0.181,-0.03,0,97.932,0.447,56.295,63.02,6.42,3.48,54.15,52.64,35.45
301329,20260429,24.73,1.77,0.51,24.65,25.16,24.41,16.99,18.74,0.839,-0.012,7.22,88.137,5,37.168,63.1,6.43,4.66,72.47,85.1,45.33
301329,20260430,25.24,2.07,0.18,24.79,25.36,24.45,11.46,12.84,0.97,0.156,11.81,79.367,6.038,34.206,64.01,6.68,4.61,69.12,96.6,49.47
301329,20260506,25.85,2.29,-0.03,25.36,26.2,25.32,12.22,13.7,0.576,0.129,11.44,65.473,7.169,32.368,64.08,7.85,5.56,70.92,94.92,53.11
301329,20260507,25.87,1.89,-0.08,25.8,26.1,25.8,7.15,8.02,-0.046,0.087,10.14,67.472,6.475,35.417,63.91,7.77,5.88,75.73,89.92,53.11
301329,20260508,26.3,2.26,0.14,25.8,26.43,25.66,7.32,8.21,-0.337,0.115,8.11,58.87,7.433,37.547,63.71,8.09,5.83,72.07,98.79,53.21
301329,20260511,26.44,2.27,-0.02,26.26,26.68,25.85,7.77,8.71,0.082,-0.089,6.97,59.586,7.101,38.758,63.82,8.36,6.09,72.77,97.45,53.55
301329,20260512,26.3,2.32,-0.09,26.39,26.79,26,5.97,6.69,-0.055,-0.006,2.29,64.499,5.929,41.265,63.81,8.63,6.31,73.17,91.98,52.81
301329,20260513,26.61,2.34,0.06,26.18,26.85,26.05,5.92,6.63,0.109,0.075,-0.39,62.501,6.609,43.155,63.82,8.65,6.31,72.97,95.66,52.15
301329,20260514,26.55,2.47,-0.1,26.64,27.16,26.41,7.07,7.92,0.232,-0.012,0.82,65.481,5.672,43.416,63.84,9.06,6.59,72.73,89.16,52.25
301329,20260515,26.1,2.48,-0.29,26.47,26.85,25.93,6.66,7.46,0.315,-0.107,3.76,74.756,3.428,44.02,63.76,8.89,6.41,72.14,70.72,52.09
688499,20250916,72.73,3.96,,73.65,73.65,70.78,6.47,11.11,-0.057,0.005,-3.2,61.64,5.136,41.931,63.52,16.4,12.44,75.85,51.23,72.51
688499,20250917,72.85,4.19,0.01,72.4,74.54,70.83,6.99,11.99,0.084,0.081,-4.08,64.634,4.844,43.693,63.62,16.14,11.95,74.03,51.92,70.9
688499,20250918,72.27,4.83,-0.1,72.49,75.63,70.96,8.64,14.82,-0.272,-0.021,-3.6,68.063,3.533,43.519,63.48,15.63,10.8,69.09,45.52,70.57
688499,20250919,69.36,5.32,-0.23,71,73.65,69.18,7.34,12.6,-0.295,-0.105,-2.79,62.185,-0.686,44.424,63.28,15.51,10.19,65.66,31.14,69.53
688499,20250922,70.8,5.54,0.07,68.8,71.98,68.8,4.39,7.54,0.066,0.051,-1.56,69.281,1.379,47.642,63.33,15.26,9.72,63.71,35.79,66.88
688499,20250923,72.59,6.51,0.29,70.53,73.88,68.34,7.88,13.53,-0.057,0.017,-1.4,74.895,3.678,46.661,63.29,15.26,8.75,57.36,54.08,66.92
688499,20250924,74.03,8.9,0.24,72,75.5,69.9,7.9,13.56,0.393,0.023,-0.49,76.473,5.266,45.886,63.4,14.64,5.74,39.2,69.37,66.95
688499,20250925,71.16,9.11,-0.53,73.2,73.79,71.13,63,9.67,-0.662,-0.17,-2.47,76.871,0.986,47.411,63.08,14.33,5.22,36.41,35.84,65.5
688499,20250926,69.01,9.12,-0.21,70.35,73.01,69,4.28,7.34,-0.086,-0.061,-1.78,72.404,-2.002,49.835,63.03,14.15,5.03,35.57,22.72,63.36
688499,20250929,71.85,9.34,0.38,69.9,72.51,69.01,4.91,8.43,0.466,0.111,0.03,80.253,1.987,50.908,63.25,14.21,4.87,34.26,47.02,61.99
688499,20250930,72.23,9.17,0.07,71.09,73.79,71.09,4.77,8.19,-0.042,0.06,0.23,81.936,2.411,51.765,63.26,13.8,4.63,33.54,51.72,60.72
688499,20251009,71.27,9.17,-0.26,73.6,74.01,71.25,5.34,9.17,-0.322,-0.016,-3.43,81.774,0.848,51.647,63.09,13.63,4.46,32.75,35.61,60.08
688499,20251010,61.7,8.16,-0.39,71,71,61.5,8.43,14.46,-1.033,-0.213,-4.34,20.263,-12.069,48.015,62.46,13.16,5,37.97,11.26,61.9
688499,20251013,63.96,6.81,0.14,57.61,64.25,57.61,4.57,7.84,0.009,0.02,-3.69,32.113,-8.066,49.647,62.46,13.45,6.64,49.35,19.92,60.5
688499,20251014,60.25,4.75,-0.17,63.58,64.95,59.87,4.22,7.25,0.059,-0.053,-6.45,26.055,-12.827,51.196,62.46,13.21,8.46,64.04,9.43,59.05
688499,20251015,61.78,4.41,0.12,60.06,61.8,59.5,2.76,4.73,0.101,0.031,-6.86,29.312,-10.192,54.096,62.46,13.27,8.86,66.81,16.86,56.66
688499,20251016,60.5,3.44,-0.1,61.83,63.22,60.41,3.09,5.3,0.046,-0.054,-6,30.441,-11.611,55.843,62.55,12.98,9.54,73.47,10.85,54.83
688499,20251017,57.84,3.62,-0.12,60.36,61.6,57.8,2.89,4.95,-0.193,-0.066,-0.56,27.859,-15.002,57.39,62.43,13.38,9.76,72.98,3.32,53.06
688499,20251020,59.95,3.4,0.12,58.68,61.29,58.5,3.23,5.54,0.081,0.065,0.28,34.19,-11.351,57.97,62.42,13.43,10.03,74.69,11,51.8
688499,20251021,59.39,2.88,-0.01,59,59.93,58.35,3.34,5.83,-0.079,-0.053,-0.95,35.983,-11.621,58.119,62.43,13.14,10.26,78.1,10.25,50.86
688499,20251022,58.16,2.99,-0.1,58.95,59.68,57.58,2.65,4.63,-0.038,-0.026,-2.79,35.289,-12.994,59.217,55.74,13.49,10.5,77.8,4.77,49.41
688499,20251023,58.94,2.72,0.12,58.59,59.1,57.65,2.45,4.27,0.104,-0.009,-1.98,38.55,-11.418,60.301,55.81,13.49,10.77,79.86,11.26,47.93
688499,20251024,60.87,2.38,0.25,59.25,61.5,58.6,3.17,5.53,0.306,0.024,3.67,42.259,-8.069,59.763,56,13.25,10.87,81.99,25.5,47.33
688499,20251027,59.98,2.34,-0.1,62.33,62.33,59.37,3.36,5.87,-0.024,-0.09,1.18,43.52,-9.04,58.901,56,13.25,10.91,82.34,19.78,47
688499,20251028,59.48,2.34,-0.06,59.5,60.99,58.6,3.14,5.49,-0.177,-0.018,0.59,45,-9.349,58.529,55.92,13.25,10.91,82.34,16.35,46.49
688499,20251029,62.35,2.35,0.43,59.47,62.73,58.8,5,8.74,0.395,0.061,4.52,49.496,-4.424,54.982,56.16,13.07,10.72,82.03,40.58,47.9
688499,20251030,60.51,2.3,-0.26,62.2,62.23,60.51,3.5,6.11,-0.051,-0.058,2.72,50.292,-6.931,54.884,56.18,13.07,10.77,82.38,25.96,47.63
688499,20251031,61.85,2.3,0.23,60.9,64.89,60.66,5.1,8.91,0.442,0.064,3.69,53.393,-4.43,52.207,56.36,12.83,10.53,82.05,38.74,48.96
688499,20251103,59.1,2.32,-0.46,61.22,61.24,57.89,4.28,7.48,-0.405,-0.099,1.23,53.887,-8.233,51.584,56.23,12.89,10.57,82.06,12.81,49.29
688499,20251104,56.87,2.54,-0.19,59.3,59.3,56.26,3.24,5.66,-0.297,-0.036,0.48,48.02,-11.236,52.708,56.09,13.07,10.53,80.56,1.97,48.58
688499,20251105,57.25,3.08,0.05,55.01,57.8,55,2.78,4.86,0.05,-0.016,-2.48,51.185,-10.132,54.244,56.11,13.85,10.77,77.75,4.72,47.52
688499,20251106,57.42,2.86,0.02,56.66,59.28,56.66,2.55,4.46,-0.246,0.012,-3.53,53.108,-9.462,55.746,56.02,13.91,11.05,79.48,5.93,46.37
688499,20251107,57.15,3.2,0.01,57.14,58.34,55.72,2.78,4.86,-0.06,-0.039,-10.06,53.497,-9.468,56.43,56.02,14.21,11.01,77.44,6.49,45.58
688499,20251110,55.7,3.27,-0.08,58.02,59.04,55,3.41,5.95,-0.297,-0.032,-9.21,44.913,-11.256,55.755,55.91,14.52,11.25,77.44,2.08,45.53
688499,20251111,55.86,2.67,0.01,55.75,57.2,55.73,2.21,3.85,0.093,0.036,-5.16,47.776,-10.626,57.368,55.9,14.21,11.54,81.18,2.87,44.26
688499,20251112,54.26,3.17,-0.03,55.5,55.5,53.72,2.56,4.48,-0.063,-0.075,-7.15,33.696,-12.713,57.856,55.86,14.95,11.78,78.77,1.2,43.5
688499,20251113,56.35,3.23,0.16,54.11,57.38,54.11,4.03,7.04,0.08,0.039,-3.06,54.873,-8.639,55.373,55.9,15.2,11.97,78.74,10.29,44.37
688499,20251114,58,2.66,0.24,56.2,59.67,55.01,5.51,9.63,0.707,0.002,4.32,63.525,-5.302,51.101,56.17,14.95,12.29,82.2,23.73,46.64
688499,20251117,58.8,2.87,0.14,57.55,60.18,57.55,4.29,7.49,-0.013,0.086,6.96,66.912,-3.642,50.241,56.17,14.89,12.02,80.72,31.8,47.32
688499,20251118,57.27,3.06,-0.27,58.35,60.67,57.05,5,8.73,-0.247,-0.012,3.39,65.23,-5.729,48.604,56.07,14.66,11.6,79.13,16.77,48.6
688499,20251119,56.01,3.82,-0.15,56.94,59.13,55.6,3.31,5.77,-0.073,-0.004,3.61,60.566,-7.436,50.063,56.01,14.7,10.88,74.01,8.35,48.04
688499,20251120,54.68,4.78,-0.11,55.87,57.49,54.48,2.45,4.28,-0.009,-0.036,2.83,50.479,-9.302,52.514,56.02,14.7,9.92,67.47,2.11,46.73
688499,20251121,50.28,3.67,-0.04,53.8,54.2,50.19,19,7.32,-0.152,-0.094,-3.95,8.857,-15.77,51.464,55.94,15.77,12.1,76.73,0.09,47.3
688499,20251124,56.13,7.03,0.33,53,57.5,53,8.1,14.14,1.162,0.08,4.02,66.424,-4.867,45.068,56.3,16.19,9.16,56.55,18.49,51.63
688499,20251125,57.19,7.74,0.19,56.15,59.15,55.69,5.99,10.46,0.473,0.032,8.78,71.508,-2.691,44.056,56.51,15.92,8.18,51.39,28.96,53.13
688499,20251126,54.8,8.25,-0.35,56.88,56.88,54.58,4.08,7.14,-0.193,-0.064,7.51,61.868,-6.443,45.887,56.45,16,7.75,48.45,9.37,52.68
688499,20251127,54.95,8.52,0.02,54.8,56.8,54.53,3.75,6.56,-0.005,-0.025,7.11,64.34,-5.817,47.71,56.41,15.72,7.2,45.77,10.68,52
688499,20251128,56.1,8.49,0.23,54.74,56.5,54.51,2.95,5.15,0.195,0.033,10.29,71.9,-3.608,50.209,56.5,15.72,7.23,46,23.51,50.68
688499,20251201,54.75,9.12,-0.24,55.84,56.47,54.35,3.26,5.69,-0.26,-0.091,0.97,65.413,-5.669,51.624,56.43,15.8,6.68,42.3,9.8,49.81
688499,20251202,53.48,9.05,-0.11,54.2,54.85,53.29,2.15,3.75,-0.105,-0.015,-5.1,55.45,-7.612,54.429,56.41,15.8,6.75,42.74,3.84,48
688499,20251203,51.95,9.04,-0.04,53.42,54.1,51.72,2.23,3.89,-0.032,-0.04,-3.85,41.208,-9.943,56.429,56.42,16.07,7.03,43.74,1.55,46.48
688499,20251204,51.55,8.88,0.01,51.88,52.45,50.75,2.1,3.67,-0.109,-0.041,-6.07,37.978,-10.295,58.155,56.41,16.39,7.51,45.83,2.12,45
688499,20251205,54.45,9.52,0.24,51.62,54.57,51.07,3.59,6.28,0.536,0.084,-0.92,67.159,-4.786,56.592,56.66,17.43,7.91,45.4,15.79,45.21
688499,20251208,64.15,8.88,1.13,57,65.34,56.6,13.99,24.43,3.011,0.166,19.15,41.819,10.686,40.261,57.62,16.95,8.07,47.63,80.83,55.97
688499,20251209,61.49,8.91,-0.24,63.61,64.37,61.4,7.77,13.57,0.08,-0.073,15.65,66.375,5.067,39.164,57.54,16.74,7.83,46.74,67.18,58.22
688499,20251210,59.78,8.91,-0.2,61.97,62.36,59.07,4.89,8.55,-0.239,-0.09,13.33,77.389,1.827,41.662,57.48,16.54,7.63,46.14,55.85,57.7
688499,20251211,57.39,8.67,-0.35,59.58,59.91,57.33,4.33,7.56,-0.331,-0.07,11.63,77.121,-2.218,44.188,57.45,15.96,7.29,45.68,35.59,56.79
688499,20251212,57,9.18,-0.04,57,58.37,55.58,4.88,8.53,-0.141,-0.074,8.66,77.044,-2.665,45.423,57.53,16.27,7.09,43.59,33.48,56.48
688499,20251215,54.83,9.33,-0.35,56.9,56.9,54.61,3.57,6.23,-0.129,-0.1,-6.8,64.872,-6.123,47.967,57.56,16.15,6.82,42.25,13.43,55.12
688499,20251216,53.4,8.81,-0.11,55,55.03,52.74,2.89,5.05,-0.011,-0.076,-10.13,53.252,-8.261,50.779,57.62,15.94,7.13,44.72,7.06,53.36
688499,20251217,55.53,7.43,0.31,54.22,55.53,53.26,4.08,7.13,0.366,0.026,-4.68,71.658,-4.238,51.21,57.88,14.51,7.08,48.78,24.85,52.88
688499,20251218,53.82,5.99,-0.26,54.8,56.08,53.73,3.34,5.84,-0.181,-0.075,-3.47,61.232,-6.863,52.558,57.9,12.8,6.81,53.21,9.58,51.8
688499,20251219,54.1,5.74,0.04,54.1,54.87,53.8,2.42,4.24,-0.055,-0.004,-2.35,64.456,-6.138,54.931,57.94,12.58,6.84,54.41,12.13,50.02
688499,20251222,55.08,5.73,0.21,54.72,55.83,54,2.89,5.05,0.207,-0.003,2.09,71.669,-4.217,55.94,58.08,12.3,6.57,53.46,24.54,48.9
688499,20251223,56.62,5.12,0.31,55.08,58.32,55,5.38,9.4,0.665,0.067,8.69,82.02,-1.285,52.621,58.41,11.36,6.24,54.95,42.73,50.29
688499,20251224,57.89,5.13,0.23,55.96,58.17,55.96,3.84,6.71,0.275,0.049,8.15,85.988,0.978,52.642,58.5,11.15,6.02,53.96,56.03,50.02
688499,20251225,58.04,5.1,0.04,57.95,58.58,56.73,3.62,6.32,0.061,0.012,10.5,86.79,1.169,52.967,58.52,10.89,5.79,53.18,58.17,49.57
688499,20251226,57.93,4.61,-0.05,58.4,59.6,57.6,4.89,8.55,-0.048,0.037,9.16,87.381,0.863,51.218,58.45,10.31,5.7,55.23,55.34,50.4
688499,20251229,57.37,4.91,-0.14,57.61,58.94,56.68,3.41,5.96,-0.22,-0.039,5.76,86.92,-0.118,52.2,58.32,10.36,5.45,52.56,47.05,49.71
688499,20251230,58.63,4.64,0.32,56.76,59.14,56.43,3.59,6.27,0.223,0.041,2.96,89.549,2.048,52.616,58.38,9.87,5.23,52.97,65.7,49.28
688499,20251231,57.72,4.92,-0.24,58.5,59.39,57.4,2.55,4.46,-0.117,-0.036,-0.58,88.642,0.415,54.551,58.38,9.91,4.99,50.33,51.58,47.92
688499,20260105,61.47,3.9,0.55,57.98,62,56.93,6.18,10.8,0.792,0.025,4.67,74.63,6.508,50.172,58.65,9.1,5.2,57.11,83.69,50.26
688499,20260106,63.38,3.72,0.07,61.56,65.75,61.56,19,12.55,0.491,0.058,7.24,59.638,8.761,46.056,58.73,9.77,6.05,61.88,87.7,53.12
688499,20260107,63.01,2.81,-0.08,63,65.37,62.29,5.35,9.34,-0.127,-0.035,6.81,65.902,7.367,45.851,58.65,9.45,6.64,70.3,83.18,53.8
688499,20260108,62.69,2.67,-0.07,62.41,64.78,61.89,4.03,7.03,-0.066,-0.055,4.74,70.067,6.361,47.469,58.58,9.49,6.82,71.85,79.25,53.2
688499,20260109,63.6,2.26,0.09,62.7,64.59,61.9,4.31,7.52,0.06,0.028,5.48,63.673,7.365,48.298,58.6,9.22,6.96,75.55,84.71,52.93
688499,20260112,65,2.72,0.17,62.87,65.1,60.6,6.58,11.5,0.034,0.049,2.12,52.323,8.812,45.957,58.62,9.22,6.5,70.58,94.73,54.74
688499,20260113,64.62,3.08,-0.13,64.68,67.5,64.3,7.21,12.59,0.11,0.038,0.3,59.345,7.168,43.798,58.73,10.03,6.95,69.33,87.05,56.76
688499,20260114,65.44,3.38,0.02,63.96,69,63.2,7.64,13.35,0.11,-0.015,1.4,56.226,7.593,42.071,58.8,10.79,7.41,68.63,88.34,58.75
688499,20260115,66.85,2.59,0.04,66.32,68.26,65.8,6.73,11.76,0.408,0.031,3.42,53.093,8.84,42.06,59.16,10.8,8.21,76.04,90.64,59.61
688499,20260116,67.2,2.85,0.02,67,67.76,65.27,5.09,8.9,0.193,-0.009,3.68,54.689,8.62,43.895,59.24,10.8,7.95,73.68,92.09,59.03
688499,20260119,69.22,3.05,0.08,67.95,70.8,66.06,6.65,11.61,0.4,0.131,5.41,49.28,10.663,43.571,59.46,11.36,8.31,73.13,96.93,59.77
688499,20260120,63.36,3.28,-0.73,69,69.08,63.08,7.56,13.21,-0.926,-0.158,0.83,79.129,0.628,42.489,59.03,11.32,8.04,71.03,53.88,61.1
688499,20260121,64.64,3.26,0.19,62.8,65.5,62.58,3.67,6.4,0.048,0.018,0.78,73.005,2.592,45.938,58.97,11.36,8.1,71.3,64.8,59.19
688499,20260122,63.42,3.2,-0.21,63.38,65.77,62.8,3.59,6.28,-0.477,-0.049,-3.91,80.427,0.621,48.642,58.75,11.05,7.85,71.1,52.63,57.48
688499,20260123,68.55,3.35,0.72,63.92,69.39,63.79,7.3,12.74,1.195,0.114,1.71,62.791,8.15,46.196,59.14,11.3,7.95,70.34,94.98,59.04
688499,20260126,65.67,3.48,-0.46,71.3,71.85,65.34,5.59,9.77,-0.476,-0.104,-3.72,72.257,2.902,46.517,58.94,11.65,8.17,70.1,67.96,58.95
688499,20260127,64.24,3.67,-0.24,65.3,66.2,60.5,5.85,10.22,-0.5,-0.085,-1.26,79.543,0.529,46.464,58.75,11.46,7.79,68.03,54.08,59.07
688499,20260128,61.93,3.64,-0.33,63.88,63.95,61.5,3.45,6.03,-0.533,-0.046,-4.56,81.901,-3.006,49.242,58.59,11.22,7.58,67.57,34.78,57.27
688499,20260129,59.32,3.86,-0.16,61.66,62.44,59.25,3.99,6.97,-0.339,-0.087,-3.95,65.967,-6.792,50.634,58.51,11.26,7.4,65.69,25.29,56.15
688499,20260130,60.1,3.55,0.07,58.96,60.97,58.05,3.69,6.44,0.176,0.017,-12.75,73.321,-5.216,52.028,58.62,11.02,7.47,67.78,29.67,54.93
688499,20260202,58.89,3.84,-0.12,59.6,60.72,58.89,2.55,4.45,-0.019,-0.077,-11.65,64.243,-6.879,54.621,58.66,11.1,7.26,65.4,22.89,52.9
688499,20260203,62.05,3.75,0.35,60.29,62.3,59.74,3.95,6.9,0.539,0.07,-2.63,84.688,-1.68,54.463,58.82,10.83,7.08,65.33,43.28,52.36
688499,20260204,61.27,4.03,-0.09,61.78,62.2,60.36,2.4,4.19,-0.244,-0.041,0.07,82.033,-2.822,56.634,58.76,10.87,6.84,62.97,37.85,50.5
688499,20260205,60,4.06,-0.17,60.78,62.31,59.76,2.35,4.11,-0.013,-0.02,4.39,75.529,-4.682,58.327,58.79,10.95,6.89,62.96,27.87,48.8
688499,20260206,60.76,3.96,0.13,59.2,61.29,58.88,2.857,4.49,0.13,0.03,4.26,80.393,-3.28,59.171,58.8,10.64,6.68,62.84,35.39,47.52
688499,20260209,60.92,3.98,0.01,61.56,62.65,60.8,2.74,4.78,-0.004,-0.022,4.88,81.692,-2.914,59.417,58.74,10.71,6.73,62.83,36.19,46.54
688499,20260210,59.82,3.9,-0.18,60.81,61.43,59.71,2.23,3.9,-0.312,-0.091,-7.35,76.356,-4.527,60.432,58.61,10.45,6.55,62.68,25.85,45.19
688499,20260211,59.55,3.91,-0.03,59.82,60.39,59.16,1.64,2.86,0.066,-0.008,-3.13,75.083,-4.83,62.301,58.63,10.48,6.57,62.68,23.86,43.38
688499,20260212,59.69,4.16,0.03,59.51,60.06,58.9,1.91,3.34,0.07,0.01,-1.72,76.461,-4.455,63.106,58.65,10.52,6.36,60.5,25.79,42.04
688499,20260213,59.1,4.17,-0.1,59.6,60.69,59.05,1.65,2.88,-0.034,-0.019,-5.18,72.714,-5.26,64.2,58.67,10.56,6.39,60.5,20.19,40.57
688499,20260224,58.75,3.86,-0.04,60,60.29,58.17,70,2.97,-0.021,-0.004,-5.93,70.647,-5.681,64.824,58.67,10.25,6.39,62.28,17.93,39.31
688499,20260225,60.38,3.85,0.31,58.79,60.63,58.2,2.31,4.03,0.261,0.051,6.62,81.334,-2.886,63.745,58.76,10.32,6.47,62.71,36.43,38.85
688499,20260226,60.56,3.77,0.08,60.49,60.95,59.08,2.93,5.11,-0.004,-0.063,3.89,82.682,-2.458,61.376,58.79,10.06,6.29,62.5,41.17,39.14
688499,20260227,59.75,3.82,-0.21,60,60.49,59.2,1.9,3.31,-0.007,-0.067,1.5,79.139,-3.641,61.872,58.79,10.13,6.31,62.29,29.02,38.25
688499,20260302,57.08,3.58,-0.33,58.9,59.69,56.7,3.7,6.46,-0.109,-0.052,-0.03,62.147,-7.537,58.056,58.77,9.87,6.29,63.71,9.71,39.48
688499,20260303,53.1,4.17,-0.15,57.38,58.45,52.96,19,7.32,-0.464,-0.064,-5,20.378,-13.281,54.38,58.57,10.83,6.66,61.53,0.98,41.1
688499,20260304,52.49,4.25,0.01,52.31,53.5,52.01,2.53,4.41,-0.097,-0.056,-9.91,18.021,-13.694,55.087,58.56,11.34,7.09,62.5,1.35,40.68
688499,20260305,52.86,4.91,0.02,53.5,54.13,52.25,1.96,3.43,0.042,0.012,-9.27,22.059,-12.681,56.744,58.62,12.11,7.2,59.47,2.74,39.69
688499,20260306,53.77,4.46,0.08,52.82,54.13,52.14,1.96,3.42,0.104,0.041,-7.01,31.01,-10.781,57.976,58.66,12.06,7.6,63.04,7.55,38.81
688499,20260309,53.1,4.63,-0.02,52.7,53.7,50.97,2.69,4.7,-0.062,-0.02,-6.72,27.475,-11.337,57.237,58.68,12.56,7.93,63.15,6.43,38.84
688499,20260310,54.5,4.5,0.13,53.86,54.84,53.86,1.87,3.27,0.02,0.005,-0.06,43.906,-8.685,58.455,58.68,12.56,8.06,64.21,13.79,37.95
688499,20260311,55.56,3.33,0.08,54.62,56.77,54.21,3.14,5.48,0.138,0.053,4.63,58.005,-6.474,56.461,58.81,12.35,9.02,72.99,18.29,38.59
688499,20260312,56.1,3.2,0.05,55.31,56.65,55.01,2.54,4.44,0.148,0.055,6.09,62.982,-5.274,56.295,58.91,12.35,9.15,74.08,21.39,38.48
688499,20260313,55.26,3.45,-0.08,55.83,57.18,55.18,2.47,4.32,0.052,0.022,4.84,57.497,-6.412,56.294,58.95,12.4,8.95,72.17,16.87,38.3
688499,20260316,55.91,3.72,0.08,55.3,56.68,54.8,2.25,3.93,-0.043,0.028,5.63,63.499,-5.067,56.747,58.98,12.4,8.68,70.01,21.72,37.9
688499,20260317,54.2,3.37,-0.18,56,56.98,54.08,77,3.09,-0.058,0.011,4.87,46.778,-7.761,58.151,58.94,12.15,8.78,72.25,11.31,36.99
688499,20260318,53.73,3.31,-0.03,53.88,54.73,52.81,1.62,2.83,-0.105,-0.028,1.31,42.279,-8.309,59.547,58.89,12.19,8.88,72.8,9.33,36.01
688499,20260319,51.99,3.52,-0.13,53.06,53.58,51.69,79,3.13,-0.019,-0.056,-3.01,33.77,-10.942,60.123,58.89,12.4,8.88,71.6,1.68,35.33
688499,20260320,52.03,3.53,0.01,51.99,54.3,51.59,2.62,4.57,0.084,0.012,-2.92,35.774,-10.352,58.391,58.9,12.44,8.91,71.61,2.27,35.69
688499,20260323,50.27,3.73,-0.03,51.19,52.65,50,3.64,6.35,,,-3.74,26.323,-12.576,54.733,58.93,12.95,9.22,71.21,0.37,37.21
688499,20260324,49.97,3.99,0.03,51,51.59,47.51,3.79,6.62,,,-3.93,27.134,-12.287,51.991,58.91,13.83,9.84,71.15,2.36,38.69
688499,20260325,49.94,4.3,0.02,50,51.17,49,2.91,5.08,,,-2.27,29.121,-11.71,51.967,58.9,14.66,10.36,70.64,3.49,38.98
688499,20260326,48.76,4.04,-0.03,49.94,51.18,48.6,3.45,6.02,,,-3.54,24.214,-13.037,50.916,58.82,14.97,10.93,73.04,1.47,39.83
688499,20260327,50.63,4,0.16,48.17,51.1,48,3.39,5.93,,,-3.19,38.24,-8.976,50.36,58.75,15.27,11.27,73.81,10.87,40.52
688499,20260330,49.8,4.02,-0.05,50.37,50.66,48.33,2.55,4.46,,,-3.94,34.807,-10.015,51.641,58.75,15.34,11.32,73.82,8.02,40.19
688499,20260331,47.1,4.4,-0.14,50.1,50.22,47.03,3.15,5.51,,,-7.51,21.822,-14.242,51.434,58.55,15.97,11.57,72.4,0.07,40.56
688499,20260401,47.99,4.18,0.05,48.06,48.72,47.48,3.11,5.44,,,-8.34,28.825,-11.942,51.405,58.42,16.05,11.87,74,3.19,40.85
688499,20260402,45.33,4.44,-0.05,47.53,47.98,44.91,2.89,5.05,,,-8.84,16.739,-16.114,51.852,58.29,16.65,12.21,73.31,0.39,40.85
688499,20260403,44.4,4.8,0,45.36,46.5,44.19,2.09,3.64,-0.082,-0.012,-13.21,12.956,-17.252,53.797,58.23,17.25,12.45,72.17,0.18,39.98
688499,20260407,45.65,4.82,0.05,44.47,46.46,44.47,2.03,3.55,0.005,0.03,-11.87,22.355,-14.362,55.372,58.26,17.85,13.03,72.97,3.17,39.14
688499,20260408,47.85,5.52,0.13,46.95,47.89,46.49,2.28,3.98,0.097,0,-4.16,35.019,-9.774,55.997,58.35,18.48,12.96,70.14,11,38.68
688499,20260409,46.99,5.12,-0.06,47.62,47.71,46.65,70,2.97,-0.018,-0.025,-4.13,32.303,-11.062,57.744,58.35,18.57,13.45,72.45,7.55,37.61
688499,20260410,49.68,4.67,0.3,47.46,50.18,47.33,3.74,6.53,0.325,0.036,6.09,46.78,-5.393,54.41,58.5,17.83,13.16,73.83,24.96,38.98
688499,20260413,50.75,5.42,0.12,49.34,51.86,49.19,3.37,5.9,0.377,0.016,11.97,50.917,-3.046,52.913,58.66,18.36,12.94,70.44,32.19,39.76
688499,20260414,51.75,5.09,0.1,51.97,52.1,50.6,2.94,5.14,0.076,0.031,11.45,54.311,-1.081,52.759,58.7,17.8,12.71,71.41,38.3,39.95
688499,20260415,50.53,5.72,-0.15,51.78,52.07,50.31,2.67,4.67,-0.235,-0.038,6.52,53.207,-3.298,53.216,58.65,18.07,12.35,68.38,29.52,39.83
688499,20260416,51.13,6.09,0.1,51.08,52.09,50,2.97,5.18,-0.02,0.019,6.32,55.799,-2.022,52.957,56.4,18.16,12.07,66.45,35.35,40.04
688499,20260417,53.89,6.11,0.3,51.95,54.6,51.2,4.88,8.28,0.659,0.057,9.86,55.723,3.128,49.161,56.64,17.95,11.84,65.96,52.31,42.1
688499,20260420,54.39,5.52,0.03,54,55.62,53.46,3.94,6.69,0.077,0.09,7.23,57.95,3.789,48.437,56.74,17.48,11.96,68.45,54.17,42.95
688499,20260421,55.63,5.72,0.12,54.36,56.46,53.6,4.6,7.79,0.19,0.054,7.35,59.822,5.694,46.975,56.85,17.1,11.38,66.57,61.19,44.35
688499,20260422,55.85,6.03,0.02,55,57.1,54.27,3.41,5.78,0.072,0.027,9.49,60.477,5.747,48.027,56.91,17.53,11.5,65.6,62.27,44.35
688499,20260423,53.45,5.67,-0.33,55.73,55.73,53.2,3.67,6.22,-0.29,-0.082,6.23,62.867,0.965,48.423,56.81,17.06,11.39,66.75,43.58,44.61
688499,20260424,54.01,5.5,0.09,53.41,54.64,52.31,3,5.09,0.051,-0.015,1.51,64.045,1.938,49.884,56.86,16.6,11.1,66.83,48.93,44.17
688499,20260427,55.27,6.35,0.21,54.02,55.66,53.26,2.7,4.58,0.029,0.038,0.77,65.675,4.148,51.509,56.89,16.85,10.5,62.28,61.14,43.49
688499,20260428,53.42,6.91,-0.33,55.03,55.03,53.19,2.22,3.76,-0.179,-0.107,0,66.024,0.568,53.614,56.83,17.11,10.2,59.61,42.15,42.4
688499,20260429,55.45,7.07,0.39,53.15,55.83,52.6,3.44,5.83,0.181,0.063,-3.18,67.431,4.236,52.887,56.96,16.73,9.66,57.77,64.41,42.68
688499,20260430,54.11,7.27,-0.27,55.45,56.1,52.88,3.86,6.54,-0.341,-0.083,-3.67,68.422,1.495,51.62,56.89,16.35,9.08,55.52,49.18,43.36
688499,20260506,55.46,7.31,0.27,54.61,55.8,54.01,4.15,7.15,0.076,0.073,-2.32,69.974,3.764,50.268,61.68,16.14,8.83,54.74,65.77,44.37
688499,20260507,56.95,6.94,0.12,55.8,59.66,55.49,5.88,10.12,0.339,0.077,1.08,67.236,5.923,46.687,61.89,16.26,9.32,57.33,73.24,46.93
688499,20260508,55.93,6.96,-0.13,57.12,58.38,55.31,4.4,7.57,-0.351,-0.041,0.14,71.932,3.598,46.688,61.83,16.04,9.08,56.6,65.02,47.62
688499,20260511,55.67,6.71,-0.04,55.5,56.17,54.37,3.75,6.46,-0.088,-0.049,-2.46,73.588,2.908,47.739,61.81,15.74,9.03,57.37,62.4,47.57
688499,20260512,54.4,6.7,-0.29,55.98,56.19,53.86,3.19,5.5,-0.026,-0.06,-0.2,74.8,0.442,49.408,61.85,15.44,8.74,56.6,44.66,47
688499,20260513,55.5,6.65,0.26,54.5,56.19,53.7,3.89,6.7,0.062,0.031,-0.58,75.778,2.36,49.561,61.94,15.15,8.5,56.11,60.88,47.18
688499,20260514,53.25,6.64,-0.49,55.5,55.98,52.91,3.68,6.34,-0.183,-0.056,-6.17,75.616,-1.808,50.037,61.78,14.85,8.21,55.29,30.62,47.13
688499,20260515,54.5,6.63,0.26,53.56,55.75,52.89,4.39,7.56,0.482,-0.006,0.98,77.784,0.526,49.298,61.92,14.27,7.64,53.56,46.56,47.78
